"time","sds.I[1]","i_iss.to_SDS[1]","o_iss.to_SDS[1]","tep_fep.to_SDS[1]","tes.to_O_ISS[1]","tes.to_O_ISS[2]","tes.to_O_ISS[3]","wds.outflow[1]","wds.outflow[2]","wds.outflow[3]","wds.to_O_ISS[1]","wds.to_O_ISS[2]","wds.to_O_ISS[3]"
0,3000,0,0,0,0,0,0,0,0,0,0,0,0
1.208062546643608,2613.000803497299,0,0,0,0,0,0,0,0,0,0,0,0
1.208062546643608,2613.000803497299,0,0,0,0,0,0,0,0,0,0,0,0
3.161938424671097,2248.588530851079,0,0,155.2905022012753,0,0,0,0,0,0,0,0,0
3.161938424671097,2248.588530851079,8.600121115418891e-09,0,155.2905022012753,0,0,0,0,0,0,0,0,0
9.000000001100119,1711.985522976246,118.9337037536068,0,155.2945159744296,0,0,0,0,0,0,0,0,0
9.000000001100119,1711.985522976246,118.9337037536068,0,155.2945159744296,0,0,0,0,0,0,0,0,0
10,1873.955961573695,116.4757932257811,0,1.040352722394502,0,0,0,0,0,0,0,0,0
10.00000000200012,1873.955961808717,116.4757931917623,0,1.040352710229761,0,0,0,0,0,0,0,0,0
10.00000000200012,1873.955961808717,116.4757931917623,0,1.040352710229761,0,0,0,0,0,0,0,0,0
19.00000000410023,1508.619837836806,147.7191190845392,0,155.2945213176855,0,0,0,0,0,0,0,0,0
19.00000000410023,1508.619837836806,147.7191190845392,0,155.2945213176855,0,0,0,0,0,0,0,0,0
20,1696.060350748957,138.8931705145775,0,1.040314414087636,0,0,0,0,0,0,0,0,0
20.000000003,1696.060351168725,138.8931704467371,0,1.040314395841632,0,0,0,0,0,0,0,0,0
20.000000003,1696.060351168725,138.8931704467371,0,1.040314395841632,0,0,0,0,0,0,0,0,0
29.00000000610021,1410.941791582089,150.0812035167788,0,155.2945176145623,0,0,0,0,0,0,0,0,0
29.00000000610021,1410.941791582089,150.0812035167788,0,155.2945176145623,0,0,0,0,0,0,0,0,0
30,1600.472862210466,140.7327044158903,0,1.040282693869255,0,0,0,0,0,0,0,0,0
30.00000000400046,1600.472862777582,140.7327043235861,0,1.040282669538065,0,0,0,0,0,0,0,0,0
30.00000000400046,1600.472862777582,140.7327043235861,0,1.040282669538065,0,0,0,0,0,0,0,0,0
39.00000000810057,1321.940604064166,150.2752243814579,0,155.2945168509859,0,0,0,0,0,0,0,0,0
39.00000000810057,1321.940604064166,150.2752243814579,0,155.2945168509859,0,0,0,0,0,0,0,0,0
40,1511.643935990075,140.883799939439,0,1.040162367449055,0,0,0,0,0,0,0,0,0
40.0000000050001,1511.643936699661,140.8837998238807,0,1.040162337036246,0,0,0,0,0,0,0,0,0
40.0000000050001,1511.643936699661,140.8837998238807,0,1.040162337036246,0,0,0,0,0,0,0,0,0
40.35221814601164,1467.281516575176,132.4161825834428,0,114.4844931255964,0,0,0,0,0,0,0,0,0
40.35221814601164,1467.281516575176,132.4161825834428,0,114.4844931255964,3.166754821967326e-09,0,0,0,0,0,0,0,0
49.00000001010034,1233.657639086718,150.2910756999029,0,155.2945173176711,3.929305553829038,0,0,0,0,0,0,0,0
49.00000001010034,1233.657639086718,150.2910756999029,0,155.2945173176711,3.929305553829038,0,0,0,0,0,0,0,0
50,1423.375535743975,140.8961524321381,0,1.040282901975695,4.243242100024384,0,0,0,0,0,0,0,0
50.00000000600025,1423.375536595573,140.8961522934469,0,1.040282865486294,4.24324210175258,0,0,0,0,0,0,0,0
50.00000000600025,1423.375536595573,140.8961522934469,0,1.040282865486294,4.24324210175258,0,0,0,0,0,0,0,0
59.00000001210091,1145.438826498555,150.2923015995438,0,155.2945172717629,6.310322182897824,0,0,0,0,0,0,0,0
59.00000001210091,1145.438826498555,150.2923015995438,0,155.2945172717629,6.310322182897824,0,0,0,0,0,0,0,0
60,1335.158359827723,140.8971081666798,0,1.040340250099519,6.470447759516811,0,0,0,0,0,0,0,0
60.00000000700047,1335.158360821291,140.8971080048675,0,1.040340207523859,6.470447760496488,0,0,0,0,0,0,0,0
60.00000000700047,1335.158360821291,140.8971080048675,0,1.040340207523859,6.470447760496488,0,0,0,0,0,0,0,0
69.00000001410069,1057.230154791125,150.2924018912548,0,155.2945172718978,7.564732780645889,0,0,0,0,0,0,0,0
69.00000001410069,1057.230154791125,150.2924018912548,0,155.2945172718978,7.564732780645889,0,0,0,0,0,0,0,0
70,1246.950340078221,140.8971854612427,0,1.040353336742336,7.650902745450184,0,0,0,0,0,0,0,0
70.00000000800036,1246.950341213707,140.8971852763182,0,1.040353288082028,7.650902745998747,0,0,0,0,0,0,0,0
70.00000000800036,1246.950341213707,140.8971852763182,0,1.040353288082028,7.650902745998747,0,0,0,0,0,0,0,0
76.57106205670735,1009.36804816743,146.156873986877,0,155.2945144047018,8.104013798549978,0,0,0,0,0,0,0,0
76.57106205670735,1009.36804816743,146.156873986877,1.58349167143666e-09,155.2945144047018,8.104013798549978,0,0,0,0,0,0,0,0
79.00000001610155,969.9492760677572,150.2922587675234,0.7484927643028818,155.2945172567183,8.266333466338633,0,0,0,0,0,0,0,0
79.00000001610155,969.9492760677572,150.2922587675234,0.7484927643028818,155.2945172567183,8.266333466338633,0,0,0,0,0,0,0,0
80,1160.564717508842,140.897068920112,1.039431155744198,1.040293830203026,8.314987825303094,0,0,0,0,0,0,0,0
80.00000000900093,1160.564718795697,140.8970687120602,1.039431158316334,1.040293775460294,8.314987825593422,0,0,0,0,0,0,0,0
80.00000000900093,1160.564718795697,140.8970687120602,1.039431158316334,1.040293775460294,8.314987825593422,0,0,0,0,0,0,0,0
89.00000001810236,902.4178298606522,150.292389654383,3.239053914183935,155.2945172912246,8.680888369329505,0,0,0,0,0,0,0,0
89.00000001810236,902.4178298606522,150.292389654383,3.239053914183935,155.2945172912246,8.680888369329505,0,0,0,0,0,0,0,0
90,1095.481161333771,140.8971693951158,3.444000066178751,1.04020494360955,8.709346727703991,0,0,0,0,0,0,0,0
90.00000001000063,1095.481162787607,140.8971691639559,3.44400006819046,1.040204882784211,8.709346727830477,0,0,0,0,0,0,0,0
90.00000001000063,1095.481162787607,140.8971691639559,3.44400006819046,1.040204882784211,8.709346727830477,0,0,0,0,0,0,0,0
99.00000002010113,855.8671462292331,150.2925271109175,4.985184978400997,155.2945172181728,8.937177562283482,0,0,0,0,0,0,0,0
99.00000002010113,855.8671462292331,150.2925271109175,4.985184978400997,155.2945172181728,8.937177562283482,0,0,0,0,0,0,0,0
100,1050.646072368576,140.8972780688593,5.12856210954961,1.040156001329762,8.954105645127537,0,0,0,0,0,0,0,0
100.0000000110002,1050.646073986259,140.8972778145945,5.128562111096662,1.040155934428359,8.954105645143171,0,0,0,0,0,0,0,0
100.0000000110002,1050.646073986259,140.8972778145945,5.128562111096662,1.040155934428359,8.954105645143171,0,0,0,0,0,0,0,0
109.0000000221014,823.9808581828886,150.292451358303,6.201904307849379,155.294518124085,9.101120672035075,0,0,0,0,0,0,0,0
109.0000000221014,823.9808581828886,150.292451358303,6.201904307849379,155.294518124085,9.101120672035075,0,0,0,0,0,0,0,0
110,1019.954779556495,140.8972183318834,6.301833757007483,1.040150359394891,9.111115751260517,0,0,0,0,0,0,0,0
110.0000000120012,1019.954781335469,140.897218054481,6.301833758183059,1.040150286415678,9.111115751196378,0,0,0,0,0,0,0,0
110.0000000120012,1019.954781335469,140.897218054481,6.301833758183059,1.040150286415678,9.111115751196378,0,0,0,0,0,0,0,0
119.0000000241017,802.2920063698081,150.2924804353325,7.046508742020609,155.2945163520485,9.208539183339928,0,0,0,0,0,0,0,0
119.0000000241017,802.2920063698081,150.2924804353325,7.046508742020609,155.2945163520485,9.208539183339928,0,0,0,0,0,0,0,0
120,999.0954084392559,140.8972391957625,7.116040028384452,1.040164074482808,9.214189865269251,0,0,0,0,0,0,0,0
120.0000000130016,999.0954103771028,140.8972388952371,7.11604002926987,1.040163995409227,9.214189865144538,0,0,0,0,0,0,0,0
120.0000000130016,999.0954103771028,140.8972388952371,7.11604002926987,1.040163995409227,9.214189865144538,0,0,0,0,0,0,0,0
129.0000000261029,787.6735286845699,150.2925049604265,7.631386638210006,155.2945156853629,9.280062466192948,0,0,0,0,0,0,0,0
129.0000000261029,787.6735286845699,150.2925049604265,7.631386638210006,155.2945156853629,9.280062466192948,0,0,0,0,0,0,0,0
130,985.0512770711586,140.8972637814156,7.679760599384839,1.040154526279621,9.282907147353257,0,0,0,0,0,0,0,0
130.0000000140007,985.0512791658188,140.8972634577954,7.679760600047445,1.040154441137577,9.282907147180511,0,0,0,0,0,0,0,0
130.0000000140007,985.0512791658188,140.8972634577954,7.679760600047445,1.040154441137577,9.282907147180511,0,0,0,0,0,0,0,0
139.0000000281026,777.9479375205767,150.2923604362005,8.035762616618399,155.2945171501451,9.328184122088375,0,0,0,0,0,0,0,0
139.0000000281026,777.9479375205767,150.2923604362005,8.035762616618399,155.2945171501451,9.328184122088375,0,0,0,0,0,0,0,0
140,975.7225899479964,140.8971486550155,8.069458976363958,1.040254265131417,9.329178173670437,0,0,0,0,0,0,0,0
140.000000015,975.7225921980111,140.8971483082967,8.069458976857709,1.040254173899218,9.329178173458153,0,0,0,0,0,0,0,0
140.000000015,975.7225921980111,140.8971483082967,8.069458976857709,1.040254173899218,9.329178173458153,0,0,0,0,0,0,0,0
149.0000000301003,771.6023250627418,150.2923473069928,8.315037617577481,155.2945179349066,9.360775378464242,0,0,0,0,0,0,0,0
149.0000000301003,771.6023250627418,150.2923473069928,8.315037617577481,155.2945179349066,9.360775378464242,0,0,0,0,0,0,0,0
150,969.6511675744547,140.8971364410685,8.338573025215933,1.040253185807486,9.360531931209977,0,0,0,0,0,0,0,0
150.0000000160013,969.6511699789584,140.8971360712072,8.338573025583027,1.040253088485349,9.360531930964113,0,0,0,0,0,0,0,0
150.0000000160013,969.6511699789584,140.8971360712072,8.338573025583027,1.040253088485349,9.360531930964113,0,0,0,0,0,0,0,0
159.0000000321016,767.5904192229907,150.292343350103,8.507763160435525,155.2945164811669,9.38293973379376,0,0,0,0,0,0,0,0
159.0000000321016,767.5904192229907,150.292343350103,8.507763160435525,155.2945164811669,9.38293973379376,0,0,0,0,0,0,0,0
160,965.8284731194964,140.8971366934275,8.524274287136697,1.040268260530271,9.38186141347194,0,0,0,0,0,0,0,0
160.0000000170015,965.8284756774686,140.8971363004455,8.524274287409513,1.040268157124599,9.381861413196797,0,0,0,0,0,0,0,0
160.0000000170015,965.8284756774686,140.8971363004455,8.524274287409513,1.040268157124599,9.381861413196797,0,0,0,0,0,0,0,0
169.0000000341049,765.1885529908086,150.2923393077687,8.640683203332975,155.2945166553057,9.398051693476512,0,0,0,0,0,0,0,0
169.0000000341049,765.1885529908086,150.2923393077687,8.640683203332975,155.2945166553057,9.398051693476512,0,0,0,0,0,0,0,0
170,963.5570975137142,140.897133711675,8.65234320519615,1.040268350802612,9.396406973001781,0,0,0,0,0,0,0,0
170.0000000180015,963.5571002244459,140.8971332955787,8.652343205399296,1.040268241314916,9.396406972700454,0,0,0,0,0,0,0,0
170.0000000180015,963.5571002244459,140.8971332955787,8.652343205399296,1.040268241314916,9.396406972700454,0,0,0,0,0,0,0,0
179.0000000361023,763.8961823667836,150.2924931334241,8.732313438355,155.2945220946734,9.4083714371254,0,0,0,0,0,0,0,0
179.0000000361023,763.8961823667836,150.2924931334241,8.732313438355,155.2945220946734,9.4083714371254,0,0,0,0,0,0,0,0
180,962.3548185782647,140.8972550839621,8.740625552104254,1.040268377246114,9.406341121256766,0,0,0,0,0,0,0,0
180.0000000190002,962.3548214410612,140.897254644781,8.74062555225623,1.040268261684322,9.40634112093154,0,0,0,0,0,0,0,0
180.0000000190002,962.3548214410612,140.897254644781,8.74062555225623,1.040268261684322,9.40634112093154,0,0,0,0,0,0,0,0
189.0000000381007,763.3698731639939,150.2924160018584,8.795455379384297,155.2945171473951,9.415425586927197,0,0,0,0,0,0,0,0
189.0000000381007,763.3698731639939,150.2924160018584,8.795455379384297,155.2945171473951,9.415425586927197,0,0,0,0,0,0,0,0
190,961.8904225705842,140.8971938590616,8.801458316741343,1.040268325103471,9.413132189466884,0,0,0,0,0,0,0,0
190.0000000200012,961.8904255854166,140.8971933967437,8.801458316855987,1.040268203453572,9.413132189119352,0,0,0,0,0,0,0,0
190.0000000200012,961.8904255854166,140.8971933967437,8.801458316855987,1.040268203453572,9.413132189119352,0,0,0,0,0,0,0,0
199.0000000401016,763.3704037397919,150.2924102533249,8.838951618592045,155.2945171377904,9.420250334338281,0,0,0,0,0,0,0,0
199.0000000401016,763.3704037397919,150.2924102533249,8.838951618592045,155.2945171377904,9.420250334338281,0,0,0,0,0,0,0,0
200,961.933642920156,140.8971894235306,8.843362534259992,1.040268265371846,9.417777208946015,0,0,0,0,0,0,0,0
200.0000000210006,961.933646086518,140.8971889381109,8.84336253434755,1.040268137643164,9.417777208577412,0,0,0,0,0,0,0,0
200.0000000210006,961.933646086518,140.8971889381109,8.84336253434755,1.040268137643164,9.417777208577412,0,0,0,0,0,0,0,0
209.0000000421021,763.7339588600885,150.2924103560584,8.868905688420154,155.2945171258113,9.423551465253331,0,0,0,0,0,0,0,0
209.0000000421021,763.7339588600885,150.2924103560584,8.868905688420154,155.2945171258113,9.423551465253331,0,0,0,0,0,0,0,0
210,962.326597502251,140.8971895539347,8.872219429185185,1.040268206272854,9.420955456119444,0,0,0,0,0,0,0,0
210.0000000220006,962.3266008200122,140.8971890454019,8.872219429253219,1.040268072462445,9.420955455730645,0,0,0,0,0,0,0,0
210.0000000220006,962.3266008200122,140.8971890454019,8.872219429253219,1.040268072462445,9.420955455730645,0,0,0,0,0,0,0,0
219.0000000441034,764.3477429831075,150.2923476505382,8.889528203494043,155.2945174581156,9.425810656786402,0,0,0,0,0,0,0,0
219.0000000441034,764.3477429831075,150.2923476505382,8.889528203494043,155.2945174581156,9.425810656786402,0,0,0,0,0,0,0,0
220,962.9605591756887,140.8971383033772,8.892086056493497,1.040278824641176,9.423130585176937,0,0,0,0,0,0,0,0
220.0000000230022,962.9605626449576,140.8971377716921,8.892086056547569,1.040278684737771,9.423130584768536,0,0,0,0,0,0,0,0
220.0000000230022,962.9605626449576,140.8971377716921,8.892086056547569,1.040278684737771,9.423130584768536,0,0,0,0,0,0,0,0
229.0000000461059,765.1333320056733,150.2923416387565,8.903722666249989,155.294517395804,9.427356962189171,0,0,0,0,0,0,0,0
229.0000000461059,765.1333320056733,150.2923416387565,8.903722666249989,155.294517395804,9.427356962189171,0,0,0,0,0,0,0,0
230,963.7600983292856,140.8971279634006,8.905759911809156,1.04014299630372,9.424619369648092,0,0,0,0,0,0,0,0
230.0000000240007,963.7601019494762,140.8971274086364,8.905759911853311,1.040142850339743,9.424619369220606,0,0,0,0,0,0,0,0
230.0000000240007,963.7601019494762,140.8971274086364,8.905759911853311,1.040142850339743,9.424619369220606,0,0,0,0,0,0,0,0
239.0000000481049,766.0372771073238,150.2923416038731,8.913490412541854,155.2945174525447,9.428415422189186,0,0,0,0,0,0,0,0
239.0000000481049,766.0372771073238,150.2923416038731,8.913490412541854,155.2945174525447,9.428415422189186,0,0,0,0,0,0,0,0
240,964.6735964221477,140.8971337003317,8.915169195131952,1.040278802806099,9.425638462644331,0,0,0,0,0,0,0,0
240.0000000250024,964.6736001936627,140.8971331224141,8.915169195169151,1.040278650737436,9.425638462198041,0,0,0,0,0,0,0,0
240.0000000250024,964.6736001936627,140.8971331224141,8.915169195169151,1.040278650737436,9.425638462198041,0,0,0,0,0,0,0,0
249.0000000501036,767.0226531641733,150.2923419936521,8.92021048391508,155.2945174809436,9.429139985525561,0,0,0,0,0,0,0,0
249.0000000501036,767.0226531641733,150.2923419936521,8.92021048391508,155.2945174809436,9.429139985525561,0,0,0,0,0,0,0,0
250,965.6655650298709,140.8971336381315,8.921642510559609,1.040268278495448,9.426336080268893,0,0,0,0,0,0,0,0
250.0000000260004,965.6655689521011,140.8971330371452,8.921642510592001,1.040268120357613,9.426336079804102,0,0,0,0,0,0,0,0
250.0000000260004,965.6655689521011,140.8971330371452,8.921642510592001,1.040268120357613,9.426336079804102,0,0,0,0,0,0,0,0
259.0000000521011,768.0640007292575,150.2923461310689,8.924832833692378,155.2945173396948,9.429635996478739,0,0,0,0,0,0,0,0
259.0000000521011,768.0640007292575,150.2923461310689,8.924832833692378,155.2945173396948,9.429635996478739,0,0,0,0,0,0,0,0
260,966.7114474800982,140.8971388154835,8.926095040846686,1.040268396959591,9.426813646344797,0,0,0,0,0,0,0,0
260.0000000270018,966.71145155351,140.8971381913507,8.926095040875826,1.040268232731209,9.426813645861612,0,0,0,0,0,0,0,0
260.0000000270018,966.71145155351,140.8971381913507,8.926095040875826,1.040268232731209,9.426813645861612,0,0,0,0,0,0,0,0
269.000000054104,769.1438620729896,150.2923466776752,8.928011651186795,155.2945173333369,9.429975556204448,0,0,0,0,0,0,0,0
269.000000054104,769.1438620729896,150.2923466776752,8.928011651186795,155.2945173333369,9.429975556204448,0,0,0,0,0,0,0,0
270,967.7944221088444,140.8971393052117,8.929157013514976,1.040268484544009,9.42714057954092,0,0,0,0,0,0,0,0
270.0000000280031,967.7944263334032,140.8971386579332,8.929157013541982,1.040268314225216,9.427140579039476,0,0,0,0,0,0,0,0
270.0000000280031,967.7944263334032,140.8971386579332,8.929157013541982,1.040268314225216,9.427140579039476,0,0,0,0,0,0,0,0
279.000000056106,770.2501691179357,150.2923467011898,8.930197331347673,155.2945173287894,9.430208015157461,0,0,0,0,0,0,0,0
279.000000056106,770.2501691179357,150.2923467011898,8.930197331347673,155.2945173287894,9.430208015157461,0,0,0,0,0,0,0,0
280,968.9028703703256,140.8971386316096,8.931262315340554,1.040252843414267,9.427364394720103,0,0,0,0,0,0,0,0
280.000000029003,968.9028747457954,140.8971379612181,8.931262315366236,1.040252667012665,9.427364394200504,0,0,0,0,0,0,0,0
280.000000029003,968.9028747457954,140.8971379612181,8.931262315366236,1.040252667012665,9.427364394200504,0,0,0,0,0,0,0,0
289.0000000581057,771.3746334611825,150.2923466962763,8.931699884157599,155.2945173266039,9.430367155290885,0,0,0,0,0,0,0,0
289.0000000581057,771.3746334611825,150.2923466962763,8.931699884157599,155.2945173266039,9.430367155290885,0,0,0,0,0,0,0,0
290,970.0288182839857,140.8971380297697,8.932709586524776,1.040159416691558,9.427517617485263,0,0,0,0,0,0,0,0
290.0000000300024,970.0288228102631,140.8971373362787,8.932709586549716,1.040159234222484,9.427517616947586,0,0,0,0,0,0,0,0
290.0000000300024,970.0288228102631,140.8971373362787,8.932709586549716,1.040159234222484,9.427517616947586,0,0,0,0,0,0,0,0
299.0000000601062,772.511555674804,150.2923467049245,8.93273264229653,155.2945173274431,9.430476102335275,0,0,0,0,0,0,0,0
299.0000000601062,772.511555674804,150.2923467049245,8.93273264229653,155.2945173274431,9.430476102335275,0,0,0,0,0,0,0,0
300,971.1667483371444,140.8971343958936,8.933704331070999,1.040164498240243,9.427622513542143,0,0,0,0,0,0,0,0
300.0000000310019,971.166753014246,140.897133679299,8.933704331095614,1.040164309690251,9.427622512986432,0,0,0,0,0,0,0,0
300.0000000310019,971.166753014246,140.897133679299,8.933704331095614,1.040164309690251,9.427622512986432,0,0,0,0,0,0,0,0
309.000000062102,773.6570165992902,150.2923467460037,8.933442378020555,155.2945173327614,9.430550687568889,0,0,0,0,0,0,0,0
309.000000062102,773.6570165992902,150.2923467460037,8.933442378020555,155.2945173327614,9.430550687568889,0,0,0,0,0,0,0,0
310,972.3128594180298,140.8971424935702,8.934387932084183,1.040353401933537,9.427694325508012,0,0,0,0,0,0,0,0
310.0000000320028,972.3128642461575,140.8971417538395,8.93438793210877,1.040353207282985,9.42769432493427,0,0,0,0,0,0,0,0
310.0000000320028,972.3128642461575,140.8971417538395,8.93438793210877,1.040353207282985,9.42769432493427,0,0,0,0,0,0,0,0
319.0000000641057,774.8083217526769,150.2923468268081,8.933930049184504,155.2945173441209,9.430601748865723,0,0,0,0,0,0,0,0
319.0000000641057,774.8083217526769,150.2923468268081,8.933930049184504,155.2945173441209,9.430601748865723,0,0,0,0,0,0,0,0
320,973.4646751259741,140.8971352359797,8.934857638522871,1.040160464049094,9.427743488247099,0,0,0,0,0,0,0,0
320.000000033004,973.4646801051583,140.8971344731077,8.934857638547644,1.040160263296634,9.42774348765535,0,0,0,0,0,0,0,0
320.000000033004,973.4646801051583,140.8971344731077,8.934857638547644,1.040160263296634,9.42774348765535,0,0,0,0,0,0,0,0
329.0000000661059,775.9636510982949,150.2923420652084,8.934265085267858,155.294517416943,9.430636707121288,0,0,0,0,0,0,0,0
329.0000000661059,775.9636510982949,150.2923420652084,8.934265085267858,155.294517416943,9.430636707121288,0,0,0,0,0,0,0,0
330,974.6202792810004,140.8971373709227,8.935180327997951,1.040352597710666,9.427777146641283,0,0,0,0,0,0,0,0
330.0000000340036,974.6202844109907,140.8971365849469,8.935180328023065,1.040352390900579,9.427777146031563,0,0,0,0,0,0,0,0
330.0000000340036,974.6202844109907,140.8971365849469,8.935180328023065,1.040352390900579,9.427777146031563,0,0,0,0,0,0,0,0
339.0000000681094,777.1216225846766,150.2923507894258,8.934495229546618,155.2945195501581,9.430660636557853,0,0,0,0,0,0,0,0
339.0000000681094,777.1216225846766,150.2923507894258,8.934495229546618,155.2945195501581,9.430660636557853,0,0,0,0,0,0,0,0
340,975.7784874713176,140.8971443880455,8.93540198788938,1.040311518153641,9.427800186503907,0,0,0,0,0,0,0,0
340.0000000350006,975.7784927517359,140.8971435790235,8.93540198791494,1.040311305276413,9.427800185876288,0,0,0,0,0,0,0,0
340.0000000350006,975.7784927517359,140.8971435790235,8.93540198791494,1.040311305276413,9.427800185876288,0,0,0,0,0,0,0,0
349.0000000701009,778.2815047363014,150.2923443019081,8.934653296321262,155.2945164458216,9.430677021520131,0,0,0,0,0,0,0,0
349.0000000701009,778.2815047363014,150.2923443019081,8.934653296321262,155.2945164458216,9.430677021520131,0,0,0,0,0,0,0,0
350,976.9385016542456,140.897142124111,8.935554225551437,1.040355368894293,9.42781596221983,0,0,0,0,0,0,0,0
350.0000000360031,976.9385070859182,140.8971412919158,8.935554225577523,1.040355149923099,9.427815961574201,0,0,0,0,0,0,0,0
350.0000000360031,976.9385070859182,140.8971412919158,8.935554225577523,1.040355149923099,9.427815961574201,0,0,0,0,0,0,0,0
359.0000000721044,779.4424606219173,150.2923800652526,8.934761856113782,155.2945172498448,9.430688223938446,0,0,0,0,0,0,0,0
359.0000000721044,779.4424606219173,150.2923800652526,8.934761856113782,155.2945172498448,9.430688223938446,0,0,0,0,0,0,0,0
360,978.0995988478818,140.8971688972609,8.93565878000723,1.040309819640837,9.427826748855223,0,0,0,0,0,0,0,0
360.0000000370026,978.0996044303402,140.8971680419641,8.935658780033895,1.040309594584079,9.427826748191658,0,0,0,0,0,0,0,0
360.0000000370026,978.0996044303402,140.8971680419641,8.935658780033895,1.040309594584079,9.427826748191658,0,0,0,0,0,0,0,0
369.0000000741079,780.6045079487239,150.2923533984905,8.934836386581955,155.294517337939,9.430695911284774,0,0,0,0,0,0,0,0
369.0000000741079,780.6045079487239,150.2923533984905,8.934836386581955,155.294517337939,9.430695911284774,0,0,0,0,0,0,0,0
370,979.261691283762,140.8971462317874,8.935730560504943,1.040289594116036,9.427834150048106,0,0,0,0,0,0,0,0
370.0000000380016,979.2616970169523,140.897145353397,8.935730560532225,1.040289362973611,9.42783414936661,0,0,0,0,0,0,0,0
370.0000000380016,979.2616970169523,140.897145353397,8.935730560532225,1.040289362973611,9.42783414936661,0,0,0,0,0,0,0,0
379.0000000761027,781.7670162464613,150.2923484969159,8.934887558199422,155.2945173128951,9.43070117294795,0,0,0,0,0,0,0,0
379.0000000761027,781.7670162464613,150.2923484969159,8.934887558199422,155.2945173128951,9.43070117294795,0,0,0,0,0,0,0,0
380,980.4242325101743,140.8971423777553,8.935779843401731,1.040311744581206,9.42783921595659,0,0,0,0,0,0,0,0
380.0000000390064,980.424238394949,140.8971414761408,8.93577984342966,1.040311507340617,9.427839215257078,0,0,0,0,0,0,0,0
380.0000000390064,980.424238394949,140.8971414761408,8.93577984342966,1.040311507340617,9.427839215257078,0,0,0,0,0,0,0,0
389.0000000781069,782.9298855515235,150.2923396159076,8.934922683580428,155.2945146904154,9.430704781627977,0,0,0,0,0,0,0,0
389.0000000781069,782.9298855515235,150.2923396159076,8.934922683580428,155.2945146904154,9.430704781627977,0,0,0,0,0,0,0,0
390,981.5871247143414,140.8971343735329,8.935813672210312,1.040289201353281,9.427842690055742,0,0,0,0,0,0,0,0
390.0000000400041,981.5871307496418,140.8971334488562,8.935813672238906,1.04028895803129,9.42784268933833,0,0,0,0,0,0,0,0
390.0000000400041,981.5871307496418,140.8971334488562,8.935813672238906,1.04028895803129,9.42784268933833,0,0,0,0,0,0,0,0
399.0000000801058,784.0918400944715,150.2926047663387,8.934946876429473,155.2945171216797,9.430707125113756,0,0,0,0,0,0,0,0
399.0000000801058,784.0918400944715,150.2926047663387,8.934946876429473,155.2945171216797,9.430707125113756,0,0,0,0,0,0,0,0
400,982.7493617252499,140.8973421902265,8.935836966751497,1.040164428285546,9.4278449523209,0,0,0,0,0,0,0,0
400.0000000410027,982.7493679112157,140.8973412424658,8.935836966780768,1.040164178881631,9.427844951585572,0,0,0,0,0,0,0,0
400.0000000410027,982.7493679112157,140.8973412424658,8.935836966780768,1.040164178881631,9.427844951585572,0,0,0,0,0,0,0,0
409.0000000821098,785.2560507118103,150.2923601632521,8.934963376761997,155.2945178747475,9.430708883273976,0,0,0,0,0,0,0,0
409.0000000821098,785.2560507118103,150.2923601632521,8.934963376761997,155.2945178747475,9.430708883273976,0,0,0,0,0,0,0,0
410,983.9133318749316,140.8971352825572,8.935852860368264,1.040338383528366,9.427846641778107,0,0,0,0,0,0,0,0
410.000000042007,983.9133382124026,140.8971343115848,8.935852860398226,1.040338128008862,9.427846641024775,0,0,0,0,0,0,0,0
410.000000042007,983.9133382124026,140.8971343115848,8.935852860398226,1.040338128008862,9.427846641024775,0,0,0,0,0,0,0,0
419.0000000841104,786.4192391736955,150.2923710868293,8.934974724760052,155.294517393493,9.430710056010124,0,0,0,0,0,0,0,0
419.0000000841104,786.4192391736955,150.2923710868293,8.934974724760052,155.294517393493,9.430710056010124,0,0,0,0,0,0,0,0
420,985.0765617059358,140.8971496953754,8.935863789704209,1.040164418817425,9.427847770193395,0,0,0,0,0,0,0,0
420.0000000430066,985.0765681942046,140.8971487012993,8.935863789734867,1.040164157258021,9.427847769422138,0,0,0,0,0,0,0,0
420.0000000430066,985.0765681942046,140.8971487012993,8.935863789734867,1.040164157258021,9.427847769422138,0,0,0,0,0,0,0,0
429.0000000861141,787.5825887506302,150.2923456727272,8.93498250955593,155.2945164521543,9.43071086444038,0,0,0,0,0,0,0,0
429.0000000861141,787.5825887506302,150.2923456727272,8.93498250955593,155.2945164521543,9.43071086444038,0,0,0,0,0,0,0,0
430,986.2398669668688,140.8971396656889,8.935871287448617,1.040268649385537,9.427848547811767,0,0,0,0,0,0,0,0
430.0000000440029,986.2398736054574,140.8971386485819,8.935871287479976,1.040268381753449,9.427848547022634,0,0,0,0,0,0,0,0
430.0000000440029,986.2398736054574,140.8971386485819,8.935871287479976,1.040268381753449,9.427848547022634,0,0,0,0,0,0,0,0
439.0000000881043,788.7458684115715,150.292342407856,8.934987854413427,155.2945174600055,9.43071141442022,0,0,0,0,0,0,0,0
439.0000000881043,788.7458684115715,150.292342407856,8.934987854413427,155.2945174600055,9.43071141442022,0,0,0,0,0,0,0,0
440,987.4031654600502,140.8971298350844,8.935876435036842,1.040143085949938,9.427849077015814,0,0,0,0,0,0,0,0
440.0000000450049,987.4031722497895,140.8971287948197,8.935876435068906,1.040142812244079,9.427849076208718,0,0,0,0,0,0,0,0
440.0000000450049,987.4031722497895,140.8971287948197,8.935876435068906,1.040142812244079,9.427849076208718,0,0,0,0,0,0,0,0
449.0000000901121,789.9090644638596,150.2923461300307,8.934991524370556,155.2945173237194,9.430711787751669,0,0,0,0,0,0,0,0
449.0000000901121,789.9090644638596,150.2923461300307,8.934991524370556,155.2945173237194,9.430711787751669,0,0,0,0,0,0,0,0
450,988.5663408461094,140.8971385595437,8.935879969389099,1.040247519981774,9.427849436400903,0,0,0,0,0,0,0,0
450.0000000460021,988.5663477863075,140.8971374962267,8.935879969421864,1.040247240192422,9.427849435575917,0,0,0,0,0,0,0,0
450.0000000460021,988.5663477863075,140.8971374962267,8.935879969421864,1.040247240192422,9.427849435575917,0,0,0,0,0,0,0,0
459.0000000921033,791.0722410350611,150.292346443207,8.934994042723561,155.2945172354418,9.430712043048036,0,0,0,0,0,0,0,0
459.0000000921033,791.0722410350611,150.292346443207,8.934994042723561,155.2945172354418,9.430712043048036,0,0,0,0,0,0,0,0
460,989.7295046636244,140.8971408439872,8.935882394649477,1.040284340311601,9.42784968222796,0,0,0,0,0,0,0,0
460.0000000470004,989.7295117544309,140.8971397575953,8.935882394682949,1.040284054451691,9.427849681385075,0,0,0,0,0,0,0,0
460.0000000470004,989.7295117544309,140.8971397575953,8.935882394682949,1.040284054451691,9.427849681385075,0,0,0,0,0,0,0,0
469.0000000941059,792.2353665591119,150.2923463555261,8.934995770645543,155.2945172080146,9.430712217914657,0,0,0,0,0,0,0,0
469.0000000941059,792.2353665591119,150.2923463555261,8.934995770645543,155.2945172080146,9.430712217914657,0,0,0,0,0,0,0,0
470,990.8926292601142,140.897140099495,8.93588405868076,1.040258729881411,9.427849850656722,0,0,0,0,0,0,0,0
470.0000000480033,990.8926365022236,140.8971389899216,8.935884058714946,1.040258437916973,9.42784984979585,0,0,0,0,0,0,0,0
470.0000000480033,990.8926365022236,140.8971389899216,8.935884058714946,1.040258437916973,9.42784984979585,0,0,0,0,0,0,0,0
479.0000000961055,793.3984321714371,150.2923462565615,8.934996956181072,155.2945171876726,9.430712337862209,0,0,0,0,0,0,0,0
479.0000000961055,793.3984321714371,150.2923462565615,8.934996956181072,155.2945171876726,9.430712337862209,0,0,0,0,0,0,0,0
480,992.0556871300656,140.8971402544302,8.935885200384577,1.040250099222391,9.427849966193699,0,0,0,0,0,0,0,0
480.0000000490006,992.0556945226366,140.8971391218043,8.93588520041947,1.040249801210397,9.427849965314937,0,0,0,0,0,0,0,0
480.0000000490006,992.0556945226366,140.8971391218043,8.93588520041947,1.040249801210397,9.427849965314937,0,0,0,0,0,0,0,0
489.0000000981059,794.5614564896485,150.2923429980303,8.934997768846621,155.2945157613369,9.430712421274491,0,0,0,0,0,0,0,0
489.0000000981059,794.5614564896485,150.2923429980303,8.934997768846621,155.2945157613369,9.430712421274491,0,0,0,0,0,0,0,0
490,993.2186911855978,140.8971375902394,8.935885983049658,1.040308181193972,9.427850046507523,0,0,0,0,0,0,0,0
490.0000000500053,993.2186987297372,140.8971364343916,8.935885983085265,1.040307877055748,9.427850045610743,0,0,0,0,0,0,0,0
490.0000000500053,993.2186987297372,140.8971364343916,8.935885983085265,1.040307877055748,9.427850045610743,0,0,0,0,0,0,0,0
499.0000001001063,795.7242214403841,150.2923816919751,8.934998337325817,155.2945171635175,9.430712462140628,0,0,0,0,0,0,0,0
499.0000001001063,795.7242214403841,150.2923816919751,8.934998337325817,155.2945171635175,9.430712462140628,0,0,0,0,0,0,0,0
500,994.3815105299917,140.8971650154602,8.93588652989037,1.04018509094518,9.427850086684016,0,0,0,0,0,0,0,0
500.0000000510025,994.3815182245836,140.8971638365613,8.935886529926687,1.040184780746929,9.427850085769352,0,0,0,0,0,0,0,0
500.0000000510025,994.3815182245836,140.8971638365613,8.935886529926687,1.040184780746929,9.427850085769352,0,0,0,0,0,0,0,0
509.0000001021083,796.8870710727535,150.2923851342583,8.934998723901368,155.2945171565065,9.430712494851457,0,0,0,0,0,0,0,0
509.0000001021083,796.8870710727535,150.2923851342583,8.934998723901368,155.2945171565065,9.430712494851457,0,0,0,0,0,0,0,0
510,995.5443521083697,140.897168255173,8.93588690193809,1.040205456490533,9.427850118549353,0,0,0,0,0,0,0,0
510.000000052006,995.5443599543598,140.897167053078,8.935886901975117,1.040205140182255,9.427850117616689,0,0,0,0,0,0,0,0
510.000000052006,995.5443599543598,140.897167053078,8.935886901975117,1.040205140182255,9.427850117616689,0,0,0,0,0,0,0,0
519.0000001041092,798.0498622811343,150.2923853734877,8.93499898786153,155.2945171513759,9.430712519414621,0,0,0,0,0,0,0,0
519.0000001041092,798.0498622811343,150.2923853734877,8.93499898786153,155.2945171513759,9.430712519414621,0,0,0,0,0,0,0,0
520,996.707113867828,140.8971733478297,8.935887156055664,1.040310282423506,9.427850142405582,0,0,0,0,0,0,0,0
520.0000000530048,996.707121864495,140.8971721226492,8.935887156093402,1.040309960045543,9.427850141455011,0,0,0,0,0,0,0,0
520.0000000530048,996.707121864495,140.8971721226492,8.935887156093402,1.040309960045543,9.427850141455011,0,0,0,0,0,0,0,0
529.000000106106,799.2125822838108,150.2923853550901,8.934999168606138,155.2945171475155,9.430712537337303,0,0,0,0,0,0,0,0
529.000000106106,799.2125822838108,150.2923853550901,8.934999168606138,155.2945171475155,9.430712537337303,0,0,0,0,0,0,0,0
530,997.8698261792308,140.8971734129658,8.93588733010407,1.040310810358982,9.427850159777831,0,0,0,0,0,0,0,0
530.0000000540069,997.8698343270885,140.8971721646211,8.935887330142522,1.040310481885978,9.427850158809294,0,0,0,0,0,0,0,0
530.0000000540069,997.8698343270885,140.8971721646211,8.935887330142522,1.040310481885978,9.427850158809294,0,0,0,0,0,0,0,0
539.0000001081117,800.3752294234745,150.2923853224114,8.93499929263832,155.2945171444042,9.430712550255603,0,0,0,0,0,0,0,0
539.0000001081117,800.3752294234745,150.2923853224114,8.93499929263832,155.2945171444042,9.430712550255603,0,0,0,0,0,0,0,0
540,999.03246557597,140.8971734645114,8.935887449564085,1.040311260911933,9.427850172299587,0,0,0,0,0,0,0,0
540.0000000550089,999.0324738749841,140.8971721930078,8.935887449603253,1.040310926345202,9.427850171313079,0,0,0,0,0,0,0,0
540.0000000550089,999.0324738749841,140.8971721930078,8.935887449603253,1.040310926345202,9.427850171313079,0,0,0,0,0,0,0,0
549.0000001101141,801.5379488638538,150.2923499724911,8.934999368113109,155.2945180668862,9.430712574729192,0,0,0,0,0,0,0,0
549.0000001101141,801.5379488638538,150.2923499724911,8.934999368113109,155.2945180668862,9.430712574729192,0,0,0,0,0,0,0,0
550,1000.195145529397,140.8971451832754,8.935887522873539,1.040311652721499,9.427850195200747,0,0,0,0,0,0,0,0
550.0000000560044,1000.195153978606,140.8971438887604,8.935887522913411,1.040311312099719,9.427850194196377,0,0,0,0,0,0,0,0
550.0000000560044,1000.195153978606,140.8971438887604,8.935887522913411,1.040311312099719,9.427850194196377,0,0,0,0,0,0,0,0
559.0000001121056,802.7005185286926,150.2923327040755,8.934999421841949,155.2945171992688,9.430712589954835,0,0,0,0,0,0,0,0
559.0000001121056,802.7005185286926,150.2923327040755,8.934999421841949,155.2945171992688,9.430712589954835,0,0,0,0,0,0,0,0
560,1001.357711329567,140.8971276194153,8.935887574979303,1.040219552691534,9.427850209509463,0,0,0,0,0,0,0,0
560.000000057001,1001.357719929123,140.8971263018653,8.935887575019885,1.040219206006946,9.427850208487225,0,0,0,0,0,0,0,0
560.000000057001,1001.357719929123,140.8971263018653,8.935887575019885,1.040219206006946,9.427850208487225,0,0,0,0,0,0,0,0
569.0000001141049,803.8623650814686,150.2924739409349,8.934999499913181,155.2945172063094,9.430712537985618,0,0,0,0,0,0,0,0
569.0000001141049,803.8623650814686,150.2924739409349,8.934999499913181,155.2945172063094,9.430712537985618,0,0,0,0,0,0,0,0
570,1002.51967225745,140.8972413437912,8.93588764794035,1.040242537417563,9.427850162277311,0,0,0,0,0,0,0,0
570.0000000580042,1002.519681008359,140.8972400030515,8.93588764798165,1.040242184629122,9.42785016123708,0,0,0,0,0,0,0,0
570.0000000580042,1002.519681008359,140.8972400030515,8.93588764798165,1.040242184629122,9.42785016123708,0,0,0,0,0,0,0,0
579.0000001161118,805.0246681943007,150.2924861284889,8.934999541034319,155.2945172091808,9.430712518394474,0,0,0,0,0,0,0,0
579.0000001161118,805.0246681943007,150.2924861284889,8.934999541034319,155.2945172091808,9.430712518394474,0,0,0,0,0,0,0,0
580,1003.681978393213,140.8972509071039,8.935887686659708,1.040242874732151,9.427850144629776,0,0,0,0,0,0,0,0
580.0000000590009,1003.68198729449,140.897249543326,8.935887686701715,1.040242515881642,9.427850143571673,0,0,0,0,0,0,0,0
580.0000000590009,1003.68198729449,140.897249543326,8.935887686701715,1.040242515881642,9.427850143571673,0,0,0,0,0,0,0,0
589.0000001181027,806.186941108385,150.2924873442471,8.93499956446221,155.2945172119892,9.43071251184799,0,0,0,0,0,0,0,0
589.0000001181027,806.186941108385,150.2924873442471,8.93499956446221,155.2945172119892,9.43071251184799,0,0,0,0,0,0,0,0
590,1004.844244612837,140.8972519235915,8.935887708891018,1.040243187966304,9.427850138875515,0,0,0,0,0,0,0,0
590.0000000600073,1004.844253665957,140.8972505365495,8.935887708933745,1.040242822994241,9.427850137799355,0,0,0,0,0,0,0,0
590.0000000600073,1004.844253665957,140.8972505365495,8.935887708933745,1.040242822994241,9.427850137799355,0,0,0,0,0,0,0,0
599.0000001201196,807.3497260997457,150.2923456344202,8.934999539789457,155.2945177031937,9.430712570858576,0,0,0,0,0,0,0,0
599.0000001201196,807.3497260997457,150.2923456344202,8.934999539789457,155.2945177031937,9.430712570858576,0,0,0,0,0,0,0,0
600,1006.006894559519,140.897139011076,8.935887687415166,1.040243478346556,9.427850193040838,0,0,0,0,0,0,0,0
600.0000000610008,1006.006903762519,140.8971376010711,8.935887687458598,1.040243107331755,9.427850191946868,0,0,0,0,0,0,0,0
600.0000000610008,1006.006903762519,140.8971376010711,8.935887687458598,1.040243107331755,9.427850191946868,0,0,0,0,0,0,0,0
609.0000001221035,808.511902334224,150.29233391936,8.934999536014258,155.2945177822028,9.430712595936667,0,0,0,0,0,0,0,0
609.0000001221035,808.511902334224,150.29233391936,8.934999536014258,155.2945177822028,9.430712595936667,0,0,0,0,0,0,0,0
610,1007.169052649304,140.8971299516669,8.935887684724515,1.040243753563443,9.427850216114669,0,0,0,0,0,0,0,0
610.0000000620075,1007.169062004181,140.8971285183928,8.935887684768666,1.040243376425683,9.427850215002646,0,0,0,0,0,0,0,0
610.0000000620075,1007.169062004181,140.8971285183928,8.935887684768666,1.040243376425683,9.427850215002646,0,0,0,0,0,0,0,0
619.0000001241142,809.6739602673028,150.2923331850822,8.934999538907801,155.2945178498329,9.430712606871486,0,0,0,0,0,0,0,0
619.0000001241142,809.6739602673028,150.2923331850822,8.934999538907801,155.2945178498329,9.430712606871486,0,0,0,0,0,0,0,0
620,1008.331102158532,140.8971294442611,8.935887687905559,1.04024401346574,9.427850226231866,0,0,0,0,0,0,0,0
620.0000000630051,1008.331111663913,140.897127987928,8.935887687950419,1.040243630260333,9.427850225101954,0,0,0,0,0,0,0,0
620.0000000630051,1008.331111663913,140.897127987928,8.935887687950419,1.040243630260333,9.427850225101954,0,0,0,0,0,0,0,0
629.0000001261104,810.8359403306787,150.2923333330895,8.934999543238108,155.2945179081333,9.430712611931918,0,0,0,0,0,0,0,0
629.0000001261104,810.8359403306787,150.2923333330895,8.934999543238108,155.2945179081333,9.430712611931918,0,0,0,0,0,0,0,0
630,1009.493074584179,140.8971296233751,8.935887692246764,1.040244259666257,9.42785023096941,0,0,0,0,0,0,0,0
630.0000000640032,1009.493084240133,140.8971281439723,8.935887692292333,1.040243870390433,9.427850229821599,0,0,0,0,0,0,0,0
630.0000000640032,1009.493084240133,140.8971281439723,8.935887692292333,1.040243870390433,9.427850229821599,0,0,0,0,0,0,0,0
639.0000001281093,811.9978458384413,150.292333537105,8.934999547287346,155.2945179586951,9.430712614562436,0,0,0,0,0,0,0,0
639.0000001281093,811.9978458384413,150.292333537105,8.934999547287346,155.2945179586951,9.430712614562436,0,0,0,0,0,0,0,0
640,1010.654972484284,140.8971298501712,8.935887696228248,1.040244597834012,9.42785023348288,0,0,0,0,0,0,0,0
640.0000000650084,1010.654982291893,140.8971283475329,8.935887696274532,1.040244202435006,9.427850232317043,0,0,0,0,0,0,0,0
640.0000000650084,1010.654982291893,140.8971283475329,8.935887696274532,1.040244202435006,9.427850232317043,0,0,0,0,0,0,0,0
649.0000001301141,813.1596770532543,150.2923337314381,8.934999550643694,155.2945180027787,9.430712616194745,0,0,0,0,0,0,0,0
649.0000001301141,813.1596770532543,150.2923337314381,8.934999550643694,155.2945180027787,9.430712616194745,0,0,0,0,0,0,0,0
650,1011.816796082631,140.8971300692248,8.935887699508095,1.040244924781512,9.42785023508349,0,0,0,0,0,0,0,0
650.0000000660065,1011.816806040814,140.897128543517,8.935887699555094,1.04024452331302,9.427850233899751,0,0,0,0,0,0,0,0
650.0000000660065,1011.816806040814,140.897128543517,8.935887699555094,1.04024452331302,9.427850233899751,0,0,0,0,0,0,0,0
653.470219983511,878.1727326866637,135.5593019464426,8.935470505361755,155.294485615284,9.395389629542162,0,0,0,0,0,0,0,0
653.470219983511,878.1727326866637,135.5593019464426,8.935470505361755,155.294485615284,9.395389629542162,0,0,0,0,0,0,0,0
659.0000001321174,814.32728490573,150.2923902035254,8.938165566450206,155.2945172570273,9.430712478721444,0,0,0,0,0,0,0,0
659.0000001321174,814.32728490573,150.2923902035254,8.938165566450206,155.2945172570273,9.430712478721444,0,0,0,0,0,0,0,0
660,1012.988164089195,140.8971708439503,8.940185802772373,1.04024495428122,9.42785011125757,0,0,0,0,0,0,0,0
660.0000000670125,1012.988174199442,140.8971692949881,8.940185802900608,1.040244546693927,9.427850110055788,0,0,0,0,0,0,0,0
660.0000000670125,1012.988174199442,140.8971692949881,8.940185802900608,1.040244546693927,9.427850110055788,0,0,0,0,0,0,0,0
669.0000001341149,815.5932542534139,150.2923380243334,8.954127501722244,155.2945180139453,9.430712572419408,0,0,0,0,0,0,0,0
669.0000001341149,815.5932542534139,150.2923380243334,8.954127501722244,155.2945180139453,9.430712572419408,0,0,0,0,0,0,0,0
670,1014.270473077265,140.8971335125642,8.956990661573029,1.04024507721081,9.427850196591118,0,0,0,0,0,0,0,0
670.0000000680054,1014.270483338458,140.8971319406514,8.956990661757027,1.04024466358454,9.427850195371532,0,0,0,0,0,0,0,0
670.0000000680054,1014.270483338458,140.8971319406514,8.956990661757027,1.04024466358454,9.427850195371532,0,0,0,0,0,0,0,0
679.0000001361077,817.0481803823156,150.2923342323268,8.974715896910219,155.2945180311673,9.430712608441974,0,0,0,0,0,0,0,0
679.0000001361077,817.0481803823156,150.2923342323268,8.974715896910219,155.2945180311673,9.430712608441974,0,0,0,0,0,0,0,0
680,1015.746022482911,140.8971306276659,8.977666360390383,1.040245521764483,9.427850229268424,0,0,0,0,0,0,0,0
680.0000000690029,1015.746032896039,140.8971290326967,8.977666360581342,1.040245102072548,9.427850228030954,0,0,0,0,0,0,0,0
680.0000000690029,1015.746032896039,140.8971290326967,8.977666360581342,1.040245102072548,9.427850228030954,0,0,0,0,0,0,0,0
689.0000001381119,818.70706642534,150.2923341960023,8.994319039649577,155.2945180925763,9.430712621487148,0,0,0,0,0,0,0,0
689.0000001381119,818.70706642534,150.2923341960023,8.994319039649577,155.2945180925763,9.430712621487148,0,0,0,0,0,0,0,0
690,1017.424336153406,140.897136590933,8.996994483959837,1.040383202963583,9.427850241026819,0,0,0,0,0,0,0,0
690.0000000700011,1017.424346718518,140.8971349728916,8.996994484133543,1.040382777213255,9.427850239771441,0,0,0,0,0,0,0,0
690.0000000700011,1017.424346718518,140.8971349728916,8.996994484133543,1.040382777213255,9.427850239771441,0,0,0,0,0,0,0,0
699.0000001401115,820.5456541048924,150.2923343921962,9.010441505205721,155.2945181324741,9.430712625745908,0,0,0,0,0,0,0,0
699.0000001401115,820.5456541048924,150.2923343921962,9.010441505205721,155.2945181324741,9.430712625745908,0,0,0,0,0,0,0,0
700,1019.278851154544,140.897132238536,9.012705775727213,1.040279749870001,9.427850244829155,0,0,0,0,0,0,0,0
700.0000000710038,1019.278861872107,140.8971305973177,9.012705775874034,1.040279318023746,9.427850243555792,0,0,0,0,0,0,0,0
700.0000000710038,1019.278861872107,140.8971305973177,9.012705775874034,1.040279318023746,9.427850243555792,0,0,0,0,0,0,0,0
709.0000001421068,822.5243533859011,150.2923345922283,9.022337300085711,155.294518166401,9.430712626887559,0,0,0,0,0,0,0,0
709.0000001421068,822.5243533859011,150.2923345922283,9.022337300085711,155.294518166401,9.430712626887559,0,0,0,0,0,0,0,0
710,1021.269246734394,140.8971269508894,9.02417622626391,1.040138115342358,9.427850245840927,0,0,0,0,0,0,0,0
710.0000000720001,1021.269257603169,140.8971252866422,9.024176226382279,1.040137677436206,9.427850244549701,0,0,0,0,0,0,0,0
710.0000000720001,1021.269257603169,140.8971252866422,9.024176226382279,1.040137677436206,9.427850244549701,0,0,0,0,0,0,0,0
719.0000001441051,824.6011995928435,150.2923347772102,9.03017045241786,155.2945181949197,9.430712627108631,0,0,0,0,0,0,0,0
719.0000001441051,824.6011995928435,150.2923347772102,9.03017045241786,155.2945181949197,9.430712627108631,0,0,0,0,0,0,0,0
720,1023.353723202428,140.8971268649299,9.031629245993432,1.040147550134516,9.42785024605373,0,0,0,0,0,0,0,0
720.0000000730033,1023.353734223181,140.8971251774945,9.03162924608595,1.040147106101611,9.42785024474451,0,0,0,0,0,0,0,0
720.0000000730033,1023.353734223181,140.8971251774945,9.03162924608595,1.040147106101611,9.42785024474451,0,0,0,0,0,0,0,0
729.0000001461106,826.7382483745428,150.292334912166,9.034518924322589,155.2945182134222,9.430712627212911,0,0,0,0,0,0,0,0
729.0000001461106,826.7382483745428,150.292334912166,9.034518924322589,155.2945182134222,9.430712627212911,0,0,0,0,0,0,0,0
730,1025.494950378753,140.8971269973789,9.035666119414016,1.040169030206706,9.427850246190593,0,0,0,0,0,0,0,0
730.0000000740085,1025.494961551559,140.8971252867074,9.035666119485043,1.040168580033519,9.42785024486335,0,0,0,0,0,0,0,0
730.0000000740085,1025.494961551559,140.8971252867074,9.035666119485043,1.040168580033519,9.42785024486335,0,0,0,0,0,0,0,0
739.0000001481171,828.9041759211054,150.2923349992828,9.036094867241266,155.2945182223924,9.430712627455046,0,0,0,0,0,0,0,0
739.0000001481171,828.9041759211054,150.2923349992828,9.036094867241266,155.2945182223924,9.430712627455046,0,0,0,0,0,0,0,0
740,1027.662316325932,140.8971278514203,9.037002689723975,1.040167837891231,9.4278502464759,0,0,0,0,0,0,0,0
740.0000000750053,1027.662327649324,140.8971261177076,9.037002689778298,1.040167381659859,9.427850245130779,0,0,0,0,0,0,0,0
740.0000000750053,1027.662327649324,140.8971261177076,9.037002689778298,1.040167381659859,9.427850245130779,0,0,0,0,0,0,0,0
749.0000001501145,831.0743831075011,150.2924386584766,9.035597135650445,155.2945172641853,9.430712584457705,0,0,0,0,0,0,0,0
749.0000001501145,831.0743831075011,150.2924386584766,9.035597135650445,155.2945172641853,9.430712584457705,0,0,0,0,0,0,0,0
750,1029.832016373044,140.897208871967,9.036331726917188,1.040167393160396,9.427850207233428,0,0,0,0,0,0,0,0
750.0000000760006,1029.832027846636,140.8972071152488,9.036331726959316,1.040166930867172,9.427850205870461,0,0,0,0,0,0,0,0
750.0000000760006,1029.832027846636,140.8972071152488,9.036331726959316,1.040166930867172,9.427850205870461,0,0,0,0,0,0,0,0
759.0000001521028,833.2320965512172,150.2924470816347,9.03364188051817,155.2945172633123,9.430712567451653,0,0,0,0,0,0,0,0
759.0000001521028,833.2320965512172,150.2924470816347,9.03364188051817,155.2945172633123,9.430712567451653,0,0,0,0,0,0,0,0
760,1031.987708943485,140.8972154883477,9.034259233150086,1.040167368001257,9.427850191794951,0,0,0,0,0,0,0,0
760.0000000770108,1031.987720569428,140.8972137082785,9.034259233183958,1.040166899554956,9.42785019041386,0,0,0,0,0,0,0,0
760.0000000770108,1031.987720569428,140.8972137082785,9.034259233183958,1.040166899554956,9.42785019041386,0,0,0,0,0,0,0,0
769.000000154113,835.3650276241952,150.292447664472,9.030737786377289,155.2945172624827,9.430712561208278,0,0,0,0,0,0,0,0
769.000000154113,835.3650276241952,150.292447664472,9.030737786377289,155.2945172624827,9.430712561208278,0,0,0,0,0,0,0,0
770,1034.117686047648,140.8972159997481,9.031282808215355,1.040167712719887,9.427850186208456,0,0,0,0,0,0,0,0
770.0000000780119,1034.117697824494,140.8972141965382,9.031282808244203,1.040167238176184,9.427850184809415,0,0,0,0,0,0,0,0
770.0000000780119,1034.117697824494,140.8972141965382,9.031282808244203,1.040167238176184,9.427850184809415,0,0,0,0,0,0,0,0
779.0000001561167,837.4657487217556,150.2924476093242,9.027284913675667,155.2945172616978,9.430712559396355,0,0,0,0,0,0,0,0
779.0000001561167,837.4657487217556,150.2924476093242,9.027284913675667,155.2945172616978,9.430712559396355,0,0,0,0,0,0,0,0
780,1036.214921353262,140.8972160139868,9.027792101159569,1.040168375360708,9.427850184675167,0,0,0,0,0,0,0,0
780.0000000790034,1036.214933279505,140.8972141878596,9.027792101185925,1.040167894778952,9.427850183258345,0,0,0,0,0,0,0,0
780.0000000790034,1036.214933279505,140.8972141878596,9.027792101185925,1.040167894778952,9.427850183258345,0,0,0,0,0,0,0,0
789.0000001581079,839.5303575321693,150.2924475065274,9.023585186199602,155.294517260952,9.430712559388754,0,0,0,0,0,0,0,0
789.0000001581079,839.5303575321693,150.2924475065274,9.023585186199602,155.294517260952,9.430712559388754,0,0,0,0,0,0,0,0
790,1038.275796854486,140.8972188249207,9.024080005850136,1.040225312715666,9.427850184790515,0,0,0,0,0,0,0,0
790.0000000800092,1038.275808932257,140.8972169755461,9.024080005875941,1.040224826090666,9.42785018335565,0,0,0,0,0,0,0,0
790.0000000800092,1038.275808932257,140.8972169755461,9.024080005875941,1.040224826090666,9.42785018335565,0,0,0,0,0,0,0,0
799.0000001601093,841.557544635791,150.2924474076371,9.019857452523633,155.2945172602712,9.43071256009612,0,0,0,0,0,0,0,0
799.0000001601093,841.557544635791,150.2924474076371,9.019857452523633,155.2945172602712,9.43071256009612,0,0,0,0,0,0,0,0
800,1040.299245565172,140.8972187984201,9.020357931637546,1.040225334330532,9.42785018555621,0,0,0,0,0,0,0,0
800.0000000810112,1040.299257793902,140.8972169258838,9.020357931664211,1.040224841611043,9.427850184103379,0,0,0,0,0,0,0,0
800.0000000810112,1040.299257793902,140.8972169258838,9.020357931664211,1.040224841611043,9.427850184103379,0,0,0,0,0,0,0,0
809.0000001621113,843.5478401678,150.292447308534,9.01625330840168,155.2945172595883,9.43071256107949,0,0,0,0,0,0,0,0
809.0000001621113,843.5478401678,150.292447308534,9.01625330840168,155.2945172595883,9.43071256107949,0,0,0,0,0,0,0,0
810,1042.285932637564,140.8972187717374,9.016771573904645,1.040225355709629,9.427850186572138,0,0,0,0,0,0,0,0
810.0000000820032,1042.285945015748,140.8972168762708,9.016771573933147,1.040224856956499,9.427850185101519,0,0,0,0,0,0,0,0
810.0000000820032,1042.285945015748,140.8972168762708,9.016771573933147,1.040224856956499,9.427850185101519,0,0,0,0,0,0,0,0
819.0000001641041,845.5030157005862,150.2924472129988,9.01287176261221,155.2945172589344,9.430712562162729,0,0,0,0,0,0,0,0
819.0000001641041,845.5030157005862,150.2924472129988,9.01287176261221,155.2945172589344,9.430712562162729,0,0,0,0,0,0,0,0
820,1044.237726366921,140.8972187475518,9.013415406378583,1.040225376835499,9.4278501876778,0,0,0,0,0,0,0,0
820.0000000830089,1044.237738896629,140.8972168288396,9.013415406409575,1.040224871965753,9.427850186189143,0,0,0,0,0,0,0,0
820.0000000830089,1044.237738896629,140.8972168288396,9.013415406409575,1.040224871965753,9.427850186189143,0,0,0,0,0,0,0,0
829.0000001661135,847.425623594179,150.2924471209261,9.009771924066763,155.2945172583069,9.430712563273659,0,0,0,0,0,0,0,0
829.0000001661135,847.425623594179,150.2924471209261,9.009771924066763,155.2945172583069,9.430712563273659,0,0,0,0,0,0,0,0
830,1046.157236501238,140.8972187261639,9.010345151761737,1.040225397818063,9.427850188807563,0,0,0,0,0,0,0,0
830.0000000840088,1046.157249181613,140.8972167843401,9.010345151795612,1.040224886866965,9.427850187300979,0,0,0,0,0,0,0,0
830.0000000840088,1046.157249181613,140.8972167843401,9.010345151795612,1.040224886866965,9.427850187300979,0,0,0,0,0,0,0,0
839.0000001681117,849.3186522284328,150.2924470322668,9.006983494769353,155.2945172577053,9.43071256438891,0,0,0,0,0,0,0,0
839.0000001681117,849.3186522284328,150.2924470322668,9.006983494769353,155.2945172577053,9.43071256438891,0,0,0,0,0,0,0,0
840,1048.04747987131,140.8972187071519,9.007588057434017,1.04022541856532,9.427850189940424,0,0,0,0,0,0,0,0
840.0000000850116,1048.047492702817,140.897216742148,9.007588057470974,1.040224901514892,9.427850188415855,0,0,0,0,0,0,0,0
840.0000000850116,1048.047492702817,140.897216742148,9.007588057470974,1.040224901514892,9.427850188415855,0,0,0,0,0,0,0,0
849.0000001701187,851.1852755642983,150.2924469467181,9.004515167680887,155.2945172571266,9.430712565499269,0,0,0,0,0,0,0,0
849.0000001701187,851.1852755642983,150.2924469467181,9.004515167680887,155.2945172571266,9.430712565499269,0,0,0,0,0,0,0,0
850,1049.911638242471,140.8972186906286,9.005151095862159,1.040225439181129,9.427850191068343,0,0,0,0,0,0,0,0
850.0000000860126,1049.911651224859,140.8972167024869,9.005151095902256,1.040224916042434,9.42785018952582,0,0,0,0,0,0,0,0
850.0000000860126,1049.911651224859,140.8972167024869,9.005151095902256,1.040224916042434,9.42785018952582,0,0,0,0,0,0,0,0
859.0000001721189,853.0286772005425,150.2924468641316,9.002361172651591,155.2945172565697,9.430712566604495,0,0,0,0,0,0,0,0
859.0000001721189,853.0286772005425,150.2924468641316,9.002361172651591,155.2945172565697,9.430712566604495,0,0,0,0,0,0,0,0
860,1051.752888843726,140.8972186760344,9.003027341117635,1.040225459556188,9.427850192191128,0,0,0,0,0,0,0,0
860.0000000870061,1051.752901975884,140.8972166649282,9.003027341160829,1.040224930374863,9.427850190630785,0,0,0,0,0,0,0,0
860.0000000870061,1051.752901975884,140.8972166649282,9.003027341160829,1.040224930374863,9.427850190630785,0,0,0,0,0,0,0,0
869.00000017411,854.8519318527018,150.2924467843389,9.000506261854564,155.2945172560338,9.430712567704521,0,0,0,0,0,0,0,0
869.00000017411,854.8519318527018,150.2924467843389,9.000506261854564,155.2945172560338,9.430712567704521,0,0,0,0,0,0,0,0
870,1053.57429075354,140.8972186633748,9.00120081442399,1.040225479737905,9.42785019330878,0,0,0,0,0,0,0,0
870.000000088002,1053.57430403585,140.8972166292488,9.001200814470177,1.040224944499428,9.427850191730579,0,0,0,0,0,0,0,0
870.000000088002,1053.57430403585,140.8972166292488,9.001200814470177,1.040224944499428,9.427850191730579,0,0,0,0,0,0,0,0
879.0000001761127,856.6579301008833,150.2924467071452,8.998929423405162,155.2945172555163,9.430712568798789,0,0,0,0,0,0,0,0
879.0000001761127,856.6579301008833,150.2924467071452,8.998929423405162,155.2945172555163,9.430712568798789,0,0,0,0,0,0,0,0
880,1055.37871330823,140.897218652781,8.999650085480722,1.040225499807502,9.427850194421003,0,0,0,0,0,0,0,0
880.0000000890086,1055.378726742328,140.8972165953883,8.999650085529753,1.040224958446877,9.427850192824753,0,0,0,0,0,0,0,0
880.0000000890086,1055.378726742328,140.8972165953883,8.999650085529753,1.040224958446877,9.427850192824753,0,0,0,0,0,0,0,0
889.0000001781132,858.4493350213963,150.2924466323762,8.997606584429921,155.2945172550174,9.430712569887124,0,0,0,0,0,0,0,0
889.0000001781132,858.4493350213963,150.2924466323762,8.997606584429921,155.2945172550174,9.430712569887124,0,0,0,0,0,0,0,0
890,1057.168795396242,140.8972186440046,8.998350887385998,1.040225519745938,9.42785019552749,0,0,0,0,0,0,0,0
890.0000000900095,1057.168808981287,140.8972165634767,8.998350887437708,1.040224972297737,9.42785019391329,0,0,0,0,0,0,0,0
890.0000000900095,1057.168808981287,140.8972165634767,8.998350887437708,1.040224972297737,9.42785019391329,0,0,0,0,0,0,0,0
899.0000001801192,860.2285617484647,150.2924465600074,8.996512527781713,155.2945172545354,9.43071257097152,0,0,0,0,0,0,0,0
899.0000001801192,860.2285617484647,150.2924465600074,8.996512527781713,155.2945172545354,9.43071257097152,0,0,0,0,0,0,0,0
900,1058.946926898431,140.897218637174,8.997277965481546,1.040225539596541,9.427850196630443,0,0,0,0,0,0,0,0
900.0000000910163,1058.946940635335,140.8972165333741,8.997277965535751,1.040224986024808,9.427850194998186,0,0,0,0,0,0,0,0
900.0000000910163,1058.946940635335,140.8972165333741,8.997277965535751,1.040224986024808,9.427850194998186,0,0,0,0,0,0,0,0
909.0000001821259,861.9977730628829,150.2924464898839,8.995622208080629,155.29451725407,9.430712572053395,0,0,0,0,0,0,0,0
909.0000001821259,861.9977730628829,150.2924464898839,8.995622208080629,155.29451725407,9.430712572053395,0,0,0,0,0,0,0,0
910,1060.715245570718,140.8972186319709,8.99640634205503,1.040225559317177,9.427850197731061,0,0,0,0,0,0,0,0
910.0000000920041,1060.715259456631,140.8972165053379,8.996406342111539,1.040224999737385,9.427850196081089,0,0,0,0,0,0,0,0
910.0000000920041,1060.715259456631,140.8972165053379,8.996406342111539,1.040224999737385,9.427850196081089,0,0,0,0,0,0,0,0
919.0000001841081,863.7588857736484,150.2924464219234,8.994911616929397,155.2945172536187,9.430712573136214,0,0,0,0,0,0,0,0
919.0000001841081,863.7588857736484,150.2924464219234,8.994911616929397,155.2945172536187,9.430712573136214,0,0,0,0,0,0,0,0
920,1062.475644271876,140.8972186277895,8.995712143399494,1.040225578770871,9.427850198832431,0,0,0,0,0,0,0,0
920.0000000930042,1062.475658308666,140.8972164780395,8.995712143458137,1.040225013108343,9.427850197164524,0,0,0,0,0,0,0,0
920.0000000930042,1062.475658308666,140.8972164780395,8.995712143458137,1.040225013108343,9.427850197164524,0,0,0,0,0,0,0,0
929.0000001861067,865.5135840048255,150.2924463558512,8.994358315802861,155.2945172531824,9.430712574214516,0,0,0,0,0,0,0,0
929.0000001861067,865.5135840048255,150.2924463558512,8.994358315802861,155.2945172531824,9.430712574214516,0,0,0,0,0,0,0,0
930,1064.229784756578,140.8972186254286,8.995173104868476,1.040225598229161,9.427850199929475,0,0,0,0,0,0,0,0
930.0000000940066,1064.229798944601,140.8972164525092,8.995173104929089,1.040225026470068,9.427850198243595,0,0,0,0,0,0,0,0
930.0000000940066,1064.229798944601,140.8972164525092,8.995173104929089,1.040225026470068,9.427850198243595,0,0,0,0,0,0,0,0
939.0000001881093,867.263336537485,150.2924462917721,8.993941728747338,155.2945172527596,9.43071257529005,0,0,0,0,0,0,0,0
939.0000001881093,867.263336537485,150.2924462917721,8.993941728747338,155.2945172527596,9.43071257529005,0,0,0,0,0,0,0,0
940,1065.979115319875,140.8972186245581,8.994768843698193,1.040225617589564,9.427850201024008,0,0,0,0,0,0,0,0
940.000000095009,1065.979129659144,140.8972164284692,8.994768843760626,1.040225039733905,9.427850199320149,0,0,0,0,0,0,0,0
940.000000095009,1065.979129659144,140.8972164284692,8.994768843760626,1.040225039733905,9.427850199320149,0,0,0,0,0,0,0,0
949.0000001901153,869.009416184309,150.2924462295252,8.993643265440355,155.2945172523499,9.430712576363829,0,0,0,0,0,0,0,0
949.0000001901153,869.009416184309,150.2924462295252,8.993643265440355,155.2945172523499,9.430712576363829,0,0,0,0,0,0,0,0
950,1067.72489027458,140.8972186251528,8.994480968233152,1.040225636883352,9.427850202117048,0,0,0,0,0,0,0,0
950.0000000960141,1067.724904765516,140.8972164058314,8.994480968297259,1.040225052914534,9.427850200395159,0,0,0,0,0,0,0,0
950.0000000960141,1067.724904765516,140.8972164058314,8.994480968297259,1.040225052914534,9.427850200395159,0,0,0,0,0,0,0,0
959.0000001921321,870.7529197687892,150.2924461690549,8.993446327865398,155.294517251952,9.430712577436761,0,0,0,0,0,0,0,0
959.0000001921321,870.7529197687892,150.2924461690549,8.993446327865398,155.294517251952,9.430712577436761,0,0,0,0,0,0,0,0
960,1069.468189935896,140.8972186272808,8.994293075293413,1.040225656144258,9.427850203209575,0,0,0,0,0,0,0,0
960.0000000970069,1069.468204576655,140.8972163850106,8.99429307535906,1.040225066136956,9.427850201469878,0,0,0,0,0,0,0,0
960.0000000970069,1069.468204576655,140.8972163850106,8.99429307535906,1.040225066136956,9.427850201469878,0,0,0,0,0,0,0,0
969.0000001941231,872.4947877597855,150.2924461103131,8.993336240226073,155.2945172515667,9.430712578512614,0,0,0,0,0,0,0,0
969.0000001941231,872.4947877597855,150.2924461103131,8.993336240226073,155.2945172515667,9.430712578512614,0,0,0,0,0,0,0,0
970,1071.209940188193,140.8972186301868,8.994190674121091,1.040225675186967,9.4278502043048,0,0,0,0,0,0,0,0
970.0000000980036,1071.209954979366,140.8972163648785,8.994190674188163,1.040225079117672,9.427850202547241,0,0,0,0,0,0,0,0
970.0000000980036,1071.209954979366,140.8972163648785,8.994190674188163,1.040225079117672,9.427850202547241,0,0,0,0,0,0,0,0
979.000000196105,874.235822945491,150.2924460530599,8.993300131122629,155.2945172511915,9.430712579587317,0,0,0,0,0,0,0,0
979.000000196105,874.235822945491,150.2924460530599,8.993300131122629,155.2945172511915,9.430712579587317,0,0,0,0,0,0,0,0
980,1072.950931027967,140.8972186338298,8.994161065012952,1.040225694052613,9.427850205398464,0,0,0,0,0,0,0,0
980.000000099014,1072.950945971621,140.8972163451681,8.994161065081361,1.04022509183835,9.427850203622782,0,0,0,0,0,0,0,0
980.000000099014,1072.950945971621,140.8972163451681,8.994161065081361,1.04022509183835,9.427850203622782,0,0,0,0,0,0,0,0
989.0000001981157,875.9767077763688,150.2924459972599,8.993326788886291,155.2945172508276,9.430712580654925,0,0,0,0,0,0,0,0
989.0000001981157,875.9767077763688,150.2924459972599,8.993326788886291,155.2945172508276,9.430712580654925,0,0,0,0,0,0,0,0
990,1074.691833760464,140.8972186393431,8.994193192837592,1.040225713052042,9.427850206485596,0,0,0,0,0,0,0,0
990.0000001000085,1074.69184885422,140.8972163276933,8.994193192907234,1.040225104788923,9.42785020469208,0,0,0,0,0,0,0,0
990.0000001000085,1074.69184885422,140.8972163276933,8.994193192907234,1.040225104788923,9.42785020469208,0,0,0,0,0,0,0,0
999.0000002001102,877.7180201902992,150.2924459430789,8.993406504802191,155.2945172504735,9.430712581723286,0,0,0,0,0,0,0,0
999.0000002001102,877.7180201902992,150.2924459430789,8.993406504802191,155.2945172504735,9.430712581723286,0,0,0,0,0,0,0,0
1000,1076.433216689683,140.8972186456585,8.994277489641718,1.040225731871346,9.427850207573586,0,0,0,0,0,0,0,0
1000.000000101011,1076.433231934712,140.8972163108418,8.994277489712522,1.040225117512353,9.427850205762089,0,0,0,0,0,0,0,0
1000.000000101011,1076.433231934712,140.8972163108418,8.994277489712522,1.040225117512353,9.427850205762089,0,0,0,0,0,0,0,0
1009.000000202111,879.4602478572839,150.2924458902537,8.993530914318567,155.2945172501286,9.430712582790328,0,0,0,0,0,0,0,0
1009.000000202111,879.4602478572839,150.2924458902537,8.993530914318567,155.2945172501286,9.430712582790328,0,0,0,0,0,0,0,0
1010,1078.175559177398,140.8972186530393,8.994405716050213,1.040225750636903,9.427850208660272,0,0,0,0,0,0,0,0
1010.000000102008,1078.175574572985,140.8972162951661,8.994405716122108,1.040225130211077,9.427850206830898,0,0,0,0,0,0,0,0
1010.000000102008,1078.175574572985,140.8972162951661,8.994405716122108,1.040225130211077,9.427850206830898,0,0,0,0,0,0,0,0
1019.000000204121,881.203800845939,150.2924458388207,8.993692842931949,155.2945172497939,9.430712583856907,0,0,0,0,0,0,0,0
1019.000000204121,881.203800845939,150.2924458388207,8.993692842931949,155.2945172497939,9.430712583856907,0,0,0,0,0,0,0,0
1020,1079.919264168967,140.8972186617394,8.994570807865214,1.040225769409992,9.427850209746895,0,0,0,0,0,0,0,0
1020.000000103004,1079.919279714927,140.8972162808387,8.994570807938137,1.040225142924938,9.427850207899647,0,0,0,0,0,0,0,0
1020.000000103004,1079.919279714927,140.8972162808387,8.994570807938137,1.040225142924938,9.427850207899647,0,0,0,0,0,0,0,0
1029.000000206114,882.949022795918,150.2924457887187,8.99388616094204,155.2945172494678,9.43071258492542,0,0,0,0,0,0,0,0
1029.000000206114,882.949022795918,150.2924457887187,8.99388616094204,155.2945172494678,9.43071258492542,0,0,0,0,0,0,0,0
1030,1081.66466922516,140.8972186709908,8.994766731847587,1.040225788004321,9.427850210835224,0,0,0,0,0,0,0,0
1030.000000104002,1081.664684921668,140.8972162670363,8.994766731921485,1.040225155453125,9.427850208970089,0,0,0,0,0,0,0,0
1030.000000104002,1081.664684921668,140.8972162670363,8.994766731921485,1.040225155453125,9.427850208970089,0,0,0,0,0,0,0,0
1039.000000208102,884.6962006904049,150.2924457397862,8.994105649471324,155.2945172491496,9.430712585992563,0,0,0,0,0,0,0,0
1039.000000208102,884.6962006904049,150.2924457397862,8.994105649471324,155.2945172491496,9.430712585992563,0,0,0,0,0,0,0,0
1040,1083.412056148795,140.8972186809038,8.994988352928544,1.040225806483601,9.427850211921919,0,0,0,0,0,0,0,0
1040.000000105008,1083.412071997106,140.8972162537036,8.994988353003389,1.040225167815786,9.427850210038745,0,0,0,0,0,0,0,0
1040.000000105008,1083.412071997106,140.8972162537036,8.994988353003389,1.040225167815786,9.427850210038745,0,0,0,0,0,0,0,0
1049.000000210116,886.4455733481129,150.2924456920049,8.994346878889445,155.29451724884,9.430712587054863,0,0,0,0,0,0,0,0
1049.000000210116,886.4455733481129,150.2924456920049,8.994346878889445,155.29451724884,9.430712587054863,0,0,0,0,0,0,0,0
1050,1085.16165935669,140.8972186925413,8.995231313889061,1.04022582513295,9.427850213004426,0,0,0,0,0,0,0,0
1050.000000106013,1085.161675356705,140.8972162421113,8.995231313964807,1.040225180352665,9.427850211103234,0,0,0,0,0,0,0,0
1050.000000106013,1085.161675356705,140.8972162421113,8.995231313964807,1.040225180352665,9.427850211103234,0,0,0,0,0,0,0,0
1059.000000212116,888.1973387630137,150.292445645523,8.994606099914597,155.2945172485381,9.430712588118395,0,0,0,0,0,0,0,0
1059.000000212116,888.1973387630137,150.292445645523,8.994606099914597,155.2945172485381,9.430712588118395,0,0,0,0,0,0,0,0
1060,1086.91367313289,140.897218704601,8.995491927709693,1.040225843579902,9.42785021408808,0,0,0,0,0,0,0,0
1060.000000107001,1086.913689282105,140.8972162313246,8.995491927786301,1.0402251927881,9.427850212169167,0,0,0,0,0,0,0,0
1060.000000107001,1086.913689282105,140.8972162313246,8.995491927786301,1.0402251927881,9.427850212169167,0,0,0,0,0,0,0,0
1069.00000021412,889.9516604205538,150.2924456001605,8.994880147081746,155.2945172482434,9.430712589183754,0,0,0,0,0,0,0,0
1069.00000021412,889.9516604205538,150.2924456001605,8.994880147081746,155.2945172482434,9.430712589183754,0,0,0,0,0,0,0,0
1070,1088.668257818547,140.8972187176124,8.995767082234316,1.040225862004799,9.427850215173748,0,0,0,0,0,0,0,0
1070.00000010801,1088.668274120054,140.8972162210167,8.995767082311763,1.040225205077017,9.427850213236733,0,0,0,0,0,0,0,0
1070.00000010801,1088.668274120054,140.8972162210167,8.995767082311763,1.040225205077017,9.427850213236733,0,0,0,0,0,0,0,0
1079.000000216129,891.7086727024479,150.2924455558012,8.995166353910752,155.2945172479562,9.430712590248097,0,0,0,0,0,0,0,0
1079.000000216129,891.7086727024479,150.2924455558012,8.995166353910752,155.2945172479562,9.430712590248097,0,0,0,0,0,0,0,0
1080,1090.425545150885,140.8972187314618,8.996054156455456,1.040225880400016,9.427850216258349,0,0,0,0,0,0,0,0
1080.000000109012,1090.425561603656,140.8972162117046,8.996054156533724,1.040225217377743,9.427850214303371,0,0,0,0,0,0,0,0
1080.000000109012,1090.425561603656,140.8972162117046,8.996054156533724,1.040225217377743,9.427850214303371,0,0,0,0,0,0,0,0
1089.000000218124,893.4684854989638,150.2924455125137,8.995462478898602,155.294517247676,9.430712591312066,0,0,0,0,0,0,0,0
1089.000000218124,893.4684854989638,150.2924455125137,8.995462478898602,155.294517247676,9.430712591312066,0,0,0,0,0,0,0,0
1090,1092.1856428,140.8972187458089,8.996350947530019,1.040225898666165,9.427850217342456,0,0,0,0,0,0,0,0
1090.000000110003,1092.185659402457,140.8972162031319,8.996350947609075,1.040225229613013,9.427850215369691,0,0,0,0,0,0,0,0
1090.000000110003,1092.185659402457,140.8972162031319,8.996350947609075,1.040225229613013,9.427850215369691,0,0,0,0,0,0,0,0
1099.000000220112,895.2311881329716,150.2924454702222,8.995766641351196,155.2945172474023,9.430712592375464,0,0,0,0,0,0,0,0
1099.000000220112,895.2311881329716,150.2924454702222,8.995766641351196,155.2945172474023,9.430712592375464,0,0,0,0,0,0,0,0
1100,1093.948638222221,140.8972187608492,8.99665560753404,1.040225916869593,9.427850218425963,0,0,0,0,0,0,0,0
1100.000000111006,1093.948654976047,140.8972161949948,8.996655607613882,1.040225241717799,9.427850216435223,0,0,0,0,0,0,0,0
1100.000000111006,1093.948654976047,140.8972161949948,8.996655607613882,1.040225241717799,9.427850216435223,0,0,0,0,0,0,0,0
1109.000000222107,896.9968526852006,150.2924454288517,8.996077266041272,155.2945172471345,9.43071259343618,0,0,0,0,0,0,0,0
1109.000000222107,896.9968526852006,150.2924454288517,8.996077266041272,155.2945172471345,9.43071259343618,0,0,0,0,0,0,0,0
1110,1095.714601936573,140.8972187765012,8.996966588943847,1.040225935005034,9.42785021950673,0,0,0,0,0,0,0,0
1110.000000112014,1095.71461884256,140.8972161873486,8.996966589024456,1.040225253722793,9.427850217497909,0,0,0,0,0,0,0,0
1110.000000112014,1095.71461884256,140.8972161873486,8.996966589024456,1.040225253722793,9.427850217497909,0,0,0,0,0,0,0,0
1119.000000224126,898.7655368058744,150.2924453883907,8.996393035700345,155.2945172468735,9.43071259449272,0,0,0,0,0,0,0,0
1119.000000224126,898.7655368058744,150.2924453883907,8.996393035700345,155.2945172468735,9.43071259449272,0,0,0,0,0,0,0,0
1120,1097.483590281648,140.8972187936299,8.997282597854982,1.040225953305557,9.427850220584007,0,0,0,0,0,0,0,0
1120.000000113005,1097.483607337291,140.8972161815628,8.997282597936335,1.04022526599382,9.427850218557397,0,0,0,0,0,0,0,0
1120.000000113005,1097.483607337291,140.8972161815628,8.997282597936335,1.04022526599382,9.427850218557397,0,0,0,0,0,0,0,0
1129.000000226117,900.5372860857256,150.2924453490401,8.996712850403178,155.2945172466179,9.430712595553917,0,0,0,0,0,0,0,0
1129.000000226117,900.5372860857256,150.2924453490401,8.996712850403178,155.2945172466179,9.430712595553917,0,0,0,0,0,0,0,0
1130,1099.255647768842,140.8972188107331,8.997602554003857,1.040225971334499,9.427850221665693,0,0,0,0,0,0,0,0
1130.000000114013,1099.255664976579,140.8972161753782,8.997602554085956,1.04022527789508,9.427850219621023,0,0,0,0,0,0,0,0
1130.000000114013,1099.255664976579,140.8972161753782,8.997602554085956,1.04022527789508,9.427850219621023,0,0,0,0,0,0,0,0
1139.000000228122,902.3121360571272,150.2924453103646,8.997035792963734,155.2945172463689,9.43071259661259,0,0,0,0,0,0,0,0
1139.000000228122,902.3121360571272,150.2924453103646,8.997035792963734,155.2945172463689,9.43071259661259,0,0,0,0,0,0,0,0
1140,1101.030809012571,140.8972188287656,8.997925556716636,1.040225989433266,9.427850222744887,0,0,0,0,0,0,0,0
1140.000000115,1101.030826369348,140.8972161705907,8.997925556799457,1.040225289989243,9.42785022068251,0,0,0,0,0,0,0,0
1140.000000115,1101.030826369348,140.8972161705907,8.997925556799457,1.040225289989243,9.42785022068251,0,0,0,0,0,0,0,0
1149.000000230115,904.0901138639825,150.2924452726731,8.997361099553006,155.294517246124,9.430712597673338,0,0,0,0,0,0,0,0
1149.000000230115,904.0901138639825,150.2924452726731,8.997361099553006,155.294517246124,9.430712597673338,0,0,0,0,0,0,0,0
1150,1102.809100404357,140.897218847296,8.998250856007449,1.040226007426144,9.427850223826223,0,0,0,0,0,0,0,0
1150.00000011601,1102.809117913641,140.8972161657703,8.998250856091,1.040225301837843,9.427850221745734,0,0,0,0,0,0,0,0
1150.00000011601,1102.809117913641,140.8972161657703,8.998250856091,1.040225301837843,9.427850221745734,0,0,0,0,0,0,0,0
1159.000000232122,905.8712396748567,150.2924452356837,8.997688134820148,155.2945172458853,9.430712598731738,0,0,0,0,0,0,0,0
1159.000000232122,905.8712396748567,150.2924452356837,8.997688134820148,155.2945172458853,9.430712598731738,0,0,0,0,0,0,0,0
1160,1104.590541480473,140.8972188664682,8.99857782811103,1.040226025409558,9.427850224905184,0,0,0,0,0,0,0,0
1160.000000117,1104.590559139177,140.8972161620647,8.998577828195289,1.040225313801442,9.427850222806935,0,0,0,0,0,0,0,0
1160.000000117,1104.590559139177,140.8972161620647,8.998577828195289,1.040225313801442,9.427850222806935,0,0,0,0,0,0,0,0
1169.000000234111,907.6555278545119,150.2924451995768,8.998016370882011,155.2945172456512,9.430712599790933,0,0,0,0,0,0,0,0
1169.000000234111,907.6555278545119,150.2924451995768,8.998016370882011,155.2945172456512,9.430712599790933,0,0,0,0,0,0,0,0
1170,1106.375146084844,140.8972188860982,8.998905954826373,1.040226043298951,9.427850225984923,0,0,0,0,0,0,0,0
1170.000000118007,1106.375163895543,140.8972161584228,8.998905954911351,1.040225325567301,9.42785022386863,0,0,0,0,0,0,0,0
1170.000000118007,1106.375163895543,140.8972161584228,8.998905954911351,1.040225325567301,9.42785022386863,0,0,0,0,0,0,0,0
1179.00000023612,909.4429879524129,150.2924451641578,8.998345369619759,155.2945172454222,9.4307126008475,0,0,0,0,0,0,0,0
1179.00000023612,909.4429879524129,150.2924451641578,8.998345369619759,155.2945172454222,9.4307126008475,0,0,0,0,0,0,0,0
1180,1108.162923329627,140.8972189064977,8.999234806114373,1.040226061217157,9.427850227062168,0,0,0,0,0,0,0,0
1180.000000119,1108.162941290261,140.8972161558657,8.999234806200052,1.040225337444947,9.427850224928063,0,0,0,0,0,0,0,0
1180.000000119,1108.162941290261,140.8972161558657,8.999234806200052,1.040225337444947,9.427850224928063,0,0,0,0,0,0,0,0
1189.000000238116,911.2336255202869,150.2924451295596,8.998674767795691,155.2945172451985,9.430712601904879,0,0,0,0,0,0,0,0
1189.000000238116,911.2336255202869,150.2924451295596,8.998674767795691,155.2945172451985,9.430712601904879,0,0,0,0,0,0,0,0
1190,1109.953878409471,140.8972189273579,8.999564025471729,1.040226079056092,9.427850228140271,0,0,0,0,0,0,0,0
1190.000000120008,1109.953896522272,140.8972161534276,8.999564025558117,1.040225349153434,9.427850225988092,0,0,0,0,0,0,0,0
1190.000000120008,1109.953896522272,140.8972161534276,8.999564025558117,1.040225349153434,9.427850225988092,0,0,0,0,0,0,0,0
1199.000000240112,913.0274428002371,150.292445095602,8.999004264563084,155.2945172449791,9.430712602960222,0,0,0,0,0,0,0,0
1199.000000240112,913.0274428002371,150.292445095602,8.999004264563084,155.2945172449791,9.430712602960222,0,0,0,0,0,0,0,0
1200,1111.748013268439,140.8972189485121,8.999893317657847,1.04022609680991,9.427850229216148,0,0,0,0,0,0,0,0
1200.000000121005,1111.748031531761,140.8972161515359,8.999893317744931,1.040225360843182,9.427850227046079,0,0,0,0,0,0,0,0
1200.000000121005,1111.748031531761,140.8972161515359,8.999893317744931,1.040225360843182,9.427850227046079,0,0,0,0,0,0,0,0
1209.000000242107,914.8244392923336,150.2924450623587,8.999333611004035,155.2945172447637,9.430712604013534,0,0,0,0,0,0,0,0
1209.000000242107,914.8244392923336,150.2924450623587,8.999333611004035,155.2945172447637,9.430712604013534,0,0,0,0,0,0,0,0
1210,1113.545327157474,140.8972189704209,9.000222438417072,1.040226114584835,9.427850230290209,0,0,0,0,0,0,0,0
1210.000000122018,1113.545345573754,140.8972161500256,9.000222438504865,1.040225372455852,9.42785022810197,0,0,0,0,0,0,0,0
1210.000000122018,1113.545345573754,140.8972161500256,9.000222438504865,1.040225372455852,9.42785022810197,0,0,0,0,0,0,0,0
1219.000000244128,916.6246122304648,150.292445029791,8.999662601380791,155.2945172445531,9.430712605064201,0,0,0,0,0,0,0,0
1219.000000244128,916.6246122304648,150.292445029791,8.999662601380791,155.2945172445531,9.430712605064201,0,0,0,0,0,0,0,0
1220,1115.345817105012,140.8972189933049,9.000551185885046,1.04022613244822,9.427850231362042,0,0,0,0,0,0,0,0
1220.000000123003,1115.345835670029,140.8972161501369,9.000551185973528,1.040225384327079,9.427850229156135,0,0,0,0,0,0,0,0
1220.000000123003,1115.345835670029,140.8972161501369,9.000551185973528,1.040225384327079,9.427850229156135,0,0,0,0,0,0,0,0
1229.000000246111,918.4279569750653,150.2924449980596,8.999991065831546,155.2945172443468,9.43071260612056,0,0,0,0,0,0,0,0
1229.000000246111,918.4279569750653,150.2924449980596,8.999991065831546,155.2945172443468,9.43071260612056,0,0,0,0,0,0,0,0
1230,1117.149478312534,140.897219015895,9.000879393415529,1.040226150033021,9.427850232439262,0,0,0,0,0,0,0,0
1230.000000124003,1117.149497028485,140.897216149618,9.000879393504693,1.040225395831215,9.427850230215432,0,0,0,0,0,0,0,0
1230.000000124003,1117.149497028485,140.897216149618,9.000879393504693,1.040225395831215,9.427850230215432,0,0,0,0,0,0,0,0
1239.000000248107,920.234467344967,150.2924449667621,9.000318864275705,155.2945172441441,9.43071260717489,0,0,0,0,0,0,0,0
1239.000000248107,920.234467344967,150.2924449667621,9.000318864275705,155.2945172441441,9.43071260717489,0,0,0,0,0,0,0,0
1240,1118.956304450858,140.8972190392478,9.001206923594312,1.04022616770091,9.427850233514418,0,0,0,0,0,0,0,0
1240.00000012501,1118.956323318808,140.8972161496988,9.00120692368418,1.04022540737557,9.427850231272524,0,0,0,0,0,0,0,0
1240.00000012501,1118.956323318808,140.8972161496988,9.00120692368418,1.04022540737557,9.427850231272524,0,0,0,0,0,0,0,0
1249.000000250131,922.0441358827788,150.2924449361566,9.000645881339475,155.2945172439455,9.430712608227381,0,0,0,0,0,0,0,0
1249.000000250131,922.0441358827788,150.2924449361566,9.000645881339475,155.2945172439455,9.430712608227381,0,0,0,0,0,0,0,0
1250,1120.76628794801,140.8972190636571,9.00153366325798,1.040226185476572,9.427850234588233,0,0,0,0,0,0,0,0
1250.000000126003,1120.7663069659,140.8972161511515,9.00153366334853,1.040225419110671,9.427850232328531,0,0,0,0,0,0,0,0
1250.000000126003,1120.7663069659,140.8972161511515,9.00153366334853,1.040225419110671,9.427850232328531,0,0,0,0,0,0,0,0
1259.00000025212,923.8569540841094,150.2924449062719,9.000972022137898,155.2945172437508,9.430712609284477,0,0,0,0,0,0,0,0
1259.00000025212,923.8569540841094,150.2924449062719,9.000972022137898,155.2945172437508,9.430712609284477,0,0,0,0,0,0,0,0
1260,1122.579420215145,140.8972190877012,9.001859519352607,1.040226202981025,9.427850235666289,0,0,0,0,0,0,0,0
1260.000000127007,1122.57943938452,140.8972161520025,9.001859519443851,1.040225430512333,9.4278502333886,0,0,0,0,0,0,0,0
1260.000000127007,1122.57943938452,140.8972161520025,9.001859519443851,1.040225430512333,9.4278502333886,0,0,0,0,0,0,0,0
1269.000000254125,925.672912586138,150.2924448768015,9.001297208764836,155.2945172435596,9.430712610338981,0,0,0,0,0,0,0,0
1269.000000254125,925.672912586138,150.2924448768015,9.001297208764836,155.2945172435596,9.430712610338981,0,0,0,0,0,0,0,0
1270,1124.395691802186,140.8972191126579,9.00218441548741,1.040226220613196,9.427850236741868,0,0,0,0,0,0,0,0
1270.000000128017,1124.395711124076,140.8972161536084,9.002184415579347,1.040225442000226,9.42785023444606,0,0,0,0,0,0,0,0
1270.000000128017,1124.395711124076,140.8972161536084,9.002184415579347,1.040225442000226,9.42785023444606,0,0,0,0,0,0,0,0
1279.000000256125,927.4920013172634,150.2924448479401,9.001621377381269,155.294517243372,9.430712611392062,0,0,0,0,0,0,0,0
1279.000000256125,927.4920013172634,150.2924448479401,9.001621377381269,155.294517243372,9.430712611392062,0,0,0,0,0,0,0,0
1280,1126.21509258107,140.8972191376836,9.002508289077539,1.040226238111574,9.427850237815827,0,0,0,0,0,0,0,0
1280.000000129013,1126.215112053416,140.8972161555986,9.002508289170159,1.040225453437301,9.427850235502143,0,0,0,0,0,0,0,0
1280.000000129013,1126.215112053416,140.8972161555986,9.002508289170159,1.040225453437301,9.427850235502143,0,0,0,0,0,0,0,0
1289.000000258114,929.3142096295803,150.2924448196357,9.001944475801078,155.2945172431879,9.430712612443859,0,0,0,0,0,0,0,0
1289.000000258114,929.3142096295803,150.2924448196357,9.001944475801078,155.2945172431879,9.430712612443859,0,0,0,0,0,0,0,0
1290,1128.037611849938,140.89721916309,9.002831088974242,1.040226255570086,9.427850238888553,0,0,0,0,0,0,0,0
1290.000000130002,1128.037631471471,140.897216158164,9.002831089067534,1.040225464885676,9.427850236557141,0,0,0,0,0,0,0,0
1290.000000130002,1128.037631471471,140.897216158164,9.002831089067534,1.040225464885676,9.427850236557141,0,0,0,0,0,0,0,0
1299.000000260115,931.1395264031993,150.2924447919261,9.002266461489445,155.2945172430073,9.430712613496121,0,0,0,0,0,0,0,0
1299.000000260115,931.1395264031993,150.2924447919261,9.002266461489445,155.2945172430073,9.430712613496121,0,0,0,0,0,0,0,0
1300,1129.863238446346,140.8972191889942,9.003152773500462,1.040226273012024,9.427850239961906,0,0,0,0,0,0,0,0
1300.000000131007,1129.863258219675,140.8972161608279,9.00315277359444,1.040225476212377,9.427850237612473,0,0,0,0,0,0,0,0
1300.000000131007,1129.863258219675,140.8972161608279,9.00315277359444,1.040225476212377,9.427850237612473,0,0,0,0,0,0,0,0
1309.000000262133,932.9679401357218,150.2924447646953,9.002587299904388,155.2945172428292,9.430712614546879,0,0,0,0,0,0,0,0
1309.000000262133,932.9679401357218,150.2924447646953,9.002587299904388,155.2945172428292,9.430712614546879,0,0,0,0,0,0,0,0
1310,1131.691960829548,140.8972192159378,9.003473308823175,1.040226290603432,9.427850241034246,0,0,0,0,0,0,0,0
1310.000000132006,1131.691980753644,140.8972161646887,9.003473308917837,1.040225487730034,9.427850238666899,0,0,0,0,0,0,0,0
1310.000000132006,1131.691980753644,140.8972161646887,9.003473308917837,1.040225487730034,9.427850238666899,0,0,0,0,0,0,0,0
1319.00000026411,934.7994390128555,150.2924447380414,9.00290696312566,155.2945172426548,9.430712615601299,0,0,0,0,0,0,0,0
1319.00000026411,934.7994390128555,150.2924447380414,9.00290696312566,155.2945172426548,9.430712615601299,0,0,0,0,0,0,0,0
1320,1133.523767170639,140.8972192420305,9.003792667608389,1.040226307827592,9.427850242109425,0,0,0,0,0,0,0,0
1320.000000133013,1133.52378724684,140.8972161674937,9.003792667703737,1.04022549882651,9.427850239724011,0,0,0,0,0,0,0,0
1320.000000133013,1133.52378724684,140.8972161674937,9.003792667703737,1.04022549882651,9.427850239724011,0,0,0,0,0,0,0,0
1329.00000026613,936.6340109723922,150.2924447117117,9.003225428717338,155.2945172424839,9.430712616649794,0,0,0,0,0,0,0,0
1329.00000026613,936.6340109723922,150.2924447117117,9.003225428717338,155.2945172424839,9.430712616649794,0,0,0,0,0,0,0,0
1330,1135.358645369226,140.8972192695024,9.004110827904112,1.040226325323977,9.427850243179234,0,0,0,0,0,0,0,0
1330.000000134009,1135.358665595851,140.8972161719354,9.00411082800014,1.040225510262974,9.427850240775951,0,0,0,0,0,0,0,0
1330.000000134009,1135.358665595851,140.8972161719354,9.00411082800014,1.040225510262974,9.427850240775951,0,0,0,0,0,0,0,0
1339.000000268113,938.4716437486962,150.2924446860334,9.003542678791556,155.2945172423151,9.430712617700385,0,0,0,0,0,0,0,0
1339.000000268113,938.4716437486962,150.2924446860334,9.003542678791556,155.2945172423151,9.430712617700385,0,0,0,0,0,0,0,0
1340,1137.196583154863,140.8972192966935,9.00442777222311,1.040226342588664,9.427850244250928,0,0,0,0,0,0,0,0
1340.000000135024,1137.196603534658,140.8972161756758,9.004427772319829,1.040225521357106,9.427850241829448,0,0,0,0,0,0,0,0
1340.000000135024,1137.196603534658,140.8972161756758,9.004427772319829,1.040225521357106,9.427850241829448,0,0,0,0,0,0,0,0
1349.000000270138,940.3123249208445,150.2924446607034,9.003858699232037,155.2945172421501,9.430712618746758,0,0,0,0,0,0,0,0
1349.000000270138,940.3123249208445,150.2924446607034,9.003858699232037,155.2945172421501,9.430712618746758,0,0,0,0,0,0,0,0
1350,1139.037568081705,140.8972193250189,9.004743486779637,1.040226360056909,9.427850245318846,0,0,0,0,0,0,0,0
1350.000000136012,1139.037588610621,140.8972161811707,9.004743486877025,1.04022553281798,9.427850242879657,0,0,0,0,0,0,0,0
1350.000000136012,1139.037588610621,140.8972161811707,9.004743486877025,1.04022553281798,9.427850242879657,0,0,0,0,0,0,0,0
1359.000000272119,942.1560419402168,150.2924446360349,9.004173479054426,155.2945172419871,9.430712619798332,0,0,0,0,0,0,0,0
1359.000000272119,942.1560419402168,150.2924446360349,9.004173479054426,155.2945172419871,9.430712619798332,0,0,0,0,0,0,0,0
1360,1140.881587603288,140.8972193527867,9.005057960863162,1.040226377218747,9.427850246391591,0,0,0,0,0,0,0,0
1360.000000137006,1140.881608282356,140.8972161859504,9.005057960961226,1.04022554393096,9.427850243934566,0,0,0,0,0,0,0,0
1360.000000137006,1140.881608282356,140.8972161859504,9.005057960961226,1.04022554393096,9.427850243934566,0,0,0,0,0,0,0,0
1369.000000274118,944.002782166469,150.2924446116402,9.004487009875318,155.2945172418272,9.430712620848441,0,0,0,0,0,0,0,0
1369.000000274118,944.002782166469,150.2924446116402,9.004487009875318,155.2945172418272,9.430712620848441,0,0,0,0,0,0,0,0
1370,1142.728629060543,140.897219381257,9.005371186315939,1.040226394486762,9.427850247462965,0,0,0,0,0,0,0,0
1370.00000013802,1142.728649892645,140.8972161909911,9.005371186414692,1.040225555033952,9.427850244987765,0,0,0,0,0,0,0,0
1370.00000013802,1142.728649892645,140.8972161909911,9.005371186414692,1.040225555033952,9.427850244987765,0,0,0,0,0,0,0,0
1379.00000027613,945.852532884569,150.2924445876695,9.004799285473787,155.2945172416697,9.430712621895561,0,0,0,0,0,0,0,0
1379.00000027613,945.852532884569,150.2924445876695,9.004799285473787,155.2945172416697,9.430712621895561,0,0,0,0,0,0,0,0
1380,1144.578679734412,140.8972194102571,9.00568315710399,1.040226411783977,9.427850248531485,0,0,0,0,0,0,0,0
1380.000000139001,1144.578700714607,140.8972161973184,9.005683157203404,1.040225566365284,9.427850246038687,0,0,0,0,0,0,0,0
1380.000000139001,1144.578700714607,140.8972161973184,9.005683157203404,1.040225566365284,9.427850246038687,0,0,0,0,0,0,0,0
1389.000000278111,947.705281327095,150.2924445642814,9.005110301432728,155.2945172415153,9.430712622946771,0,0,0,0,0,0,0,0
1389.000000278111,947.705281327095,150.2924445642814,9.005110301432728,155.2945172415153,9.430712622946771,0,0,0,0,0,0,0,0
1390,1146.431726858065,140.8972194391908,9.005993868965017,1.040226428921811,9.427850249604051,0,0,0,0,0,0,0,0
1390.000000140006,1146.431747989991,140.8972162030221,9.005993869065119,1.040225577390645,9.427850247093229,0,0,0,0,0,0,0,0
1390.000000140006,1146.431747989991,140.8972162030221,9.005993869065119,1.040225577390645,9.427850247093229,0,0,0,0,0,0,0,0
1399.000000280108,949.5610146937938,150.292444541148,9.005420054838327,155.2945172413627,9.43071262399587,0,0,0,0,0,0,0,0
1399.000000280108,949.5610146937938,150.292444541148,9.005420054838327,155.2945172413627,9.43071262399587,0,0,0,0,0,0,0,0
1400,1148.28775762421,140.897219468412,9.006303319112792,1.040226446061679,9.427850250674277,0,0,0,0,0,0,0,0
1400.000000141001,1148.287778906426,140.8972162092342,9.006303319213567,1.040225588476124,9.42785024814561,0,0,0,0,0,0,0,0
1400.000000141001,1148.287778906426,140.8972162092342,9.006303319213567,1.040225588476124,9.42785024814561,0,0,0,0,0,0,0,0
1409.000000282108,951.4197201597528,150.2924445184723,9.005728544032673,155.2945172412127,9.430712625043531,0,0,0,0,0,0,0,0
1409.000000282108,951.4197201597528,150.2924445184723,9.005728544032673,155.2945172412127,9.430712625043531,0,0,0,0,0,0,0,0
1410,1150.146759205387,140.8972194982632,9.006611505995279,1.040226463251335,9.427850251743402,0,0,0,0,0,0,0,0
1410.000000142015,1150.146780640639,140.8972162156558,9.006611506096737,1.040225599500756,9.427850249196553,0,0,0,0,0,0,0,0
1410.000000142015,1150.146780640639,140.8972162156558,9.006611506096737,1.040225599500756,9.427850249196553,0,0,0,0,0,0,0,0
1419.000000284126,953.2813848910937,150.292444496171,9.006035768410678,155.2945172410652,9.430712626089434,0,0,0,0,0,0,0,0
1419.000000284126,953.2813848910937,150.292444496171,9.006035768410678,155.2945172410652,9.430712626089434,0,0,0,0,0,0,0,0
1420,1152.008718767422,140.8972195286417,9.006918429094878,1.040226480480905,9.427850252810975,0,0,0,0,0,0,0,0
1420.000000143014,1152.008740353548,140.8972162229357,9.006918429197015,1.040225610652425,9.427850250246204,0,0,0,0,0,0,0,0
1420.000000143014,1152.008740353548,140.8972162229357,9.006918429197015,1.040225610652425,9.427850250246204,0,0,0,0,0,0,0,0
1429.00000028614,955.145996052138,150.2924444743557,9.006341728251462,155.2945172409202,9.430712627137861,0,0,0,0,0,0,0,0
1429.00000028614,955.145996052138,150.2924444743557,9.006341728251462,155.2945172409202,9.430712627137861,0,0,0,0,0,0,0,0
1430,1153.873623476831,140.8972195593742,9.007224088763291,1.040226497683144,9.42785025388128,0,0,0,0,0,0,0,0
1430.000000144012,1153.873645213558,140.8972162306118,9.007224088866099,1.040225621787827,9.427850251298617,0,0,0,0,0,0,0,0
1430.000000144012,1153.873645213558,140.8972162306118,9.007224088866099,1.040225621787827,9.427850251298617,0,0,0,0,0,0,0,0
1439.000000288127,957.0135408158168,150.2924444529155,9.006646424578006,155.2945172407777,9.430712628189815,0,0,0,0,0,0,0,0
1439.000000288127,957.0135408158168,150.2924444529155,9.006646424578006,155.2945172407777,9.430712628189815,0,0,0,0,0,0,0,0
1440,1155.741460512258,140.8972195896594,9.007528486083389,1.040226514670167,9.427850254954546,0,0,0,0,0,0,0,0
1440.000000145024,1155.741482401815,140.8972162374989,9.007528486186882,1.040225632618125,9.427850252353737,0,0,0,0,0,0,0,0
1440.000000145024,1155.741482401815,140.8972162374989,9.007528486186882,1.040225632618125,9.427850252353737,0,0,0,0,0,0,0,0
1449.000000290126,958.8840063701215,150.2924444316461,9.006949859038484,155.2945172406365,9.430712629237014,0,0,0,0,0,0,0,0
1449.000000290126,958.8840063701215,150.2924444316461,9.006949859038484,155.2945172406365,9.430712629237014,0,0,0,0,0,0,0,0
1450,1157.61221705613,140.8972196204302,9.007831622752544,1.040226531728242,9.427850256022982,0,0,0,0,0,0,0,0
1450.000000146011,1157.612239094642,140.8972162454655,9.007831622856708,1.040225643675742,9.427850253404481,0,0,0,0,0,0,0,0
1450.000000146011,1157.612239094642,140.8972162454655,9.007831622856708,1.040225643675742,9.427850253404481,0,0,0,0,0,0,0,0
1459.000000292114,960.7573799198767,150.2924444109242,9.007252033811536,155.2945172404979,9.430712630284736,0,0,0,0,0,0,0,0
1459.000000292114,960.7573799198767,150.2924444109242,9.007252033811536,155.2945172404979,9.430712630284736,0,0,0,0,0,0,0,0
1460,1159.485880320243,140.8972196513135,9.008133500990558,1.040226548684233,9.42785025709205,0,0,0,0,0,0,0,0
1460.000000147011,1159.485902509802,140.897216253224,9.008133501095402,1.040225654546919,9.427850254455597,0,0,0,0,0,0,0,0
1460.000000147011,1159.485902509802,140.897216253224,9.008133501095402,1.040225654546919,9.427850254455597,0,0,0,0,0,0,0,0
1469.000000294121,962.6336486982267,150.2924443904334,9.007552951526268,155.2945172403618,9.43071263133028,0,0,0,0,0,0,0,0
1469.000000294121,962.6336486982267,150.2924443904334,9.007552951526268,155.2945172403618,9.43071263133028,0,0,0,0,0,0,0,0
1470,1161.362437534992,140.8972196828608,9.00843412346012,1.040226565746262,9.427850258159202,0,0,0,0,0,0,0,0
1470.000000148012,1161.362459875736,140.8972162616254,9.008434123565635,1.040225665518602,9.427850255504795,0,0,0,0,0,0,0,0
1470.000000148012,1161.362459875736,140.8972162616254,9.008434123565635,1.040225665518602,9.427850255504795,0,0,0,0,0,0,0,0
1479.000000296126,964.5127999649147,150.2924443703711,9.007852615194921,155.294517240227,9.43071263237657,0,0,0,0,0,0,0,0
1479.000000296126,964.5127999649147,150.2924443703711,9.007852615194921,155.294517240227,9.43071263237657,0,0,0,0,0,0,0,0
1480,1163.24187596702,140.8972197146696,9.008733493201301,1.040226582770196,9.427850259227224,0,0,0,0,0,0,0,0
1480.000000149004,1163.241898457474,140.8972162705145,9.008733493307481,1.040225676511654,9.427850256555038,0,0,0,0,0,0,0,0
1480.000000149004,1163.241898457474,140.8972162705145,9.008733493307481,1.040225676511654,9.427850256555038,0,0,0,0,0,0,0,0
1489.000000298114,966.3948210134587,150.2924443506797,9.008151028157265,155.2945172400946,9.430712633425404,0,0,0,0,0,0,0,0
1489.000000298114,966.3948210134587,150.2924443506797,9.008151028157265,155.2945172400946,9.430712633425404,0,0,0,0,0,0,0,0
1490,1165.124182915212,140.8972197463931,9.009031613576633,1.040226599675515,9.427850260297573,0,0,0,0,0,0,0,0
1490.000000150011,1165.124205557744,140.8972162789555,9.009031613683494,1.040225687290671,9.427850257607325,0,0,0,0,0,0,0,0
1490.000000150011,1165.124205557744,140.8972162789555,9.009031613683494,1.040225687290671,9.427850257607325,0,0,0,0,0,0,0,0
1499.000000300128,968.2796991737932,150.2924443311695,9.008448194031775,155.294517239964,9.430712634471684,0,0,0,0,0,0,0,0
1499.000000300128,968.2796991737932,150.2924443311695,9.008448194031775,155.294517239964,9.430712634471684,0,0,0,0,0,0,0,0
1500,1167.009345706727,140.8972197788507,9.009328488222943,1.040226616717043,9.427850261365583,0,0,0,0,0,0,0,0
1500.000000151001,1167.009368498695,140.8972162885354,9.009328488330469,1.04022569831238,9.427850258657582,0,0,0,0,0,0,0,0
1500.000000151001,1167.009368498695,140.8972162885354,9.009328488330469,1.04022569831238,9.427850258657582,0,0,0,0,0,0,0,0
1509.000000302101,970.1674218114221,150.2924443121622,9.00874411667775,155.2945172398355,9.430712635521292,0,0,0,0,0,0,0,0
1509.000000302101,970.1674218114221,150.2924443121622,9.00874411667775,155.2945172398355,9.430712635521292,0,0,0,0,0,0,0,0
1510,1168.897351721634,140.8972198107097,9.009624121014754,1.040226633478868,9.427850262436491,0,0,0,0,0,0,0,0
1510.000000152012,1168.897374666231,140.8972162970277,9.009624121122963,1.040225708925776,9.427850259710363,0,0,0,0,0,0,0,0
1510.000000152012,1168.897374666231,140.8972162970277,9.009624121122963,1.040225708925776,9.427850259710363,0,0,0,0,0,0,0,0
1519.000000304122,972.0579763361742,150.2924442932269,9.009038800160086,155.2945172397083,9.430712636565154,0,0,0,0,0,0,0,0
1519.000000304122,972.0579763361742,150.2924442932269,9.009038800160086,155.2945172397083,9.430712636565154,0,0,0,0,0,0,0,0
1520,1170.788188360504,140.8972198436322,9.009918516028648,1.040226650486314,9.427850263502023,0,0,0,0,0,0,0,0
1520.000000153001,1170.788211454503,140.8972163070777,9.009918516137516,1.040225719914787,9.427850260758149,0,0,0,0,0,0,0,0
1520.000000153001,1170.788211454503,140.8972163070777,9.009918516137516,1.040225719914787,9.427850260758149,0,0,0,0,0,0,0,0
1529.000000306107,973.9513501957219,150.292444274823,9.009332248722924,155.2945172395836,9.430712637612089,0,0,0,0,0,0,0,0
1529.000000306107,973.9513501957219,150.292444274823,9.009332248722924,155.2945172395836,9.430712637612089,0,0,0,0,0,0,0,0
1530,1172.681843087753,140.8972198761349,9.010211677518654,1.04022666725582,9.427850264570473,0,0,0,0,0,0,0,0
1530.000000154022,1172.681866335925,140.8972163159774,9.010211677628222,1.040225730473632,9.427850261808281,0,0,0,0,0,0,0,0
1530.000000154022,1172.681866335925,140.8972163159774,9.010211677628222,1.040225730473632,9.427850261808281,0,0,0,0,0,0,0,0
1539.000000308141,975.847530886324,150.2924442565058,9.00962446676418,155.2945172394604,9.430712638653514,0,0,0,0,0,0,0,0
1539.000000308141,975.847530886324,150.2924442565058,9.00962446676418,155.2945172394604,9.430712638653514,0,0,0,0,0,0,0,0
1540,1174.578303390339,140.897219909924,9.010503609889694,1.040226684327162,9.427850265633984,0,0,0,0,0,0,0,0
1540.000000155004,1174.578326786679,140.8972163270831,9.01050360999991,1.040225741576324,9.427850262854204,0,0,0,0,0,0,0,0
1540.000000155004,1174.578326786679,140.8972163270831,9.01050360999991,1.040225741576324,9.427850262854204,0,0,0,0,0,0,0,0
1549.000000310107,977.746505944595,150.292444238787,9.009915458817103,155.2945172393382,9.43071263970282,0,0,0,0,0,0,0,0
1549.000000310107,977.746505944595,150.292444238787,9.009915458817103,155.2945172393382,9.43071263970282,0,0,0,0,0,0,0,0
1550,1176.477556828902,140.8972199424941,9.010794317681084,1.040226700936662,9.427850266704679,0,0,0,0,0,0,0,0
1550.000000156018,1176.477580378351,140.8972163362131,9.010794317791989,1.040225752018033,9.427850263906704,0,0,0,0,0,0,0,0
1550.000000156018,1176.477580378351,140.8972163362131,9.010794317791989,1.040225752018033,9.427850263906704,0,0,0,0,0,0,0,0
1559.000000312121,979.6482629603238,150.292444220976,9.010205229529321,155.2945172392188,9.430712640745199,0,0,0,0,0,0,0,0
1559.000000312121,979.6482629603238,150.292444220976,9.010205229529321,155.2945172392188,9.430712640745199,0,0,0,0,0,0,0,0
1560,1178.379590979047,140.8972199761105,9.011083805543814,1.040226717821935,9.427850267768646,0,0,0,0,0,0,0,0
1560.000000157016,1178.379614679136,140.8972163467678,9.011083805655385,1.040225762835085,9.427850264952783,0,0,0,0,0,0,0,0
1560.000000157016,1178.379614679136,140.8972163467678,9.011083805655385,1.040225762835085,9.427850264952783,0,0,0,0,0,0,0,0
1569.000000314131,981.5527895643429,150.2924442037117,9.010493783648657,155.294517239101,9.430712641788361,0,0,0,0,0,0,0,0
1569.000000314131,981.5527895643429,150.2924442037117,9.010493783648657,155.294517239101,9.430712641788361,0,0,0,0,0,0,0,0
1570,1180.284393483727,140.8972200102408,9.011372078228669,1.040226734712179,9.427850268833938,0,0,0,0,0,0,0,0
1570.000000158017,1180.284417335006,140.8972163577522,9.011372078340917,1.040225773634982,9.427850266000108,0,0,0,0,0,0,0,0
1570.000000158017,1180.284417335006,140.8972163577522,9.011372078340917,1.040225773634982,9.427850266000108,0,0,0,0,0,0,0,0
1579.000000316137,983.4600734404152,150.292444186719,9.010781126011903,155.2945172389838,9.430712642834735,0,0,0,0,0,0,0,0
1579.000000316137,983.4600734404152,150.292444186719,9.010781126011903,155.2945172389838,9.430712642834735,0,0,0,0,0,0,0,0
1580,1182.191952033863,140.8972200442911,9.011659140573917,1.040226751507634,9.427850269902271,0,0,0,0,0,0,0,0
1580.00000015902,1182.191976036571,140.8972163686199,9.01165914068684,1.040225784330409,9.427850267050461,0,0,0,0,0,0,0,0
1580.00000015902,1182.191976036571,140.8972163686199,9.01165914068684,1.040225784330409,9.427850267050461,0,0,0,0,0,0,0,0
1589.000000318133,985.3701023210965,150.2924441699143,9.011067261530835,155.2945172388688,9.43071264388176,0,0,0,0,0,0,0,0
1589.000000318133,985.3701023210965,150.2924441699143,9.011067261530835,155.2945172388688,9.43071264388176,0,0,0,0,0,0,0,0
1590,1184.102254366361,140.8972200782827,9.011944997491655,1.040226768230634,9.427850270970964,0,0,0,0,0,0,0,0
1590.000000160029,1184.102278521459,140.8972163792819,9.011944997605251,1.04022579491466,9.427850268101052,0,0,0,0,0,0,0,0
1590.000000160029,1184.102278521459,140.8972163792819,9.011944997605251,1.04022579491466,9.427850268101052,0,0,0,0,0,0,0,0
1599.000000320138,987.2828639888153,150.2924441533361,9.011352195181344,155.2945172387552,9.430712644926082,0,0,0,0,0,0,0,0
1599.000000320138,987.2828639888153,150.2924441533361,9.011352195181344,155.2945172387552,9.430712644926082,0,0,0,0,0,0,0,0
1600,1186.015288266032,140.8972201126594,9.012229653957158,1.04022678499217,9.42785027203699,0,0,0,0,0,0,0,0
1600.000000161008,1186.015312568922,140.897216391033,9.012229654071412,1.040225805722756,9.427850269149522,0,0,0,0,0,0,0,0
1600.000000161008,1186.015312568922,140.897216391033,9.012229654071412,1.040225805722756,9.427850269149522,0,0,0,0,0,0,0,0
1609.000000322125,989.1983462756614,150.2924441371545,9.011635931996432,155.2945172386429,9.430712645973927,0,0,0,0,0,0,0,0
1609.000000322125,989.1983462756614,150.2924441371545,9.011635931996432,155.2945172386429,9.430712645973927,0,0,0,0,0,0,0,0
1610,1187.931041573843,140.8972201470014,9.012513115002399,1.040226801644725,9.427850273106589,0,0,0,0,0,0,0,0
1610.000000162014,1187.931066028611,140.897216402124,9.012513115117326,1.040225816257305,9.427850270201082,0,0,0,0,0,0,0,0
1610.000000162014,1187.931066028611,140.897216402124,9.012513115117326,1.040225816257305,9.427850270201082,0,0,0,0,0,0,0,0
1619.000000324134,991.1165370677538,150.2924441210905,9.011918477056948,155.2945172385321,9.430712647019723,0,0,0,0,0,0,0,0
1619.000000324134,991.1165370677538,150.2924441210905,9.011918477056948,155.2945172385321,9.430712647019723,0,0,0,0,0,0,0,0
1620,1189.849484288015,140.8972239378627,9.01279538570591,1.040312306576905,9.427850274174556,0,0,0,0,0,0,0,0
1620.000000163027,1189.849508895785,140.8972201695621,9.012795385821514,1.040311315054956,9.427850271250877,0,0,0,0,0,0,0,0
1620.000000163027,1189.849508895785,140.8972201695621,9.012795385821514,1.040311315054956,9.427850271250877,0,0,0,0,0,0,0,0
1629.000000326143,993.0374242484099,150.2924441189638,9.012199835487362,155.2945172385017,9.4307126480576,0,0,0,0,0,0,0,0
1629.000000326143,993.0374242484099,150.2924441189638,9.012199835487362,155.2945172385017,9.4307126480576,0,0,0,0,0,0,0,0
1630,1191.770640093273,140.8972239819316,9.013076471189448,1.040312296649834,9.427850275234761,0,0,0,0,0,0,0,0
1630.000000164019,1191.770664850725,140.8972201907164,9.013076471305721,1.040311299098569,9.427850272293304,0,0,0,0,0,0,0,0
1630.000000164019,1191.770664850725,140.8972201907164,9.013076471305721,1.040311299098569,9.427850272293304,0,0,0,0,0,0,0,0
1639.000000328122,994.9609959061598,150.2924441045321,9.012480012438175,155.2945172383945,9.430712649100666,0,0,0,0,0,0,0,0
1639.000000328122,994.9609959061598,150.2924441045321,9.012480012438175,155.2945172383945,9.430712649100666,0,0,0,0,0,0,0,0
1640,1193.694479171199,140.8972240162213,9.013356376601005,1.040312286675397,9.427850276299528,0,0,0,0,0,0,0,0
1640.000000165003,1193.6945040772,140.897220202265,9.013356376717933,1.04031128314045,9.427850273340427,0,0,0,0,0,0,0,0
1640.000000165003,1193.6945040772,140.897220202265,9.013356376717933,1.04031128314045,9.427850273340427,0,0,0,0,0,0,0,0
1649.000000330124,996.8872400384299,150.2924440893226,9.0127590130957,155.2945172382874,9.430712650144855,0,0,0,0,0,0,0,0
1649.000000330124,996.8872400384299,150.2924440893226,9.0127590130957,155.2945172382874,9.430712650144855,0,0,0,0,0,0,0,0
1650,1195.620989526829,140.897224050427,9.013635107122971,1.040312276955185,9.427850277365705,0,0,0,0,0,0,0,0
1650.000000166001,1195.621014583644,140.8972202133827,9.013635107240564,1.040311267345287,9.427850274388682,0,0,0,0,0,0,0,0
1650.000000166001,1195.621014583644,140.8972202133827,9.013635107240564,1.040311267345287,9.427850274388682,0,0,0,0,0,0,0,0
1659.000000332117,998.8161447349896,150.2924440742704,9.013036842668427,155.2945172381819,9.430712651189948,0,0,0,0,0,0,0,0
1659.000000332117,998.8161447349896,150.2924440742704,9.013036842668427,155.2945172381819,9.430712651189948,0,0,0,0,0,0,0,0
1660,1197.55015926136,140.8972240844612,9.013912667959728,1.040312267273759,9.427850278432489,0,0,0,0,0,0,0,0
1660.000000167003,1197.550184469436,140.8972202242605,9.013912668077998,1.040311251570933,9.427850275437509,0,0,0,0,0,0,0,0
1660.000000167003,1197.550184469436,140.8972202242605,9.013912668077998,1.040311251570933,9.427850275437509,0,0,0,0,0,0,0,0
1669.000000334127,1000.747698142551,150.2924440593957,9.013313506382408,155.2945172380781,9.43071265223308,0,0,0,0,0,0,0,0
1669.000000334127,1000.747698142551,150.2924440593957,9.013313506382408,155.2945172380781,9.43071265223308,0,0,0,0,0,0,0,0
1670,1199.481976521665,140.8972241191304,9.014189064332687,1.040312257840966,9.42785027949761,0,0,0,0,0,0,0,0
1670.000000168005,1199.48200188107,140.8972202357629,9.014189064451621,1.040311236042446,9.427850276484655,0,0,0,0,0,0,0,0
1670.000000168005,1199.48200188107,140.8972202357629,9.014189064451621,1.040311236042446,9.427850276484655,0,0,0,0,0,0,0,0
1679.000000336122,1002.681888460109,150.2924440448207,9.013589009477837,155.2945172379758,9.430712653277087,0,0,0,0,0,0,0,0
1679.000000336122,1002.681888460109,150.2924440448207,9.013589009477837,155.2945172379758,9.430712653277087,0,0,0,0,0,0,0,0
1680,1201.41642951808,140.8972241536215,9.014464301477307,1.040312248413579,9.427850280563437,0,0,0,0,0,0,0,0
1680.000000169008,1201.416455028816,140.8972202470872,9.014464301596913,1.040311220519365,9.427850277532508,0,0,0,0,0,0,0,0
1680.000000169008,1201.416455028816,140.8972202470872,9.014464301596913,1.040311220519365,9.427850277532508,0,0,0,0,0,0,0,0
1689.000000338142,1004.618703941179,150.2924440304145,9.013863357204754,155.2945172378744,9.430712654320081,0,0,0,0,0,0,0,0
1689.000000338142,1004.618703941179,150.2924440304145,9.013863357204754,155.2945172378744,9.430712654320081,0,0,0,0,0,0,0,0
1690,1203.353506502814,140.8972241888333,9.01473838463829,1.04031223925656,9.427850281628617,0,0,0,0,0,0,0,0
1690.00000017001,1203.353532164948,140.8972202591217,9.014738384758568,1.040311205263886,9.427850278579704,0,0,0,0,0,0,0,0
1690.00000017001,1203.353532164948,140.8972202591217,9.014738384758568,1.040311205263886,9.427850278579704,0,0,0,0,0,0,0,0
1699.000000340123,1006.558132891327,150.2924440162819,9.014136554819812,155.2945172377738,9.430712655365486,0,0,0,0,0,0,0,0
1699.000000340123,1006.558132891327,150.2924440162819,9.014136554819812,155.2945172377738,9.430712655365486,0,0,0,0,0,0,0,0
1700,1205.293195796501,140.8972242233689,9.015011319066938,1.040312229974298,9.427850282695674,0,0,0,0,0,0,0,0
1700.000000171025,1205.293221611784,140.8972202702118,9.015011319187892,1.040311189812638,9.427850279628574,0,0,0,0,0,0,0,0
1700.000000171025,1205.293221611784,140.8972202702118,9.015011319187892,1.040311189812638,9.427850279628574,0,0,0,0,0,0,0,0
1709.000000342142,1008.500163671402,150.2924440021792,9.014408607581128,155.2945172376749,9.43071265640563,0,0,0,0,0,0,0,0
1709.000000342142,1008.500163671402,150.2924440021792,9.014408607581128,155.2945172376749,9.43071265640563,0,0,0,0,0,0,0,0
1710,1207.235485754148,140.8972242587153,9.015283110015256,1.040312221011898,9.427850283757785,0,0,0,0,0,0,0,0
1710.000000172004,1207.235511717297,140.8972202829222,9.015283110136863,1.040311174894214,9.427850280673121,0,0,0,0,0,0,0,0
1710.000000172004,1207.235511717297,140.8972202829222,9.015283110136863,1.040311174894214,9.427850280673121,0,0,0,0,0,0,0,0
1719.000000344114,1010.444784691877,150.2924439885446,9.014679520747537,155.2945172375771,9.430712657450451,0,0,0,0,0,0,0,0
1719.000000344114,1010.444784691877,150.2924439885446,9.014679520747537,155.2945172375771,9.430712657450451,0,0,0,0,0,0,0,0
1720,1209.18036480326,140.8972242934825,9.015553762736447,1.040312211910314,9.427850284824293,0,0,0,0,0,0,0,0
1720.000000173008,1209.18039091798,140.8972202944858,9.015553762858724,1.040311159687255,9.427850281721627,0,0,0,0,0,0,0,0
1720.000000173008,1209.18039091798,140.8972202944858,9.015553762858724,1.040311159687255,9.427850281721627,0,0,0,0,0,0,0,0
1729.000000346126,1012.391984421452,150.292443974877,9.014949299573967,155.2945172374802,9.430712658491554,0,0,0,0,0,0,0,0
1729.000000346126,1012.391984421452,150.292443974877,9.014949299573967,155.2945172374802,9.430712658491554,0,0,0,0,0,0,0,0
1730,1211.127821405338,140.89722432913,9.015823282478802,1.040312203156869,9.427850285887391,0,0,0,0,0,0,0,0
1730.000000174013,1211.127847671836,140.8972203068981,9.015823282601751,1.040311144820139,9.427850282766695,0,0,0,0,0,0,0,0
1730.000000174013,1211.127847671836,140.8972203068981,9.015823282601751,1.040311144820139,9.427850282766695,0,0,0,0,0,0,0,0
1739.00000034813,1014.341751377565,150.2924439615523,9.015217949309044,155.2945172373848,9.430712659533233,0,0,0,0,0,0,0,0
1739.00000034813,1014.341751377565,150.2924439615523,9.015217949309044,155.2945172373848,9.430712659533233,0,0,0,0,0,0,0,0
1740,1213.077844091414,140.8972243647346,9.01609167448464,1.040312194430143,9.42785028695109,0,0,0,0,0,0,0,0
1740.000000175001,1213.077870507012,140.8972203196775,9.016091674608248,1.040311130087606,9.427850283812687,0,0,0,0,0,0,0,0
1740.000000175001,1213.077870507012,140.8972203196775,9.016091674608248,1.040311130087606,9.427850283812687,0,0,0,0,0,0,0,0
1749.000000350102,1016.294074133418,150.2924439484148,9.015485475193785,155.2945172372905,9.430712660577246,0,0,0,0,0,0,0,0
1749.000000350102,1016.294074133418,150.2924439484148,9.015485475193785,155.2945172372905,9.430712660577246,0,0,0,0,0,0,0,0
1750,1215.030421441638,140.8972243999029,9.016358943988376,1.040312185655659,9.427850288016716,0,0,0,0,0,0,0,0
1750.000000176002,1215.030448008397,140.8972203317053,9.016358944112646,1.040311115224342,9.427850284860362,0,0,0,0,0,0,0,0
1750.000000176002,1215.030448008397,140.8972203317053,9.016358944112646,1.040311115224342,9.427850284860362,0,0,0,0,0,0,0,0
1759.000000352135,1018.248941315198,150.2924439353812,9.01575188245705,155.2945172371974,9.43071266161768,0,0,0,0,0,0,0,0
1759.000000352135,1018.248941315198,150.2924439353812,9.01575188245705,155.2945172371974,9.43071266161768,0,0,0,0,0,0,0,0
1760,1216.985542075153,140.8972244364496,9.016625096211717,1.040312177328702,9.427850289079545,0,0,0,0,0,0,0,0
1760.000000177001,1216.985568792729,140.897220345164,9.016625096336659,1.040311100822434,9.42785028590527,0,0,0,0,0,0,0,0
1760.000000177001,1216.985568792729,140.897220345164,9.016625096336659,1.040311100822434,9.42785028590527,0,0,0,0,0,0,0,0
1769.000000354104,1020.206341600097,150.29244392267,9.016017176315675,155.2945172371044,9.430712662662575,0,0,0,0,0,0,0,0
1769.000000354104,1020.206341600097,150.29244392267,9.016017176315675,155.2945172371044,9.430712662662575,0,0,0,0,0,0,0,0
1770,1218.943194693132,140.8972244717113,9.016890136364898,1.040312168698791,9.427850290145985,0,0,0,0,0,0,0,0
1770.000000178014,1218.943221563654,140.8972203570119,9.016890136490515,1.040311086031834,9.427850286953554,0,0,0,0,0,0,0,0
1770.000000178014,1218.943221563654,140.8972203570119,9.016890136490515,1.040311086031834,9.427850286953554,0,0,0,0,0,0,0,0
1779.000000356147,1022.16626372155,150.2924439099321,9.016281361970037,155.2945172370136,9.430712663700623,0,0,0,0,0,0,0,0
1779.000000356147,1022.16626372155,150.2924439099321,9.016281361970037,155.2945172370136,9.430712663700623,0,0,0,0,0,0,0,0
1780,1220.903368012265,140.8972245087398,9.017154069640609,1.040312160643779,9.427850291206514,0,0,0,0,0,0,0,0
1780.00000017902,1220.903395034738,140.8972203707789,9.017154069766892,1.040311071856235,9.427850287996034,0,0,0,0,0,0,0,0
1780.00000017902,1220.903395034738,140.8972203707789,9.017154069766892,1.040311071856235,9.427850287996034,0,0,0,0,0,0,0,0
1789.000000358129,1024.128696460962,150.2924438976175,9.016544444604705,155.2945172369233,9.43071266474321,0,0,0,0,0,0,0,0
1789.000000358129,1024.128696460962,150.2924438976175,9.016544444604705,155.2945172369233,9.43071266474321,0,0,0,0,0,0,0,0
1790,1222.866050840101,140.8972245447473,9.017416901216686,1.040312152336663,9.427850292271055,0,0,0,0,0,0,0,0
1790.000000180014,1222.866078012604,140.8972203838193,9.017416901343633,1.040311057505975,9.427850289042757,0,0,0,0,0,0,0,0
1790.000000180014,1222.866078012604,140.8972203838193,9.017416901343633,1.040311057505975,9.427850289042757,0,0,0,0,0,0,0,0
1799.000000360134,1026.094029496972,150.2923442301926,9.016806404014254,155.2945181079502,9.430712707451159,0,0,0,0,0,0,0,0
1799.000000360134,1026.094029496972,150.2923442301926,9.016806404014254,155.2945181079502,9.430712707451159,0,0,0,0,0,0,0,0
1800,1224.831544435121,140.8971465925436,9.017678613362918,1.040312142549987,9.427850331438627,0,0,0,0,0,0,0,0
1800.000000181002,1224.831571756918,140.8971424087623,9.017678613490524,1.040311041705196,9.427850328192587,0,0,0,0,0,0,0,0
1800.000000181002,1224.831571756918,140.8971424087623,9.017678613490524,1.040311041705196,9.427850328192587,0,0,0,0,0,0,0,0
1809.00000036212,1028.061482884425,150.2923360176445,9.017067287465414,155.2945181094531,9.430712725426709,0,0,0,0,0,0,0,0
1809.00000036212,1028.061482884425,150.2923360176445,9.017067287465414,155.2945181094531,9.430712725426709,0,0,0,0,0,0,0,0
1810,1226.799238426687,140.8971402425553,9.017939249312928,1.040312134438791,9.427850347964528,0,0,0,0,0,0,0,0
1810.00000018203,1226.799265903695,140.8971360350137,9.017939249441218,1.040311027342041,9.427850344700047,0,0,0,0,0,0,0,0
1810.00000018203,1226.799265903695,140.8971360350137,9.017939249441218,1.040311027342041,9.427850344700047,0,0,0,0,0,0,0,0
1819.000000364134,1030.03138329466,150.2923353591546,9.017327089545811,155.2945181109387,9.430712733201478,0,0,0,0,0,0,0,0
1819.000000364134,1030.03138329466,150.2923353591546,9.017327089545811,155.2945181109387,9.430712733201478,0,0,0,0,0,0,0,0
1820,1228.769385022969,140.8971397762711,9.018198804581454,1.04031212663033,9.42785035515891,0,0,0,0,0,0,0,0
1820.000000183017,1228.769412648943,140.8971355459254,9.018198804710398,1.040311013533304,9.427850351876748,0,0,0,0,0,0,0,0
1820.000000183017,1228.769412648943,140.8971355459254,9.018198804710398,1.040311013533304,9.427850351876748,0,0,0,0,0,0,0,0
1829.000000366119,1032.003747491433,150.2923353207381,9.017585811256417,155.2945181123976,9.430712736821295,0,0,0,0,0,0,0,0
1829.000000366119,1032.003747491433,150.2923353207381,9.017585811256417,155.2945181123976,9.430712736821295,0,0,0,0,0,0,0,0
1830,1230.741994863698,140.8971397921331,9.018457280539229,1.040312118721552,9.427850358557977,0,0,0,0,0,0,0,0
1830.000000184021,1230.742022641316,140.8971355385733,9.018457280668844,1.040310999516386,9.427850355257801,0,0,0,0,0,0,0,0
1830.000000184021,1230.742022641316,140.8971355385733,9.018457280668844,1.040310999516386,9.427850355257801,0,0,0,0,0,0,0,0
1839.000000368147,1033.97856680925,150.2923353329326,9.017843456150262,155.2945181138295,9.430712738772428,0,0,0,0,0,0,0,0
1839.000000368147,1033.97856680925,150.2923353329326,9.017843456150262,155.2945181138295,9.430712738772428,0,0,0,0,0,0,0,0
1840,1232.717058771666,140.8971398484254,9.018714680880027,1.040312111177943,9.427850360436665,0,0,0,0,0,0,0,0
1840.000000185004,1232.717086697598,140.8971355721612,9.018714681010294,1.040310985998776,9.427850357118867,0,0,0,0,0,0,0,0
1840.000000185004,1232.717086697598,140.8971355721612,9.018714681010294,1.040310985998776,9.427850357118867,0,0,0,0,0,0,0,0
1849.000000370111,1035.955830531201,150.2923353493637,9.018100028760719,155.2945181152362,9.43071274008348,0,0,0,0,0,0,0,0
1849.000000370111,1035.955830531201,150.2923353493637,9.018100028760719,155.2945181152362,9.43071274008348,0,0,0,0,0,0,0,0
1850,1234.694566009935,140.8971399065234,9.018971010186458,1.040312103339442,9.42785036173446,0,0,0,0,0,0,0,0
1850.000000186012,1234.694594088128,140.8971356069505,9.018971010317394,1.040310972027243,9.42785035839858,0,0,0,0,0,0,0,0
1850.000000186012,1234.694594088128,140.8971356069505,9.018971010317394,1.040310972027243,9.42785035839858,0,0,0,0,0,0,0,0
1859.000000372121,1037.935527821854,150.2923353657157,9.018355533967799,155.2945181166226,9.430712741151789,0,0,0,0,0,0,0,0
1859.000000372121,1037.935527821854,150.2923353657157,9.018355533967799,155.2945181166226,9.430712741151789,0,0,0,0,0,0,0,0
1860,1236.674505727579,140.8971399656147,9.019226273350307,1.040312095874026,9.427850362813471,0,0,0,0,0,0,0,0
1860.000000187016,1236.674533957417,140.8971356428277,9.019226273481907,1.040310958453686,9.427850359459589,0,0,0,0,0,0,0,0
1860.000000187016,1236.674533957417,140.8971356428277,9.019226273481907,1.040310958453686,9.427850359459589,0,0,0,0,0,0,0,0
1869.000000374128,1039.917647885622,150.2923353800917,9.018609976751959,155.2945181175513,9.430712742144092,0,0,0,0,0,0,0,0
1869.000000374128,1039.917647885622,150.2923353800917,9.018609976751959,155.2945181175513,9.430712742144092,0,0,0,0,0,0,0,0
1870,1238.656867139247,140.8971400230051,9.019480475350779,1.04031208849765,9.427850363825899,0,0,0,0,0,0,0,0
1870.000000188001,1238.656895517709,140.8971356774665,9.01948047548303,1.040310945090863,9.427850360454352,0,0,0,0,0,0,0,0
1870.000000188001,1238.656895517709,140.8971356774665,9.01948047548303,1.040310945090863,9.427850360454352,0,0,0,0,0,0,0,0
1879.000000376101,1041.902179979672,150.2923353901726,9.018863362104037,155.2945181176118,9.430712743125699,0,0,0,0,0,0,0,0
1879.000000376101,1041.902179979672,150.2923353901726,9.018863362104037,155.2945181176118,9.430712743125699,0,0,0,0,0,0,0,0
1880,1240.641639510045,140.8971400759698,9.019733621172259,1.040312080999191,9.427850364830274,0,0,0,0,0,0,0,0
1880.000000189017,1240.641668042006,140.8971357069333,9.019733621305191,1.04031093140959,9.427850361440496,0,0,0,0,0,0,0,0
1880.000000189017,1240.641668042006,140.8971357069333,9.019733621305191,1.04031093140959,9.427850361440496,0,0,0,0,0,0,0,0
1889.000000378144,1043.889113385693,150.2923353996254,9.019115694989644,155.2945181176723,9.430712744106193,0,0,0,0,0,0,0,0
1889.000000378144,1043.889113385693,150.2923353996254,9.019115694989644,155.2945181176723,9.430712744106193,0,0,0,0,0,0,0,0
1890,1242.628812115175,140.8971401299584,9.019985715771693,1.040312073994922,9.427850365835248,0,0,0,0,0,0,0,0
1890.000000190012,1242.628840797305,140.8971357379337,9.01998571590528,1.040310918356644,9.427850362427639,0,0,0,0,0,0,0,0
1890.000000190012,1242.628840797305,140.8971357379337,9.01998571590528,1.040310918356644,9.427850362427639,0,0,0,0,0,0,0,0
1899.000000380129,1045.878437447216,150.2923354092846,9.019366980341628,155.2945181177324,9.430712745102632,0,0,0,0,0,0,0,0
1899.000000380129,1045.878437447216,150.2923354092846,9.019366980341628,155.2945181177324,9.430712745102632,0,0,0,0,0,0,0,0
1900,1244.618374321456,140.8971401829307,9.020236764073882,1.040312066772193,9.427850366855838,0,0,0,0,0,0,0,0
1900.000000191011,1244.618403154476,140.8971357678076,9.020236764208136,1.040310905056198,9.427850363430306,0,0,0,0,0,0,0,0
1900.000000191011,1244.618403154476,140.8971357678076,9.020236764208136,1.040310905056198,9.427850363430306,0,0,0,0,0,0,0,0
1909.000000382125,1047.870141564154,150.2923354187329,9.019617223057166,155.2945181177897,9.430712746107991,0,0,0,0,0,0,0,0
1909.000000382125,1047.870141564154,150.2923354187329,9.019617223057166,155.2945181177897,9.430712746107991,0,0,0,0,0,0,0,0
1910,1246.610315524709,140.8971402358936,9.020486770967125,1.040312059680401,9.427850367885,0,0,0,0,0,0,0,0
1910.000000192011,1246.610344508756,140.8971357976509,9.020486771102039,1.040310891881157,9.427850364441536,0,0,0,0,0,0,0,0
1910.000000192011,1246.610344508756,140.8971357976509,9.020486771102039,1.040310891881157,9.427850364441536,0,0,0,0,0,0,0,0
1919.000000384115,1049.864215182751,150.2923354281249,9.01986642799695,155.2945181178454,9.43071274711928,0,0,0,0,0,0,0,0
1919.000000384115,1049.864215182751,150.2923354281249,9.01986642799695,155.2945181178454,9.43071274711928,0,0,0,0,0,0,0,0
1920,1248.604625177733,140.8971402887367,9.020735741303737,1.040312052661815,9.427850368919788,0,0,0,0,0,0,0,0
1920.000000193009,1248.604654312397,140.8971358274376,9.020735741439308,1.040310878795918,9.42785036545844,0,0,0,0,0,0,0,0
1920.000000193009,1248.604654312397,140.8971358274376,9.020735741439308,1.040310878795918,9.42785036545844,0,0,0,0,0,0,0,0
1929.000000386118,1051.860647798982,150.2923354374924,9.020114599987538,155.2945181179002,9.430712748134495,0,0,0,0,0,0,0,0
1929.000000386118,1051.860647798982,150.2923354374924,9.020114599987538,155.2945181179002,9.430712748134495,0,0,0,0,0,0,0,0
1930,1250.601292779543,140.8971403417737,9.020983679901995,1.040312045786775,9.427850369958529,0,0,0,0,0,0,0,0
1930.000000194011,1250.601322065578,140.8971358573025,9.020983680038233,1.040310865823801,9.427850366479186,0,0,0,0,0,0,0,0
1930.000000194011,1250.601322065578,140.8971358573025,9.020983680038233,1.040310865823801,9.427850366479186,0,0,0,0,0,0,0,0
1939.000000388117,1053.859428957719,150.2923354468428,9.020361743822555,155.2945181179519,9.43071274915307,0,0,0,0,0,0,0,0
1939.000000388117,1053.859428957719,150.2923354468428,9.020361743822555,155.2945181179519,9.43071274915307,0,0,0,0,0,0,0,0
1940,1252.600307880977,140.8971403948409,9.021230591547413,1.04031203901388,9.427850371000565,0,0,0,0,0,0,0,0
1940.000000195025,1252.60033732017,140.8971358869243,9.021230591684327,1.040310852881919,9.427850367503039,0,0,0,0,0,0,0,0
1940.000000195025,1252.60033732017,140.8971358869243,9.021230591684327,1.040310852881919,9.427850367503039,0,0,0,0,0,0,0,0
1949.000000390142,1055.860548252502,150.2923354561241,9.020607864262837,155.2945181180033,9.430712750172679,0,0,0,0,0,0,0,0
1949.000000390142,1055.860548252502,150.2923354561241,9.020607864262837,155.2945181180033,9.430712750172679,0,0,0,0,0,0,0,0
1950,1254.601660077549,140.8971404483273,9.021476480992753,1.040312032454023,9.427850372043858,0,0,0,0,0,0,0,0
1950.000000196015,1254.601689666191,140.8971359175331,9.021476481130321,1.040310840302425,9.427850368528585,0,0,0,0,0,0,0,0
1950.000000196015,1254.601689666191,140.8971359175331,9.021476481130321,1.040310840302425,9.427850368528585,0,0,0,0,0,0,0,0
1959.000000392127,1057.863995323558,150.2923354655323,9.020852966038042,155.2945181180517,9.430712751199721,0,0,0,0,0,0,0,0
1959.000000392127,1057.863995323558,150.2923354655323,9.020852966038042,155.2945181180517,9.430712751199721,0,0,0,0,0,0,0,0
1960,1256.60533902304,140.89714050107,9.021721352959887,1.040312025758868,9.427850373094179,0,0,0,0,0,0,0,0
1960.000000197005,1256.605368761098,140.8971359474032,9.021721353098108,1.040310827589017,9.427850369561162,0,0,0,0,0,0,0,0
1960.000000197005,1256.605368761098,140.8971359474032,9.021721353098108,1.040310827589017,9.427850369561162,0,0,0,0,0,0,0,0
1969.000000394114,1059.869759861504,150.2923354747858,9.021097053845182,155.2945181181022,9.430712752228924,0,0,0,0,0,0,0,0
1969.000000394114,1059.869759861504,150.2923354747858,9.021097053845182,155.2945181181022,9.430712752228924,0,0,0,0,0,0,0,0
1970,1258.611334406921,140.8971405537166,9.021965212137614,1.040312019158039,9.42785037414639,0,0,0,0,0,0,0,0
1970.000000198014,1258.611364297348,140.8971359767253,9.021965212276505,1.040310814851008,9.427850370595269,0,0,0,0,0,0,0,0
1970.000000198014,1258.611364297348,140.8971359767253,9.021965212276505,1.040310814851008,9.427850370595269,0,0,0,0,0,0,0,0
1979.000000396123,1061.877831603002,150.2923354839245,9.021340132347252,155.2945181181503,9.430712753255158,0,0,0,0,0,0,0,0
1979.000000396123,1061.877831603002,150.2923354839245,9.021340132347252,155.2945181181503,9.430712753255158,0,0,0,0,0,0,0,0
1980,1260.619635967883,140.8971406067153,9.022208063180894,1.040312012759343,9.427850375195717,0,0,0,0,0,0,0,0
1980.000000199002,1260.619666007521,140.8971360068831,9.02220806332044,1.040310802442355,9.427850371626882,0,0,0,0,0,0,0,0
1980.000000199002,1260.619666007521,140.8971360068831,9.02220806332044,1.040310802442355,9.427850371626882,0,0,0,0,0,0,0,0
1989.000000398111,1063.88820033067,150.2923354931802,9.02158220617587,155.2945181181961,9.430712754284095,0,0,0,0,0,0,0,0
1989.000000398111,1063.88820033067,150.2923354931802,9.02158220617587,155.2945181181961,9.430712754284095,0,0,0,0,0,0,0,0
1990,1262.630233498972,140.8971406594007,9.022449910713679,1.040312006341269,9.427850376247717,0,0,0,0,0,0,0,0
1990.000000200026,1262.630263693243,140.8971360358972,9.022449910853902,1.040310789795831,9.427850372660513,0,0,0,0,0,0,0,0
1990.000000200026,1262.630263693243,140.8971360358972,9.022449910853902,1.040310789795831,9.427850372660513,0,0,0,0,0,0,0,0
1999.000000400147,1065.900855876903,150.292335502218,9.021823279929828,155.2945181182391,9.430712755308258,0,0,0,0,0,0,0,0
1999.000000400147,1065.900855876903,150.292335502218,9.021823279929828,155.2945181182391,9.430712755308258,0,0,0,0,0,0,0,0
2000,1264.643116827454,140.8971407129656,9.022690759326645,1.040312000284519,9.427850377295426,0,0,0,0,0,0,0,0
2000.000000201017,1264.643147171382,140.8971360665527,9.022690759467519,1.040310777711147,9.42785037369045,0,0,0,0,0,0,0,0
2000.000000201017,1264.643147171382,140.8971360665527,9.022690759467519,1.040310777711147,9.42785037369045,0,0,0,0,0,0,0,0
2009.000000402142,1067.915788116032,150.2923355115024,9.022063358177185,155.2945181182818,9.430712756339029,0,0,0,0,0,0,0,0
2009.000000402142,1067.915788116032,150.2923355115024,9.022063358177185,155.2945181182818,9.430712756339029,0,0,0,0,0,0,0,0
2010,1266.65827584514,140.8971407658664,9.02293061358046,1.040311994084202,9.427850378349598,0,0,0,0,0,0,0,0
2010.000000202008,1266.658306338657,140.8971360965547,9.022930613721991,1.040310765485662,9.427850374726848,0,0,0,0,0,0,0,0
2010.000000202008,1266.658306338657,140.8971360965547,9.022930613721991,1.040310765485662,9.427850374726848,0,0,0,0,0,0,0,0
2019.000000404112,1069.932986973391,150.2923355206045,9.022302445454285,155.2945181183247,9.430712757372406,0,0,0,0,0,0,0,0
2019.000000404112,1069.932986973391,150.2923355206045,9.022302445454285,155.2945181183247,9.430712757372406,0,0,0,0,0,0,0,0
2020,1268.675700480053,140.8971408180035,9.023169478003506,1.040311987807061,9.427850379405548,0,0,0,0,0,0,0,0
2020.000000203009,1268.67573112467,140.8971361255619,9.023169478145697,1.040310753122507,9.42785037576486,0,0,0,0,0,0,0,0
2020.000000203009,1268.67573112467,140.8971361255619,9.023169478145697,1.040310753122507,9.42785037576486,0,0,0,0,0,0,0,0
2029.000000406112,1071.952442418287,150.292335529553,9.022540546262842,155.2945181183698,9.430712758400624,0,0,0,0,0,0,0,0
2029.000000406112,1071.952442418287,150.292335529553,9.022540546262842,155.2945181183698,9.430712758400624,0,0,0,0,0,0,0,0
2030,1270.69538069752,140.8971408707112,9.023407357089521,1.040311981794007,9.427850380456618,0,0,0,0,0,0,0,0
2030.000000204,1270.695411491898,140.8971361553446,9.023407357232365,1.04031074107737,9.427850376798137,0,0,0,0,0,0,0,0
2030.000000204,1270.695411491898,140.8971361553446,9.023407357232365,1.04031074107737,9.427850376798137,0,0,0,0,0,0,0,0
2039.000000408113,1073.974144463862,150.2923355386201,9.02277766507299,155.2945181184054,9.430712759428921,0,0,0,0,0,0,0,0
2039.000000408113,1073.974144463862,150.2923355386201,9.02277766507299,155.2945181184054,9.430712759428921,0,0,0,0,0,0,0,0
2040,1272.717306519364,140.8971409236018,9.023644255301161,1.040311975888143,9.427850381508145,0,0,0,0,0,0,0,0
2040.000000205004,1272.717337465288,140.8971361850368,9.023644255444673,1.040310729067514,9.427850377831666,0,0,0,0,0,0,0,0
2040.000000205004,1272.717337465288,140.8971361850368,9.023644255444673,1.040310729067514,9.427850377831666,0,0,0,0,0,0,0,0
2049.000000410132,1075.998083170437,150.2923355476415,9.023013806323945,155.2945181184427,9.430712760457771,0,0,0,0,0,0,0,0
2049.000000410132,1075.998083170437,150.2923355476415,9.023013806323945,155.2945181184427,9.430712760457771,0,0,0,0,0,0,0,0
2050,1274.74146800881,140.8971409767708,9.023880177070025,1.040311970145041,9.427850382560447,0,0,0,0,0,0,0,0
2050.000000206031,1274.741499109746,140.8971362144766,9.023880177214213,1.040310717080751,9.427850378865564,0,0,0,0,0,0,0,0
2050.000000206031,1274.741499109746,140.8971362144766,9.023880177214213,1.040310717080751,9.427850378865564,0,0,0,0,0,0,0,0
2059.000000412136,1078.024248643151,150.2923355565481,9.023248974422685,155.2945181184809,9.430712761485079,0,0,0,0,0,0,0,0
2059.000000412136,1078.024248643151,150.2923355565481,9.023248974422685,155.2945181184809,9.430712761485079,0,0,0,0,0,0,0,0
2060,1276.767855279913,140.8971410294727,9.024115126795454,1.040311964384819,9.427850383610762,0,0,0,0,0,0,0,0
2060.000000207029,1276.767886531572,140.8971362441063,9.024115126940298,1.040310705249726,9.427850379897981,0,0,0,0,0,0,0,0
2060.000000207029,1276.767886531572,140.8971362441063,9.024115126940298,1.040310705249726,9.427850379897981,0,0,0,0,0,0,0,0
2069.000000414148,1080.052631030052,150.2923355655281,9.023483173744602,155.2945181185179,9.430712762512846,0,0,0,0,0,0,0,0
2069.000000414148,1080.052631030052,150.2923355655281,9.023483173744602,155.2945181185179,9.430712762512846,0,0,0,0,0,0,0,0
2070,1278.796458480646,140.8971410825707,9.024349108845346,1.040311958797244,9.427850384661975,0,0,0,0,0,0,0,0
2070.000000208013,1278.7964898809,140.8971362744579,9.024349108990844,1.040310693677085,9.427850380931538,0,0,0,0,0,0,0,0
2070.000000208013,1278.7964898809,140.8971362744579,9.024349108990844,1.040310693677085,9.427850380931538,0,0,0,0,0,0,0,0
2079.000000416137,1082.083220524336,150.2923355745595,9.023716408635003,155.2945181185547,9.430712763546321,0,0,0,0,0,0,0,0
2079.000000416137,1082.083220524336,150.2923355745595,9.023716408635003,155.2945181185547,9.430712763546321,0,0,0,0,0,0,0,0
2080,1280.827267815108,140.8971411350491,9.02458212755775,1.04031195311433,9.427850385718585,0,0,0,0,0,0,0,0
2080.000000209013,1280.827299366361,140.897136303822,9.024582127703907,1.040310681912306,9.427850381970211,0,0,0,0,0,0,0,0
2080.000000209013,1280.827299366361,140.897136303822,9.024582127703907,1.040310681912306,9.427850381970211,0,0,0,0,0,0,0,0
2089.00000041812,1084.11600736469,150.2923355834021,9.023948683406884,155.2945181185905,9.430712764578582,0,0,0,0,0,0,0,0
2089.00000041812,1084.11600736469,150.2923355834021,9.023948683406884,155.2945181185905,9.430712764578582,0,0,0,0,0,0,0,0
2090,1282.860273521719,140.8971411873991,9.024814187237899,1.040311947516718,9.42785038677359,0,0,0,0,0,0,0,0
2090.000000210011,1282.860305223626,140.8971363331104,9.024814187384711,1.040310670246657,9.427850383007321,0,0,0,0,0,0,0,0
2090.000000210011,1282.860305223626,140.8971363331104,9.024814187384711,1.040310670246657,9.427850383007321,0,0,0,0,0,0,0,0
2099.000000420133,1086.150981831171,150.2923355922236,9.024180002340918,155.2945181186242,9.430712765608288,0,0,0,0,0,0,0,0
2099.000000420133,1086.150981831171,150.2923355922236,9.024180002340918,155.2945181186242,9.430712765608288,0,0,0,0,0,0,0,0
2100,1284.895465882009,140.8971412402119,9.025045292159113,1.040311942126368,9.427850387826398,0,0,0,0,0,0,0,0
2100.000000211,1284.895497733405,140.8971363630401,9.025045292306581,1.040310658835287,9.427850384042381,0,0,0,0,0,0,0,0
2100.000000211,1284.895497733405,140.8971363630401,9.025045292306581,1.040310658835287,9.427850384042381,0,0,0,0,0,0,0,0
2109.000000422113,1088.188134247356,150.2923356011178,9.024410369688157,155.2945181186564,9.430712766640164,0,0,0,0,0,0,0,0
2109.000000422113,1088.188134247356,150.2923356011178,9.024410369688157,155.2945181186564,9.430712766640164,0,0,0,0,0,0,0,0
2110,1286.93283523123,140.8971412924469,9.025275446565361,1.040311936644705,9.42785038888111,0,0,0,0,0,0,0,0
2110.000000212023,1286.932867236987,140.8971363916459,9.025275446713499,1.040310647136237,9.427850385078761,0,0,0,0,0,0,0,0
2110.000000212023,1286.932867236987,140.8971363916459,9.025275446713499,1.040310647136237,9.427850385078761,0,0,0,0,0,0,0,0
2119.000000424141,1090.227454981933,150.2923356097812,9.024639789668081,155.2945181186896,9.430712767665536,0,0,0,0,0,0,0,0
2119.000000424141,1090.227454981933,150.2923356097812,9.024639789668081,155.2945181186896,9.430712767665536,0,0,0,0,0,0,0,0
2120,1288.972371931355,140.8971413455085,9.025504654668513,1.040311931505527,9.427850389929747,0,0,0,0,0,0,0,0
2120.000000213022,1288.972404087974,140.8971364216143,9.025504654817311,1.040310635920724,9.427850386109482,0,0,0,0,0,0,0,0
2120.000000213022,1288.972404087974,140.8971364216143,9.025504654817311,1.040310635920724,9.427850386109482,0,0,0,0,0,0,0,0
2129.000000426136,1092.268934442622,150.2923356186199,9.024868266470948,155.2945181187187,9.43071276869361,0,0,0,0,0,0,0,0
2129.000000426136,1092.268934442622,150.2923356186199,9.024868266470948,155.2945181187187,9.43071276869361,0,0,0,0,0,0,0,0
2130,1291.014066404872,140.8971413981586,9.02573292065207,1.040311926302746,9.427850390981064,0,0,0,0,0,0,0,0
2130.000000214003,1291.014098709676,140.897136451581,9.025732920801513,1.040310624749473,9.4278503871432,0,0,0,0,0,0,0,0
2130.000000214003,1291.014098709676,140.897136451581,9.025732920801513,1.040310624749473,9.4278503871432,0,0,0,0,0,0,0,0
2139.000000428126,1094.31256308195,150.2923356274802,9.025095804258536,155.2945181187487,9.430712769726112,0,0,0,0,0,0,0,0
2139.000000428126,1094.31256308195,150.2923356274802,9.025095804258536,155.2945181187487,9.430712769726112,0,0,0,0,0,0,0,0
2140,1293.057909107396,140.8971414504285,9.025960248670682,1.040311921072079,9.427850392036564,0,0,0,0,0,0,0,0
2140.000000215041,1293.057941568897,140.8971364798643,9.025960248820812,1.040310613207383,9.427850388180092,0,0,0,0,0,0,0,0
2140.000000215041,1293.057941568897,140.8971364798643,9.025960248820812,1.040310613207383,9.427850388180092,0,0,0,0,0,0,0,0
2149.000000430147,1096.358331396456,150.2923356359611,9.02532240716045,155.2945181187787,9.430712770750086,0,0,0,0,0,0,0,0
2149.000000430147,1096.358331396456,150.2923356359611,9.02532240716045,155.2945181187787,9.430712770750086,0,0,0,0,0,0,0,0
2150,1295.103890530304,140.8971415033844,9.026186642846412,1.040311916176605,9.427850393083668,0,0,0,0,0,0,0,0
2150.000000216003,1295.103923137106,140.8971365105783,9.026186642997168,1.040310602459599,9.427850389209937,0,0,0,0,0,0,0,0
2150.000000216003,1295.103923137106,140.8971365105783,9.026186642997168,1.040310602459599,9.427850389209937,0,0,0,0,0,0,0,0
2159.000000432125,1098.406229917538,150.2923356449226,9.025548079278762,155.2945181188036,9.430712771783062,0,0,0,0,0,0,0,0
2159.000000432125,1098.406229917538,150.2923356449226,9.025548079278762,155.2945181188036,9.430712771783062,0,0,0,0,0,0,0,0
2160,1297.152001223155,140.8971415556669,9.026412107275045,1.040311911082018,9.427850394139865,0,0,0,0,0,0,0,0
2160.000000217004,1297.152033981026,140.897136539736,9.02641210742647,1.040310591280381,9.427850390248198,0,0,0,0,0,0,0,0
2160.000000217004,1297.152033981026,140.897136539736,9.02641210742647,1.040310591280381,9.427850390248198,0,0,0,0,0,0,0,0
2169.000000434115,1100.456249226744,150.2923356535275,9.025772824686998,155.2945181188333,9.430712772814925,0,0,0,0,0,0,0,0
2169.000000434115,1100.456249226744,150.2923356535275,9.025772824686998,155.2945181188333,9.430712772814925,0,0,0,0,0,0,0,0
2170,1299.20223176262,140.8971416078914,9.026636646022716,1.040311906119662,9.427850395194506,0,0,0,0,0,0,0,0
2170.000000218023,1299.202264674442,140.8971365683943,9.02663664617481,1.040310580117232,9.427850391284549,0,0,0,0,0,0,0,0
2170.000000218023,1299.202264674442,140.8971365683943,9.02663664617481,1.040310580117232,9.427850391284549,0,0,0,0,0,0,0,0
2179.000000436133,1102.508379941404,150.2923356620722,9.025996647427336,155.2945181188595,9.430712773841082,0,0,0,0,0,0,0,0
2179.000000436133,1102.508379941404,150.2923356620722,9.025996647427336,155.2945181188595,9.430712773841082,0,0,0,0,0,0,0,0
2180,1301.254572767634,140.8971416607101,9.026860263124634,1.040311901402598,9.427850396243826,0,0,0,0,0,0,0,0
2180.00000021903,1301.254605831487,140.8971365979412,9.026860263277388,1.040310569276815,9.427850392315813,0,0,0,0,0,0,0,0
2180.00000021903,1301.254605831487,140.8971365979412,9.026860263277388,1.040310569276815,9.427850392315813,0,0,0,0,0,0,0,0
2189.000000438145,1104.562612719963,150.2923356707242,9.026219551514936,155.294518118886,9.43071277486788,0,0,0,0,0,0,0,0
2189.000000438145,1104.562612719963,150.2923356707242,9.026219551514936,155.294518118886,9.43071277486788,0,0,0,0,0,0,0,0
2190,1303.3090149063,140.8971417134205,9.027082962589455,1.040311896708521,9.42785039729395,0,0,0,0,0,0,0,0
2190.000000220006,1303.309048117515,140.8971366280944,9.027082962742854,1.040310558647457,9.427850393348431,0,0,0,0,0,0,0,0
2190.000000220006,1303.309048117515,140.8971366280944,9.027082962742854,1.040310558647457,9.427850393348431,0,0,0,0,0,0,0,0
2199.000000440134,1106.618938262424,150.292335679472,9.026441540939002,155.2945181189105,9.430712775900954,0,0,0,0,0,0,0,0
2199.000000440134,1106.618938262424,150.292335679472,9.026441540939002,155.2945181189105,9.430712775900954,0,0,0,0,0,0,0,0
2200,1305.365548884851,140.897141765678,9.027304748399786,1.040311891951139,9.427850398350179,0,0,0,0,0,0,0,0
2200.000000221025,1305.365582250017,140.8971366567856,9.027304748553847,1.040310547689282,9.427850394386381,0,0,0,0,0,0,0,0
2200.000000221025,1305.365582250017,140.8971366567856,9.027304748553847,1.040310547689282,9.427850394386381,0,0,0,0,0,0,0,0
2209.00000044214,1108.677347311329,150.2923356879188,9.026662619659367,155.2945181189358,9.43071277692972,0,0,0,0,0,0,0,0
2209.00000044214,1108.677347311329,150.2923356879188,9.026662619659367,155.2945181189358,9.43071277692972,0,0,0,0,0,0,0,0
2210,1307.424165441579,140.8971418183854,9.027525624508387,1.040311887449425,9.42785039940207,0,0,0,0,0,0,0,0
2210.00000022202,1307.424198956923,140.8971366865049,9.027525624663109,1.04031053713889,9.427850395420439,0,0,0,0,0,0,0,0
2210.00000022202,1307.424198956923,140.8971366865049,9.027525624663109,1.04031053713889,9.427850395420439,0,0,0,0,0,0,0,0
2219.000000444143,1110.73783064471,150.2923356965431,9.026882791608497,155.2945181189592,9.430712777960599,0,0,0,0,0,0,0,0
2219.000000444143,1110.73783064471,150.2923356965431,9.026882791608497,155.2945181189592,9.430712777960599,0,0,0,0,0,0,0,0
2220,1309.484855365375,140.897141870928,9.027745594841406,1.040311882938536,9.427850400456174,0,0,0,0,0,0,0,0
2220.000000223016,1309.484889031103,140.8971367160279,9.02774559499678,1.040310526571027,9.42785039645668,0,0,0,0,0,0,0,0
2220.000000223016,1309.484889031103,140.8971367160279,9.02774559499678,1.040310526571027,9.42785039645668,0,0,0,0,0,0,0,0
2229.000000446132,1112.80037908381,150.292335705099,9.027102060692869,155.2945181189786,9.430712778992957,0,0,0,0,0,0,0,0
2229.000000446132,1112.80037908381,150.292335705099,9.027102060692869,155.2945181189786,9.430712778992957,0,0,0,0,0,0,0,0
2230,1311.547609481779,140.8971419230301,9.027964663298764,1.040311878398961,9.4278504015114,0,0,0,0,0,0,0,0
2230.000000224044,1311.547643302763,140.897136744364,9.027964663454814,1.04031051577811,9.427850397493463,0,0,0,0,0,0,0,0
2230.000000224044,1311.547643302763,140.897136744364,9.027964663454814,1.04031051577811,9.427850397493463,0,0,0,0,0,0,0,0
2239.000000448165,1114.864983489464,150.2923357134589,9.027320430790528,155.2945181190002,9.430712780018318,0,0,0,0,0,0,0,0
2239.000000448165,1114.864983489464,150.2923357134589,9.027320430790528,155.2945181190002,9.430712780018318,0,0,0,0,0,0,0,0
2240,1313.612418645764,140.897141976074,9.028182833751726,1.040311874222184,9.427850402560127,0,0,0,0,0,0,0,0
2240.000000225024,1313.612452614661,140.8971367747667,9.028182833908419,1.040310505643925,9.427850398524628,0,0,0,0,0,0,0,0
2240.000000225024,1313.612452614661,140.8971367747667,9.028182833908419,1.040310505643925,9.427850398524628,0,0,0,0,0,0,0,0
2249.000000450148,1116.93163475754,150.2923357221529,9.027537905755546,155.2945181190251,9.430712781051321,0,0,0,0,0,0,0,0
2249.000000450148,1116.93163475754,150.2923357221529,9.027537905755546,155.2945181190251,9.430712781051321,0,0,0,0,0,0,0,0
2250,1315.679273772529,140.8971420281837,9.028400110048567,1.040311869800129,9.427850403616254,0,0,0,0,0,0,0,0
2250.000000226002,1315.679307889201,140.8971368042561,9.028400110205899,1.040310495269993,9.427850399563205,0,0,0,0,0,0,0,0
2250.000000226002,1315.679307889201,140.8971368042561,9.028400110205899,1.040310495269993,9.427850399563205,0,0,0,0,0,0,0,0
2259.00000045211,1119.000323828637,150.2923357306142,9.027754489416861,155.2945181190456,9.430712782086285,0,0,0,0,0,0,0,0
2259.00000045211,1119.000323828637,150.2923357306142,9.027754489416861,155.2945181190456,9.430712782086285,0,0,0,0,0,0,0,0
2260,1317.748165801412,140.8971420796288,9.028616496011558,1.040311865324237,9.427850404673572,0,0,0,0,0,0,0,0
2260.000000227036,1317.748200074234,140.8971368317986,9.028616496169576,1.040310484504804,9.427850400601978,0,0,0,0,0,0,0,0
2260.000000227036,1317.748200074234,140.8971368317986,9.028616496169576,1.040310484504804,9.427850400601978,0,0,0,0,0,0,0,0
2269.000000454181,1121.071041680357,150.2923357388199,9.027970185573865,155.2945181190641,9.430712783108925,0,0,0,0,0,0,0,0
2269.000000454181,1121.071041680357,150.2923357388199,9.027970185573865,155.2945181190641,9.430712783108925,0,0,0,0,0,0,0,0
2270,1319.819085693617,140.8971421334892,9.028831995433368,1.040311861609096,9.427850405720106,0,0,0,0,0,0,0,0
2270.000000228022,1319.819120115313,140.8971368628706,9.028831995592027,1.040310474793534,9.427850401630831,0,0,0,0,0,0,0,0
2270.000000228022,1319.819120115313,140.8971368628706,9.028831995592027,1.040310474793534,9.427850401630831,0,0,0,0,0,0,0,0
2279.00000045615,1123.143779323188,150.2923357475335,9.028184998004765,155.294518119085,9.430712784143541,0,0,0,0,0,0,0,0
2279.00000045615,1123.143779323188,150.2923357475335,9.028184998004765,155.294518119085,9.430712784143541,0,0,0,0,0,0,0,0
2280,1321.89202449647,140.8971421854087,9.029046612086971,1.04031185734767,9.427850406777871,0,0,0,0,0,0,0,0
2280.000000229016,1321.892059068208,140.897136891823,9.029046612246281,1.040310464488962,9.427850402670774,0,0,0,0,0,0,0,0
2280.000000229016,1321.892059068208,140.897136891823,9.029046612246281,1.040310464488962,9.427850402670774,0,0,0,0,0,0,0,0
2289.000000458134,1125.21823659093,150.2924073372589,9.028398947759491,155.2945172640174,9.430712756690165,0,0,0,0,0,0,0,0
2289.000000458134,1125.21823659093,150.2924073372589,9.028398947759491,155.2945172640174,9.430712756690165,0,0,0,0,0,0,0,0
2290,1323.966745953839,140.8971988651646,9.029260365329851,1.040311854958837,9.427850381781287,0,0,0,0,0,0,0,0
2290.00000023003,1323.966780678789,140.8971935481251,9.029260365489831,1.040310455929757,9.427850377656002,0,0,0,0,0,0,0,0
2290.00000023003,1323.966780678789,140.8971935481251,9.029260365489831,1.040310455929757,9.427850377656002,0,0,0,0,0,0,0,0
2299.000000460149,1127.294963045445,150.2924133316764,9.028612009891178,155.2945172640256,9.43071274612676,0,0,0,0,0,0,0,0
2299.000000460149,1127.294963045445,150.2924133316764,9.028612009891178,155.2945172640256,9.43071274612676,0,0,0,0,0,0,0,0
2300,1326.043677082112,140.8972035794836,9.029473232939925,1.040311851119005,9.427850372247276,0,0,0,0,0,0,0,0
2300.000000231021,1326.043711956693,140.8971982395398,9.029473233100553,1.040310446063373,9.42785036810422,0,0,0,0,0,0,0,0
2300.000000231021,1326.043711956693,140.8971982395398,9.029473233100553,1.040310446063373,9.42785036810422,0,0,0,0,0,0,0,0
2309.000000462148,1129.37370458392,150.2924138300759,9.028824195245576,155.2945172640279,9.430712742532421,0,0,0,0,0,0,0,0
2309.000000462148,1129.37370458392,150.2924138300759,9.028824195245576,155.2945172640279,9.430712742532421,0,0,0,0,0,0,0,0
2310,1328.122617544973,140.8972040132608,9.029685225124496,1.040311847251037,9.427850369088866,0,0,0,0,0,0,0,0
2310.000000232031,1328.122652572066,140.8971986499716,9.029685225285791,1.040310436052692,9.427850364927695,0,0,0,0,0,0,0,0
2310.000000232031,1328.122652572066,140.8971986499716,9.029685225285791,1.040310436052692,9.427850364927695,0,0,0,0,0,0,0,0
2319.000000464156,1131.454432169322,150.2924138773308,9.029035510288677,155.2945172640308,9.430712741781358,0,0,0,0,0,0,0,0
2319.000000464156,1131.454432169322,150.2924138773308,9.029035510288677,155.2945172640308,9.430712741781358,0,0,0,0,0,0,0,0
2320,1330.203542772775,140.8972040957522,9.029896348088048,1.040311843468666,9.427850368527899,0,0,0,0,0,0,0,0
2320.000000233027,1330.203577950254,140.8971987094432,9.029896348249993,1.040310426213346,9.427850364348869,0,0,0,0,0,0,0,0
2320.000000233027,1330.203577950254,140.8971987094432,9.029896348249993,1.040310426213346,9.427850364348869,0,0,0,0,0,0,0,0
2329.000000466128,1133.537135340495,150.2924138875816,9.029245959716915,155.2945172640331,9.430712742172464,0,0,0,0,0,0,0,0
2329.000000466128,1133.537135340495,150.2924138875816,9.029245959716915,155.2945172640331,9.430712742172464,0,0,0,0,0,0,0,0
2330,1332.286442680667,140.897204148689,9.030106606420251,1.040311839557155,9.42785036900753,0,0,0,0,0,0,0,0
2330.000000234016,1332.286478007502,140.897198739518,9.030106606582844,1.040310416286346,9.427850364810761,0,0,0,0,0,0,0,0
2330.000000234016,1332.286478007502,140.897198739518,9.030106606582844,1.040310416286346,9.427850364810761,0,0,0,0,0,0,0,0
2339.000000468145,1135.621805200631,150.2924138947529,9.029455547520838,155.2945172640356,9.430712743005296,0,0,0,0,0,0,0,0
2339.000000468145,1135.621805200631,150.2924138947529,9.029455547520838,155.2945172640356,9.430712743005296,0,0,0,0,0,0,0,0
2340,1334.371308393982,140.897204200313,9.03031600406711,1.040311836002316,9.427850369888633,0,0,0,0,0,0,0,0
2340.00000023501,1334.371343870858,140.8971987681749,9.030316004230357,1.040310406688361,9.42785036567404,0,0,0,0,0,0,0,0
2340.00000023501,1334.371343870858,140.8971987681749,9.030316004230357,1.040310406688361,9.42785036567404,0,0,0,0,0,0,0,0
2349.000000470137,1137.708433015258,150.292413901798,9.029664277414151,155.294517264038,9.430712744005133,0,0,0,0,0,0,0,0
2349.000000470137,1137.708433015258,150.292413901798,9.029664277414151,155.294517264038,9.430712744005133,0,0,0,0,0,0,0,0
2350,1336.458131195675,140.8972042512319,9.030524544723015,1.040311832354875,9.42785037092019,0,0,0,0,0,0,0,0
2350.000000236009,1336.458166823487,140.8971987959901,9.030524544886909,1.040310396961819,9.427850366687677,0,0,0,0,0,0,0,0
2350.000000236009,1336.458166823487,140.8971987959901,9.030524544886909,1.040310396961819,9.427850366687677,0,0,0,0,0,0,0,0
2359.000000472146,1139.79701009934,150.2924139087083,9.029872153000028,155.2945172640404,9.430712745057443,0,0,0,0,0,0,0,0
2359.000000472146,1139.79701009934,150.2924139087083,9.029872153000028,155.2945172640404,9.430712745057443,0,0,0,0,0,0,0,0
2360,1338.546902397789,140.8972043024448,9.030732231980865,1.040311828878663,9.427850371998099,0,0,0,0,0,0,0,0
2360.000000237017,1338.546938177771,140.8971988239099,9.030732232145422,1.040310387356723,9.42785036774751,0,0,0,0,0,0,0,0
2360.000000237017,1338.546938177771,140.8971988239099,9.030732232145422,1.040310387356723,9.42785036774751,0,0,0,0,0,0,0,0
2369.000000474137,1141.887527803512,150.2924139155729,9.03007917783391,155.2945172640428,9.430712746120653,0,0,0,0,0,0,0,0
2369.000000474137,1141.887527803512,150.2924139155729,9.03007917783391,155.2945172640428,9.430712746120653,0,0,0,0,0,0,0,0
2370,1340.637613360654,140.8972043530998,9.030939069389564,1.040311825333954,9.427850373084201,0,0,0,0,0,0,0,0
2370.000000238015,1340.637649291298,140.8971988515033,9.030939069554774,1.040310377743976,9.427850368815722,0,0,0,0,0,0,0,0
2370.000000238015,1340.637649291298,140.8971988515033,9.030939069554774,1.040310377743976,9.427850368815722,0,0,0,0,0,0,0,0
2379.000000476121,1143.979977514837,150.2924139224155,9.030285355445699,155.2945172640452,9.430712747178731,0,0,0,0,0,0,0,0
2379.000000476121,1143.979977514837,150.2924139224155,9.030285355445699,155.2945172640452,9.430712747178731,0,0,0,0,0,0,0,0
2380,1342.730255472142,140.8972044036442,9.031145060473497,1.040311821830753,9.4278503741644,0,0,0,0,0,0,0,0
2380.000000239019,1342.730291554407,140.8971988788388,9.031145060639366,1.040310368134016,9.427850369877923,0,0,0,0,0,0,0,0
2380.000000239019,1342.730291554407,140.8971988788388,9.031145060639366,1.040310368134016,9.427850369877923,0,0,0,0,0,0,0,0
2389.000000478136,1146.074350656186,150.2924139292115,9.030490689346687,155.2945172640477,9.430712748226538,0,0,0,0,0,0,0,0
2389.000000478136,1146.074350656186,150.2924139292115,9.030490689346687,155.2945172640477,9.430712748226538,0,0,0,0,0,0,0,0
2390,1344.824820152474,140.8972044550065,9.031350208738779,1.040311818617827,9.427850375234895,0,0,0,0,0,0,0,0
2390.000000240037,1344.824856388421,140.8971989066769,9.031350208905316,1.040310358731359,9.427850370930159,0,0,0,0,0,0,0,0
2390.000000240037,1344.824856388421,140.8971989066769,9.031350208905316,1.040310358731359,9.427850370930159,0,0,0,0,0,0,0,0
2399.000000480141,1148.170638685164,150.2924139360721,9.030695183031973,155.2945172640499,9.430712749268245,0,0,0,0,0,0,0,0
2399.000000480141,1148.170638685164,150.2924139360721,9.030695183031973,155.2945172640499,9.430712749268245,0,0,0,0,0,0,0,0
2400,1346.921298871243,140.897204505996,9.031554517675596,1.040311815358496,9.427850376299215,0,0,0,0,0,0,0,0
2400.000000241009,1346.921335254007,140.8971989351934,9.031554517842766,1.040310349558871,9.427850371977046,0,0,0,0,0,0,0,0
2400.000000241009,1346.921335254007,140.8971989351934,9.031554517842766,1.040310349558871,9.427850371977046,0,0,0,0,0,0,0,0
2409.000000482127,1150.26883309494,150.2924139430668,9.030898839980846,155.2945172640521,9.430712750310949,0,0,0,0,0,0,0,0
2409.000000482127,1150.26883309494,150.2924139430668,9.030898839980846,155.2945172640521,9.430712750310949,0,0,0,0,0,0,0,0
2410,1349.019683125005,140.897204556699,9.031757990758246,1.040311812062239,9.427850377364635,0,0,0,0,0,0,0,0
2410.000000242003,1349.019719657881,140.8971989629187,9.031757990926065,1.040310340216702,9.427850373024631,0,0,0,0,0,0,0,0
2410.000000242003,1349.019719657881,140.8971989629187,9.031757990926065,1.040310340216702,9.427850373024631,0,0,0,0,0,0,0,0
2419.000000484122,1152.368925416058,150.2924139498903,9.03110166365383,155.2945172640545,9.430712751350134,0,0,0,0,0,0,0,0
2419.000000484122,1152.368925416058,150.2924139498903,9.03110166365383,155.2945172640545,9.430712751350134,0,0,0,0,0,0,0,0
2420,1351.119964443955,140.897204607426,9.031960631441802,1.040311808873909,9.427850378426449,0,0,0,0,0,0,0,0
2420.000000243031,1351.120001132024,140.8971989898902,9.031960631610294,1.040310330777795,9.427850374068024,0,0,0,0,0,0,0,0
2420.000000243031,1351.120001132024,140.8971989898902,9.031960631610294,1.040310330777795,9.427850374068024,0,0,0,0,0,0,0,0
2429.000000486155,1154.470907212475,150.2924139566162,9.031303657490659,155.2945172640568,9.430712752380753,0,0,0,0,0,0,0,0
2429.000000486155,1154.470907212475,150.2924139566162,9.031303657490659,155.2945172640568,9.430712752380753,0,0,0,0,0,0,0,0
2430,1353.222134388992,140.897204659248,9.032162443160628,1.040311806056953,9.427850379480484,0,0,0,0,0,0,0,0
2430.000000244016,1353.222171225869,140.8971990189344,9.032162443329767,1.040310321967476,9.427850375104379,0,0,0,0,0,0,0,0
2430.000000244016,1353.222171225869,140.8971990189344,9.032162443329767,1.040310321967476,9.427850375104379,0,0,0,0,0,0,0,0
2439.000000488133,1156.574770080716,150.2924139636321,9.031504824914808,155.294517264059,9.430712753417712,0,0,0,0,0,0,0,0
2439.000000488133,1156.574770080716,150.2924139636321,9.031504824914808,155.294517264059,9.430712753417712,0,0,0,0,0,0,0,0
2440,1355.326184578782,140.8972047096617,9.032363429333618,1.040311802874389,9.427850380540244,0,0,0,0,0,0,0,0
2440.000000245029,1355.326221568655,140.897199045929,9.032363429503416,1.040310312622839,9.427850376145967,0,0,0,0,0,0,0,0
2440.000000245029,1355.326221568655,140.897199045929,9.032363429503416,1.040310312622839,9.427850376145967,0,0,0,0,0,0,0,0
2449.000000490144,1158.680505657597,150.2924139703154,9.031705169329802,155.2945172640614,9.430712754448297,0,0,0,0,0,0,0,0
2449.000000490144,1158.680505657597,150.2924139703154,9.031705169329802,155.2945172640614,9.430712754448297,0,0,0,0,0,0,0,0
2450,1357.432106636767,140.8972047606738,9.032563593358526,1.04031179998362,9.427850381593712,0,0,0,0,0,0,0,0
2450.000000246015,1357.432143775518,140.8971990741527,9.032563593528973,1.04031030373594,9.427850377181763,0,0,0,0,0,0,0,0
2450.000000246015,1357.432143775518,140.8971990741527,9.032563593528973,1.04031030373594,9.427850377181763,0,0,0,0,0,0,0,0
2459.000000492126,1160.788105608368,150.2924139771951,9.031904694120062,155.2945172640638,9.430712755480263,0,0,0,0,0,0,0,0
2459.000000492126,1160.788105608368,150.2924139771951,9.031904694120062,155.2945172640638,9.430712755480263,0,0,0,0,0,0,0,0
2460,1359.539892240498,140.8972048114108,9.032762938615031,1.040311797042948,9.427850382648604,0,0,0,0,0,0,0,0
2460.000000247002,1359.539929528331,140.8971991020697,9.032762938786119,1.040310294790842,9.427850378218949,0,0,0,0,0,0,0,0
2460.000000247002,1359.539929528331,140.8971991020697,9.032762938786119,1.040310294790842,9.427850378218949,0,0,0,0,0,0,0,0
2469.000000494119,1162.89756163651,150.2924139840193,9.032103402652258,155.2945172640658,9.430712756512564,0,0,0,0,0,0,0,0
2469.000000494119,1162.89756163651,150.2924139840193,9.032103402652258,155.2945172640658,9.430712756512564,0,0,0,0,0,0,0,0
2470,1361.649533093814,140.8972048621111,9.032961468464643,1.040311794166441,9.427850383703788,0,0,0,0,0,0,0,0
2470.000000248036,1361.649570537802,140.8971991288673,9.032961468636412,1.040310285625037,9.427850379255581,0,0,0,0,0,0,0,0
2470.000000248036,1361.649570537802,140.8971991288673,9.032961468636412,1.040310285625037,9.427850379255581,0,0,0,0,0,0,0,0
2479.000000496159,1165.008865479251,150.2924139906636,9.032301298272692,155.294517264068,9.430712757537265,0,0,0,0,0,0,0,0
2479.000000496159,1165.008865479251,150.2924139906636,9.032301298272692,155.294517264068,9.430712757537265,0,0,0,0,0,0,0,0
2480,1363.76102092897,140.8972049139413,9.033159186248326,1.04031179168724,9.427850384752039,0,0,0,0,0,0,0,0
2480.000000249026,1363.761058522453,140.8971991578145,9.033159186420736,1.040310277124814,9.427850380286083,0,0,0,0,0,0,0,0
2480.000000249026,1363.761058522453,140.8971991578145,9.033159186420736,1.040310277124814,9.427850380286083,0,0,0,0,0,0,0,0
2489.000000498154,1167.122008903944,150.2924139976541,9.032498384311729,155.2945172640704,9.430712758569593,0,0,0,0,0,0,0,0
2489.000000498154,1167.122008903944,150.2924139976541,9.032498384311729,155.2945172640704,9.430712758569593,0,0,0,0,0,0,0,0
2490,1365.87434753248,140.8972049649673,9.033356095292108,1.040311788988627,9.427850385807826,0,0,0,0,0,0,0,0
2490.000000250001,1365.874385273126,140.8971991863149,9.033356095465161,1.040310268499216,9.427850381324392,0,0,0,0,0,0,0,0
2490.000000250001,1365.874385273126,140.8971991863149,9.033356095465161,1.040310268499216,9.427850381324392,0,0,0,0,0,0,0,0
2499.000000500137,1169.236983716497,150.2924140045616,9.032694664083147,155.2945172640724,9.430712759607864,0,0,0,0,0,0,0,0
2499.000000500137,1169.236983716497,150.2924140045616,9.032694664083147,155.2945172640724,9.430712759607864,0,0,0,0,0,0,0,0
2500,1367.989504709724,140.897205015392,9.033552198904641,1.040311786211069,9.427850386868929,0,0,0,0,0,0,0,0
2500.000000251026,1367.98954260522,140.8971992130367,9.033552199078358,1.04031025948491,9.427850382367103,0,0,0,0,0,0,0,0
2500.000000251026,1367.98954260522,140.8971992130367,9.033552199078358,1.04031025948491,9.427850382367103,0,0,0,0,0,0,0,0
2509.000000502136,1171.353781756327,150.2924140110993,9.032890140879282,155.2945172640744,9.430712760637462,0,0,0,0,0,0,0,0
2509.000000502136,1171.353781756327,150.2924140110993,9.032890140879282,155.2945172640744,9.430712760637462,0,0,0,0,0,0,0,0
2510,1370.106484295917,140.8972050661092,9.033747500372842,1.040311783649843,9.427850387921083,0,0,0,0,0,0,0,0
2510.000000252004,1370.106522339055,140.8971992411547,9.033747500547202,1.040310250977337,9.42785038340172,0,0,0,0,0,0,0,0
2510.000000252004,1370.106522339055,140.8971992411547,9.033747500547202,1.040310250977337,9.42785038340172,0,0,0,0,0,0,0,0
2519.000000504114,1173.472394890968,150.2924140179407,9.033084817975194,155.2945172640768,9.430712761667824,0,0,0,0,0,0,0,0
2519.000000504114,1173.472394890968,150.2924140179407,9.033084817975194,155.2945172640768,9.430712761667824,0,0,0,0,0,0,0,0
2520,1372.22527816959,140.897205116559,9.033942002967416,1.040311781017961,9.427850388974189,0,0,0,0,0,0,0,0
2520.000000253001,1372.225316363254,140.8971992685638,9.033942003142426,1.040310242282948,9.427850384436953,0,0,0,0,0,0,0,0
2520.000000253001,1372.225316363254,140.8971992685638,9.033942003142426,1.040310242282948,9.427850384436953,0,0,0,0,0,0,0,0
2529.000000506112,1175.592815026657,150.2924140246382,9.03327869862985,155.2945172640788,9.430712762695283,0,0,0,0,0,0,0,0
2529.000000506112,1175.592815026657,150.2924140246382,9.03327869862985,155.2945172640788,9.430712762695283,0,0,0,0,0,0,0,0
2530,1374.345878233481,140.8972051673743,9.034135709942328,1.040311778569968,9.427850390024597,0,0,0,0,0,0,0,0
2530.000000254001,1374.345916578221,140.8971992962543,9.034135710117992,1.040310233750322,9.427850385469414,0,0,0,0,0,0,0,0
2530.000000254001,1374.345916578221,140.8971992962543,9.034135710117992,1.040310233750322,9.427850385469414,0,0,0,0,0,0,0,0
2539.000000508123,1177.715034099594,150.2924140313754,9.03347178608507,155.2945172640809,9.430712763721891,0,0,0,0,0,0,0,0
2539.000000508123,1177.715034099594,150.2924140313754,9.03347178608507,155.2945172640809,9.430712763721891,0,0,0,0,0,0,0,0
2540,1376.468276428803,140.8972052184595,9.034328624534803,1.040311776247681,9.427850391074456,0,0,0,0,0,0,0,0
2540.000000255015,1376.468314926541,140.8971993239205,9.034328624711128,1.040310225265961,9.42785038650111,0,0,0,0,0,0,0,0
2540.000000255015,1376.468314926541,140.8971993239205,9.034328624711128,1.040310225265961,9.42785038650111,0,0,0,0,0,0,0,0
2549.000000510144,1179.839044079997,150.2924140381081,9.033664083566491,155.2945172640832,9.430712764748092,0,0,0,0,0,0,0,0
2549.000000510144,1179.839044079997,150.2924140381081,9.033664083566491,155.2945172640832,9.430712764748092,0,0,0,0,0,0,0,0
2550,1378.592464728489,140.8972052698608,9.034520749965759,1.040311774069796,9.427850392124174,0,0,0,0,0,0,0,0
2550.000000256019,1378.59250337792,140.8971993521024,9.034520750142743,1.040310216978551,9.427850387532812,0,0,0,0,0,0,0,0
2550.000000256019,1378.59250337792,140.8971993521024,9.034520750142743,1.040310216978551,9.427850387532812,0,0,0,0,0,0,0,0
2559.000000512149,1181.964836969988,150.2924140448991,9.033855594283866,155.2945172640851,9.430712765777637,0,0,0,0,0,0,0,0
2559.000000512149,1181.964836969988,150.2924140448991,9.033855594283866,155.2945172640851,9.430712765777637,0,0,0,0,0,0,0,0
2560,1380.718435142267,140.8972053209689,9.034712089440445,1.040311771863288,9.427850393177108,0,0,0,0,0,0,0,0
2560.000000257015,1380.718473942087,140.8971993801908,9.034712089618074,1.040310208715067,9.427850388567881,0,0,0,0,0,0,0,0
2560.000000257015,1380.718473942087,140.8971993801908,9.034712089618074,1.040310208715067,9.427850388567881,0,0,0,0,0,0,0,0
2569.000000514116,1184.092404805257,150.2924140516418,9.034046321430738,155.2945172640872,9.430712766809684,0,0,0,0,0,0,0,0
2569.000000514116,1184.092404805257,150.2924140516418,9.034046321430738,155.2945172640872,9.430712766809684,0,0,0,0,0,0,0,0
2570,1382.846179713088,140.8972053710711,9.034902646147737,1.040311769462562,9.427850394231696,0,0,0,0,0,0,0,0
2570.000000258017,1382.846218664259,140.8971994071262,9.034902646326014,1.040310200218644,9.427850389604494,0,0,0,0,0,0,0,0
2570.000000258017,1382.846218664259,140.8971994071262,9.034902646326014,1.040310200218644,9.427850389604494,0,0,0,0,0,0,0,0
2579.00000051615,1186.221739653927,150.2924140582626,9.034236268182534,155.2945172640893,9.430712767836225,0,0,0,0,0,0,0,0
2579.00000051615,1186.221739653927,150.2924140582626,9.034236268182534,155.2945172640893,9.430712767836225,0,0,0,0,0,0,0,0
2580,1384.975690495732,140.8972054226374,9.035092423258163,1.04031176753239,9.427850395281684,0,0,0,0,0,0,0,0
2580.000000259025,1384.975729599077,140.8971994353995,9.035092423437103,1.040310192159587,9.427850390636412,0,0,0,0,0,0,0,0
2580.000000259025,1384.975729599077,140.8971994353995,9.035092423437103,1.040310192159587,9.427850390636412,0,0,0,0,0,0,0,0
2589.000000518149,1188.352833614033,150.2924140650578,9.034425437699985,155.2945172640914,9.430712768865922,0,0,0,0,0,0,0,0
2589.000000518149,1188.352833614033,150.2924140650578,9.034425437699985,155.2945172640914,9.430712768865922,0,0,0,0,0,0,0,0
2590,1387.106959606267,140.8972054736677,9.035281423928364,1.040311765484616,9.4278503963347,0,0,0,0,0,0,0,0
2590.000000260033,1387.106998861787,140.8971994631368,9.035281424107961,1.040310183982928,9.427850391671365,0,0,0,0,0,0,0,0
2590.000000260033,1387.106998861787,140.8971994631368,9.035281424107961,1.040310183982928,9.427850391671365,0,0,0,0,0,0,0,0
2599.000000520163,1190.485678818679,150.2924140717586,9.03461383312872,155.2945172640935,9.430712769895944,0,0,0,0,0,0,0,0
2599.000000520163,1190.485678818679,150.2924140717586,9.03461383312872,155.2945172640935,9.430712769895944,0,0,0,0,0,0,0,0
2600,1389.239979175519,140.8972055247552,9.035469651299326,1.040311763532099,9.427850397387964,0,0,0,0,0,0,0,0
2600.000000261009,1389.240018578408,140.8971994916672,9.035469651479554,1.040310176095127,9.427850392707127,0,0,0,0,0,0,0,0
2600.000000261009,1389.240018578408,140.8971994916672,9.035469651479554,1.040310176095127,9.427850392707127,0,0,0,0,0,0,0,0
2609.000000522137,1192.620267430187,150.2924140785715,9.034801457599372,155.2945172640954,9.430712770931335,0,0,0,0,0,0,0,0
2609.000000522137,1192.620267430187,150.2924140785715,9.034801457599372,155.2945172640954,9.430712770931335,0,0,0,0,0,0,0,0
2610,1391.374741374728,140.8972055752095,9.035657108497402,1.040311761445889,9.427850398446239,0,0,0,0,0,0,0,0
2610.00000026201,1391.374780928831,140.8971995189757,9.035657108678288,1.040310167918752,9.427850393747432,0,0,0,0,0,0,0,0
2610.00000026201,1391.374780928831,140.8971995189757,9.035657108678288,1.040310167918752,9.427850393747432,0,0,0,0,0,0,0,0
2619.000000524112,1194.756591645862,150.2924140851542,9.034988314225984,155.2945172640974,9.430712771963107,0,0,0,0,0,0,0,0
2619.000000524112,1194.756591645862,150.2924140851542,9.034988314225984,155.2945172640974,9.430712771963107,0,0,0,0,0,0,0,0
2620,1393.511238399793,140.8972056254171,9.035843798631937,1.040311759403615,9.42785039950042,0,0,0,0,0,0,0,0
2620.000000263007,1393.511278104492,140.8971995461321,9.035843798813474,1.040310159811205,9.427850394783734,0,0,0,0,0,0,0,0
2620.000000263007,1393.511278104492,140.8971995461321,9.035843798813474,1.040310159811205,9.427850394783734,0,0,0,0,0,0,0,0
2629.000000526124,1196.894643691498,150.2924140917485,9.035174406106194,155.2945172640994,9.43071277298961,0,0,0,0,0,0,0,0
2629.000000526124,1196.894643691498,150.2924140917485,9.035174406106194,155.2945172640994,9.43071277298961,0,0,0,0,0,0,0,0
2630,1395.649462472989,140.8972056766194,9.036029724796197,1.040311757678575,9.427850400550094,0,0,0,0,0,0,0,0
2630.000000264008,1395.649502328765,140.8971995742097,9.036029724978379,1.040310152001531,9.427850395815469,0,0,0,0,0,0,0,0
2630.000000264008,1395.649502328765,140.8971995742097,9.036029724978379,1.040310152001531,9.427850395815469,0,0,0,0,0,0,0,0
2639.000000528139,1199.034415824528,150.2924140985057,9.035359736324592,155.2945172641014,9.430712774018192,0,0,0,0,0,0,0,0
2639.000000528139,1199.034415824528,150.2924140985057,9.035359736324592,155.2945172641014,9.430712774018192,0,0,0,0,0,0,0,0
2640,1397.789405862958,140.897205727718,9.036214890070763,1.040311755948093,9.427850401602042,0,0,0,0,0,0,0,0
2640.000000265015,1397.78944587091,140.8971996020153,9.036214890253598,1.040310144142164,9.42785039684934,0,0,0,0,0,0,0,0
2640.000000265015,1397.78944587091,140.8971996020153,9.036214890253598,1.040310144142164,9.42785039684934,0,0,0,0,0,0,0,0
2649.000000530129,1201.1759003357,150.292414105149,9.035544307951877,155.2945172641033,9.43071277504737,0,0,0,0,0,0,0,0
2649.000000530129,1201.1759003357,150.292414105149,9.035544307951877,155.2945172641033,9.43071277504737,0,0,0,0,0,0,0,0
2650,1399.931060864533,140.8972057783113,9.036399297521957,1.040311754169022,9.427850402654114,0,0,0,0,0,0,0,0
2650.000000266007,1399.931101022257,140.8971996296835,9.036399297705447,1.040310136331008,9.427850397883628,0,0,0,0,0,0,0,0
2650.000000266007,1399.931101022257,140.8971996296835,9.036399297705447,1.040310136331008,9.427850397883628,0,0,0,0,0,0,0,0
2659.000000532127,1203.319089545146,150.2924141118079,9.035728124043537,155.2945172641053,9.430712776076323,0,0,0,0,0,0,0,0
2659.000000532127,1203.319089545146,150.2924141118079,9.035728124043537,155.2945172641053,9.430712776076323,0,0,0,0,0,0,0,0
2660,1402.074419796207,140.8972058292441,9.036582950201032,1.040311752532555,9.427850403706232,0,0,0,0,0,0,0,0
2660.000000267025,1402.074460107617,140.8971996570921,9.036582950385185,1.040310128504809,9.427850398917498,0,0,0,0,0,0,0,0
2660.000000267025,1402.074460107617,140.8971996570921,9.036582950385185,1.040310128504809,9.427850398917498,0,0,0,0,0,0,0,0
2669.000000534146,1205.463975804991,150.2924141184131,9.035911187640366,155.2945172641073,9.430712777103052,0,0,0,0,0,0,0,0
2669.000000534146,1205.463975804991,150.2924141184131,9.035911187640366,155.2945172641073,9.430712777103052,0,0,0,0,0,0,0,0
2670,1404.219475013097,140.8972058804683,9.036765851144478,1.040311751039852,9.427850404756267,0,0,0,0,0,0,0,0
2670.000000268007,1404.219515472838,140.897199685612,9.036765851329269,1.040310121038101,9.427850399949918,0,0,0,0,0,0,0,0
2670.000000268007,1404.219515472838,140.897199685612,9.036765851329269,1.040310121038101,9.427850399949918,0,0,0,0,0,0,0,0
2679.000000536132,1207.610551496297,150.292414125175,9.036093501770335,155.2945172641091,9.430712778135327,0,0,0,0,0,0,0,0
2679.000000536132,1207.610551496297,150.292414125175,9.036093501770335,155.2945172641091,9.430712778135327,0,0,0,0,0,0,0,0
2680,1406.366218906566,140.8972059310685,9.036948003376413,1.040311749408452,9.427850405811618,0,0,0,0,0,0,0,0
2680.000000269021,1406.366259519377,140.8971997127826,9.036948003561866,1.040310113241861,9.427850400987088,0,0,0,0,0,0,0,0
2680.000000269021,1406.366259519377,140.8971997127826,9.036948003561866,1.040310113241861,9.427850400987088,0,0,0,0,0,0,0,0
2689.000000538129,1209.758809034355,150.2924141317089,9.036275069446448,155.2945172641111,9.430712779163976,0,0,0,0,0,0,0,0
2689.000000538129,1209.758809034355,150.2924141317089,9.036275069446448,155.2945172641111,9.430712779163976,0,0,0,0,0,0,0,0
2690,1408.514643887938,140.89720598177,9.037129409905349,1.040311747906663,9.427850406863104,0,0,0,0,0,0,0,0
2690.000000270002,1408.514684648942,140.8971997408008,9.037129410091437,1.0403101057716,9.427850402020981,0,0,0,0,0,0,0,0
2690.000000270002,1408.514684648942,140.8971997408008,9.037129410091437,1.0403101057716,9.427850402020981,0,0,0,0,0,0,0,0
2699.000000540134,1211.908740860807,150.2924141384247,9.036455893667693,155.294517264113,9.430712780194595,0,0,0,0,0,0,0,0
2699.000000540134,1211.908740860807,150.2924141384247,9.036455893667693,155.294517264113,9.430712780194595,0,0,0,0,0,0,0,0
2700,1410.664742402509,140.8972060328538,9.037310073726418,1.040311746525963,9.427850407917058,0,0,0,0,0,0,0,0
2700.000000271005,1410.664783315003,140.8971997686967,9.037310073913163,1.040310098289671,9.427850403056937,0,0,0,0,0,0,0,0
2700.000000271005,1410.664783315003,140.8971997686967,9.037310073913163,1.040310098289671,9.427850403056937,0,0,0,0,0,0,0,0
2709.000000542108,1214.060339450976,150.2924141450417,9.036635977420255,155.2945172641148,9.430712781226136,0,0,0,0,0,0,0,0
2709.000000542108,1214.060339450976,150.2924141450417,9.036635977420255,155.2945172641148,9.430712781226136,0,0,0,0,0,0,0,0
2710,1412.816506935644,140.8972060829894,9.037489997821686,1.04031174497045,9.427850408971132,0,0,0,0,0,0,0,0
2710.000000272028,1412.81654800258,140.8971997951924,9.037489998009095,1.040310090514003,9.427850404092668,0,0,0,0,0,0,0,0
2710.000000272028,1412.81654800258,140.8971997951924,9.037489998009095,1.040310090514003,9.427850404092668,0,0,0,0,0,0,0,0
2719.000000544148,1216.213597310147,150.2924141514649,9.036815323674452,155.2945172641168,9.430712782248785,0,0,0,0,0,0,0,0
2719.000000544148,1216.213597310147,150.2924141514649,9.036815323674452,155.2945172641168,9.430712782248785,0,0,0,0,0,0,0,0
2720,1414.969929978905,140.8972061346543,9.037669185157133,1.040311743914917,9.427850410017239,0,0,0,0,0,0,0,0
2720.000000273019,1414.969971195477,140.8971998239533,9.037669185345184,1.040310083431916,9.42785040512101,0,0,0,0,0,0,0,0
2720.000000273019,1414.969971195477,140.8971998239533,9.037669185345184,1.040310083431916,9.42785040512101,0,0,0,0,0,0,0,0
2729.000000546165,1218.368506969402,150.2924141582869,9.036993935389745,155.2945172641186,9.43071278327878,0,0,0,0,0,0,0,0
2729.000000546165,1218.368506969402,150.2924141582869,9.036993935389745,155.2945172641186,9.43071278327878,0,0,0,0,0,0,0,0
2730,1417.125004081497,140.8972061860745,9.037847638688879,1.040311742768972,9.427850411071082,0,0,0,0,0,0,0,0
2730.000000274017,1417.125045448736,140.8971998523118,9.037847638877576,1.04031007621793,9.42785040615696,0,0,0,0,0,0,0,0
2730.000000274017,1417.125045448736,140.8971998523118,9.037847638877576,1.04031007621793,9.42785040615696,0,0,0,0,0,0,0,0
2739.000000548137,1220.525060995841,150.2924141649593,9.037171815514013,155.2945172641206,9.430712784314201,0,0,0,0,0,0,0,0
2739.000000548137,1220.525060995841,150.2924141649593,9.037171815514013,155.2945172641206,9.430712784314201,0,0,0,0,0,0,0,0
2740,1419.28172181626,140.8972062363282,9.038025361360647,1.040311741399709,9.427850412129237,0,0,0,0,0,0,0,0
2740.000000275049,1419.281763339382,140.897199878705,9.038025361550021,1.040310068570432,9.427850407196596,0,0,0,0,0,0,0,0
2740.000000275049,1419.281763339382,140.897199878705,9.038025361550021,1.040310068570432,9.427850407196596,0,0,0,0,0,0,0,0
2749.000000550157,1222.683251985127,150.2924141713112,9.037348966978072,155.2945172641222,9.43071278533991,0,0,0,0,0,0,0,0
2749.000000550157,1222.683251985127,150.2924141713112,9.037348966978072,155.2945172641222,9.43071278533991,0,0,0,0,0,0,0,0
2750,1421.440075767255,140.8972062874916,9.038202356098822,1.040311740390871,9.427850413177955,0,0,0,0,0,0,0,0
2750.000000276031,1421.440117438641,140.8971999071745,9.038202356288833,1.040310061590355,9.427850408227711,0,0,0,0,0,0,0,0
2750.000000276031,1421.440117438641,140.8971999071745,9.038202356288833,1.040310061590355,9.427850408227711,0,0,0,0,0,0,0,0
2759.000000552181,1224.843072557397,150.2924141780855,9.037525392701143,155.2945172641241,9.430712786370444,0,0,0,0,0,0,0,0
2759.000000552181,1224.843072557397,150.2924141780855,9.037525392701143,155.2945172641241,9.430712786370444,0,0,0,0,0,0,0,0
2760,1423.600058566691,140.8972063388494,9.038378625819334,1.040311739402703,9.427850414232177,0,0,0,0,0,0,0,0
2760.000000277012,1423.600100386272,140.897199935849,9.038378626009981,1.040310054633713,9.427850409264336,0,0,0,0,0,0,0,0
2760.000000277012,1423.600100386272,140.897199935849,9.038378626009981,1.040310054633713,9.427850409264336,0,0,0,0,0,0,0,0
2769.000000554124,1227.004515368442,150.2924141847866,9.037701095592347,155.2945172641258,9.430712787408032,0,0,0,0,0,0,0,0
2769.000000554124,1227.004515368442,150.2924141847866,9.037701095592347,155.2945172641258,9.430712787408032,0,0,0,0,0,0,0,0
2770,1425.761662882648,140.8972063885191,9.038554173427471,1.040311738040007,9.427850415292076,0,0,0,0,0,0,0,0
2770.000000278007,1425.761704852415,140.8971999625306,9.038554173618765,1.040310047222338,9.4278504103064,0,0,0,0,0,0,0,0
2770.000000278007,1425.761704852415,140.8971999625306,9.038554173618765,1.040310047222338,9.4278504103064,0,0,0,0,0,0,0,0
2779.000000556114,1229.167573103029,150.2924141911885,9.037876078544675,155.2945172641278,9.430712788438059,0,0,0,0,0,0,0,0
2779.000000556114,1229.167573103029,150.2924141911885,9.037876078544675,155.2945172641278,9.430712788438059,0,0,0,0,0,0,0,0
2780,1427.924881384836,140.8972064390495,9.038729001811847,1.040311737018165,9.427850416344665,0,0,0,0,0,0,0,0
2780.000000279009,1427.924923506025,140.8971999898837,9.038729002003793,1.040310040102032,9.427850411341005,0,0,0,0,0,0,0,0
2780.000000279009,1427.924923506025,140.8971999898837,9.038729002003793,1.040310040102032,9.427850411341005,0,0,0,0,0,0,0,0
2789.000000558159,1231.332238471382,150.292414197766,9.038050344437893,155.2945172641295,9.430712789464701,0,0,0,0,0,0,0,0
2789.000000558159,1231.332238471382,150.292414197766,9.038050344437893,155.2945172641295,9.430712789464701,0,0,0,0,0,0,0,0
2790,1430.089706786733,140.8972064908238,9.038903113848647,1.040311736340981,9.427850417395057,0,0,0,0,0,0,0,0
2790.000000280043,1430.089749063945,140.8972000177764,9.038903114041267,1.04031003314108,9.427850412372868,0,0,0,0,0,0,0,0
2790.000000280043,1430.089749063945,140.8972000177764,9.038903114041267,1.04031003314108,9.427850412372868,0,0,0,0,0,0,0,0
2799.000000560144,1233.498504216007,150.2924142042923,9.038223896141512,155.2945172641312,9.430712790491738,0,0,0,0,0,0,0,0
2799.000000560144,1233.498504216007,150.2924142042923,9.038223896141512,155.2945172641312,9.430712790491738,0,0,0,0,0,0,0,0
2800,1432.2561318497,140.8972065411937,9.039076512403824,1.04031173536047,9.427850418444821,0,0,0,0,0,0,0,0
2800.000000281003,1432.256174271949,140.8972000459465,9.039076512597063,1.040310026319321,9.427850413405409,0,0,0,0,0,0,0,0
2800.000000281003,1432.256174271949,140.8972000459465,9.039076512597063,1.040310026319321,9.427850413405409,0,0,0,0,0,0,0,0
2809.000000562147,1235.66636310655,150.2924142110074,9.03839673651351,155.294517264133,9.430712791523304,0,0,0,0,0,0,0,0
2809.000000562147,1235.66636310655,150.2924142110074,9.03839673651351,155.294517264133,9.430712791523304,0,0,0,0,0,0,0,0
2810,1434.424149333178,140.8972065923865,9.0392492003317,1.040311734609386,9.427850419499952,0,0,0,0,0,0,0,0
2810.000000282006,1434.424191906918,140.8972000739515,9.039249200525591,1.040310019467007,9.427850414442551,0,0,0,0,0,0,0,0
2810.000000282006,1434.424191906918,140.8972000739515,9.039249200525591,1.040310019467007,9.427850414442551,0,0,0,0,0,0,0,0
2819.000000564125,1237.835807944325,150.2924142175596,9.038568868399846,155.2945172641349,9.430712792557145,0,0,0,0,0,0,0,0
2819.000000564125,1237.835807944325,150.2924142175596,9.038568868399846,155.2945172641349,9.430712792557145,0,0,0,0,0,0,0,0
2820,1436.593752051466,140.8972066425342,9.039421180474402,1.040311733670059,9.42785042055637,0,0,0,0,0,0,0,0
2820.000000283001,1436.593794775461,140.8972001011005,9.03942118066894,1.040310012476234,9.427850415481121,0,0,0,0,0,0,0,0
2820.000000283001,1436.593794775461,140.8972001011005,9.03942118066894,1.040310012476234,9.427850415481121,0,0,0,0,0,0,0,0
2829.000000566103,1240.006831558114,150.2924142239862,9.038740294632181,155.2945172641365,9.430712793586409,0,0,0,0,0,0,0,0
2829.000000566103,1240.006831558114,150.2924142239862,9.038740294632181,155.2945172641365,9.430712793586409,0,0,0,0,0,0,0,0
2830,1438.764932829211,140.8972066927444,9.039592455659715,1.040311732828078,9.427850421608053,0,0,0,0,0,0,0,0
2830.000000284002,1438.764975704354,140.8972001281754,9.039592455854903,1.040310005546853,9.427850416514854,0,0,0,0,0,0,0,0
2830.000000284002,1438.764975704354,140.8972001281754,9.039592455854903,1.040310005546853,9.427850416514854,0,0,0,0,0,0,0,0
2839.000000568139,1242.179426804398,150.2924142304929,9.038911018029635,155.2945172641384,9.430712794610988,0,0,0,0,0,0,0,0
2839.000000568139,1242.179426804398,150.2924142304929,9.038911018029635,155.2945172641384,9.430712794610988,0,0,0,0,0,0,0,0
2840,1440.937684517626,140.8972067444507,9.039763028703117,1.040311732413961,9.427850422656324,0,0,0,0,0,0,0,0
2840.000000285005,1440.937727544261,140.8972001566939,9.03976302889896,1.040309999031506,9.427850417545134,0,0,0,0,0,0,0,0
2840.000000285005,1440.937727544261,140.8972001566939,9.03976302889896,1.040309999031506,9.427850417545134,0,0,0,0,0,0,0,0
2849.000000570126,1244.353586568212,150.2924142371607,9.03908104140219,155.2945172641402,9.430712795641412,0,0,0,0,0,0,0,0
2849.000000570126,1244.353586568212,150.2924142371607,9.03908104140219,155.2945172641402,9.430712795641412,0,0,0,0,0,0,0,0
2850,1443.112000022284,140.8972067950188,9.039932902411412,1.0403117317207,9.427850423709836,0,0,0,0,0,0,0,0
2850.000000286026,1443.112043203087,140.8972001836643,9.039932902607918,1.040309992129152,9.427850418580338,0,0,0,0,0,0,0,0
2850.000000286026,1443.112043203087,140.8972001836643,9.039932902607918,1.040309992129152,9.427850418580338,0,0,0,0,0,0,0,0
2859.000000572158,1246.529303766338,150.2924142435527,9.03925036754708,155.2945172641417,9.430712796667416,0,0,0,0,0,0,0,0
2859.000000572158,1246.529303766338,150.2924142435527,9.03925036754708,155.2945172641417,9.430712796667416,0,0,0,0,0,0,0,0
2860,1445.287872247032,140.8972068464648,9.040102079577768,1.040311731366234,9.427850424759303,0,0,0,0,0,0,0,0
2860.000000287004,1445.287915575482,140.8972002125111,9.040102079774906,1.040309985828338,9.427850419612271,0,0,0,0,0,0,0,0
2860.000000287004,1445.287915575482,140.8972002125111,9.040102079774906,1.040309985828338,9.427850419612271,0,0,0,0,0,0,0,0
2869.000000574125,1248.706571338254,150.2924142502889,9.039418999250808,155.2945172641436,9.430712797701753,0,0,0,0,0,0,0,0
2869.000000574125,1248.706571338254,150.2924142502889,9.039418999250808,155.2945172641436,9.430712797701753,0,0,0,0,0,0,0,0
2870,1447.465294151936,140.8972068966369,9.040270562985642,1.040311730659056,9.427850425816493,0,0,0,0,0,0,0,0
2870.000000288041,1447.465337636959,140.8972002387174,9.040270563183455,1.040309978815266,9.427850420650863,0,0,0,0,0,0,0,0
2870.000000288041,1447.465337636959,140.8972002387174,9.040270563183455,1.040309978815266,9.427850420650863,0,0,0,0,0,0,0,0
2879.000000576154,1250.885382259451,150.2924142565272,9.039586939286311,155.2945172641451,9.43071279872586,0,0,0,0,0,0,0,0
2879.000000576154,1250.885382259451,150.2924142565272,9.039586939286311,155.2945172641451,9.43071279872586,0,0,0,0,0,0,0,0
2880,1449.644258694602,140.8972069479346,9.040438355403687,1.040311730401251,9.427850426863731,0,0,0,0,0,0,0,0
2880.000000289027,1449.644302328507,140.8972002672268,9.040438355602136,1.040309972561329,9.42785042168042,0,0,0,0,0,0,0,0
2880.000000289027,1449.644302328507,140.8972002672268,9.040438355602136,1.040309972561329,9.42785042168042,0,0,0,0,0,0,0,0
2889.000000578147,1253.065729524327,150.2924142631938,9.039754190415763,155.2945172641469,9.430712799755174,0,0,0,0,0,0,0,0
2889.000000578147,1253.065729524327,150.2924142631938,9.039754190415763,155.2945172641469,9.430712799755174,0,0,0,0,0,0,0,0
2890,1451.824758888502,140.8972069987137,9.040605459591257,1.040311729969847,9.427850427916303,0,0,0,0,0,0,0,0
2890.000000290038,1451.824802675136,140.8972002946287,9.040605459790363,1.040309965978913,9.42785042271486,0,0,0,0,0,0,0,0
2890.000000290038,1451.824802675136,140.8972002946287,9.040605459790363,1.040309965978913,9.42785042271486,0,0,0,0,0,0,0,0
2899.000000580189,1255.247606163002,150.2924142696993,9.039920755391043,155.2945172641486,9.430712800783839,0,0,0,0,0,0,0,0
2899.000000580189,1255.247606163002,150.2924142696993,9.039920755391043,155.2945172641486,9.430712800783839,0,0,0,0,0,0,0,0
2900,1454.006787753116,140.8972070504916,9.040771878296411,1.040311729887016,9.427850428968821,0,0,0,0,0,0,0,0
2900.000000291021,1454.00683168822,140.8972003236813,9.040771878496155,1.040309959916544,9.42785042374974,0,0,0,0,0,0,0,0
2900.000000291021,1454.00683168822,140.8972003236813,9.040771878496155,1.040309959916544,9.42785042374974,0,0,0,0,0,0,0,0
2909.000000582152,1257.431005228375,150.2924142764039,9.040086636953788,155.2945172641503,9.430712801822251,0,0,0,0,0,0,0,0
2909.000000582152,1257.431005228375,150.2924142764039,9.040086636953788,155.2945172641503,9.430712801822251,0,0,0,0,0,0,0,0
2910,1456.19033836455,140.8972071004725,9.040937614257762,1.040311729338893,9.427850430029936,0,0,0,0,0,0,0,0
2910.000000292004,1456.190382448126,140.8972003509369,9.040937614458144,1.040309953388885,9.427850424793233,0,0,0,0,0,0,0,0
2910.000000292004,1456.190382448126,140.8972003509369,9.040937614458144,1.040309953388885,9.427850424793233,0,0,0,0,0,0,0,0
2919.000000584114,1259.615919806126,150.2924142828015,9.04025183783274,155.2945172641518,9.430712802857558,0,0,0,0,0,0,0,0
2919.000000584114,1259.615919806126,150.2924142828015,9.04025183783274,155.2945172641518,9.430712802857558,0,0,0,0,0,0,0,0
2920,1458.375403797501,140.897207150298,9.041102670200017,1.04031172886585,9.427850431087352,0,0,0,0,0,0,0,0
2920.000000293,1458.375448031471,140.8972003777426,9.041102670401044,1.040309946858864,9.427850425832778,0,0,0,0,0,0,0,0
2920.000000293,1458.375448031471,140.8972003777426,9.041102670401044,1.040309946858864,9.427850425832778,0,0,0,0,0,0,0,0
2929.000000586143,1261.802343005542,150.2924142891858,9.040416360742865,155.2945172641535,9.430712803885399,0,0,0,0,0,0,0,0
2929.000000586143,1261.802343005542,150.2924142891858,9.040416360742865,155.2945172641535,9.430712803885399,0,0,0,0,0,0,0,0
2930,1460.561977154439,140.8972072017033,9.041267048834696,1.040311728860488,9.427850432138486,0,0,0,0,0,0,0,0
2930.000000294019,1460.562021542236,140.8972004056027,9.041267049036383,1.040309940658237,9.42785042686565,0,0,0,0,0,0,0,0
2930.000000294019,1460.562021542236,140.8972004056027,9.041267049036383,1.040309940658237,9.42785042686565,0,0,0,0,0,0,0,0
2939.000000588155,1263.990267963857,150.292414295688,9.040580208390134,155.2945172641552,9.430712804913234,0,0,0,0,0,0,0,0
2939.000000588155,1263.990267963857,150.292414295688,9.040580208390134,155.2945172641552,9.430712804913234,0,0,0,0,0,0,0,0
2940,1462.750051588492,140.8972072527952,9.04143075286472,1.040311728800306,9.427850433189612,0,0,0,0,0,0,0,0
2940.00000029506,1462.750096133548,140.8972004326239,9.04143075306709,1.040309934264502,9.427850427898102,0,0,0,0,0,0,0,0
2940.00000029506,1462.750096133548,140.8972004326239,9.04143075306709,1.040309934264502,9.427850427898102,0,0,0,0,0,0,0,0
2949.000000590191,1266.179687847815,150.2924143020695,9.040743383469724,155.2945172641569,9.430712805936652,0,0,0,0,0,0,0,0
2949.000000590191,1266.179687847815,150.2924143020695,9.040743383469724,155.2945172641569,9.430712805936652,0,0,0,0,0,0,0,0
2950,1464.93962026227,140.8972073044079,9.041593784981741,1.040311728951264,9.427850434236685,0,0,0,0,0,0,0,0
2950.000000296007,1464.939664950305,140.8972004623521,9.04159378518472,1.040309928657182,9.427850428928197,0,0,0,0,0,0,0,0
2950.000000296007,1464.939664950305,140.8972004623521,9.04159378518472,1.040309928657182,9.427850428928197,0,0,0,0,0,0,0,0
2959.000000592108,1268.370595847049,150.2924143088646,9.040905888669235,155.2945172641584,9.430712806974888,0,0,0,0,0,0,0,0
2959.000000592108,1268.370595847049,150.2924143088646,9.040905888669235,155.2945172641584,9.430712806974888,0,0,0,0,0,0,0,0
2960,1467.13067639148,140.8972073534553,9.041756147870712,1.040311728391266,9.427850435297108,0,0,0,0,0,0,0,0
2960.000000297012,1467.130721231283,140.8972004881697,9.041756148074338,1.040309921984892,9.427850429970592,0,0,0,0,0,0,0,0
2960.000000297012,1467.130721231283,140.8972004881697,9.041756148074338,1.040309921984892,9.427850429970592,0,0,0,0,0,0,0,0
2969.000000594142,1270.562985187407,150.292414315048,9.041067726661907,155.29451726416,9.430712808001296,0,0,0,0,0,0,0,0
2969.000000594142,1270.562985187407,150.292414315048,9.041067726661907,155.29451726416,9.430712808001296,0,0,0,0,0,0,0,0
2970,1469.323213166692,140.8972074048176,9.041917844200411,1.040311728616042,9.427850436346628,0,0,0,0,0,0,0,0
2970.000000298044,1469.323258162381,140.8972005156714,9.041917844404713,1.04030991593143,9.427850431001604,0,0,0,0,0,0,0,0
2970.000000298044,1469.323258162381,140.8972005156714,9.041917844404713,1.04030991593143,9.427850431001604,0,0,0,0,0,0,0,0
2979.000000596167,1272.756849111736,150.2924143214863,9.041228900108912,155.2945172641614,9.430712809025048,0,0,0,0,0,0,0,0
2979.000000596167,1272.756849111736,150.2924143214863,9.041228900108912,155.2945172641614,9.430712809025048,0,0,0,0,0,0,0,0
2980,1471.517223854304,140.8972074560945,9.042078876629269,1.040311728814807,9.42785043739379,0,0,0,0,0,0,0,0
2980.000000299054,1471.517269002447,140.8972005436133,9.042078876834228,1.040309909990245,9.427850432030658,0,0,0,0,0,0,0,0
2980.000000299054,1471.517269002447,140.8972005436133,9.042078876834228,1.040309909990245,9.427850432030658,0,0,0,0,0,0,0,0
2989.000000598166,1274.952180894884,150.2924143279894,9.041389411663618,155.2945172641631,9.430712810051157,0,0,0,0,0,0,0,0
2989.000000598166,1274.952180894884,150.2924143279894,9.041389411663618,155.2945172641631,9.430712810051157,0,0,0,0,0,0,0,0
2990,1473.712701732693,140.8972075069842,9.042239247807551,1.040311728948961,9.427850438443194,0,0,0,0,0,0,0,0
2990.000000300046,1473.712747030682,140.8972005715675,9.042239248013146,1.040309904089546,9.427850433062272,0,0,0,0,0,0,0,0
2990.000000300046,1473.712747030682,140.8972005715675,9.042239248013146,1.040309904089546,9.427850433062272,0,0,0,0,0,0,0,0
2999.000000600177,1277.148973838135,150.2924143345132,9.041549263969353,155.2945172641649,9.430712811080673,0,0,0,0,0,0,0,0
2999.000000600177,1277.148973838135,150.2924143345132,9.041549263969353,155.2945172641649,9.430712811080673,0,0,0,0,0,0,0,0
3000,1475.909640102424,140.8972075579686,9.042398960375293,1.040311729152467,9.427850439496133,0,0,0,0,0,0,0,0
3000.000000301029,1475.909685548884,140.8972005998265,9.042398960581528,1.040309898313515,9.427850434097575,0,0,0,0,0,0,0,0
3000.000000301029,1475.909685548884,140.8972005998265,9.042398960581528,1.040309898313515,9.427850434097575,0,0,0,0,0,0,0,0
3009.000000602143,1279.347221269347,150.2924143410361,9.0417084596591,155.2945172641662,9.430712812115011,0,0,0,0,0,0,0,0
3009.000000602143,1279.347221269347,150.2924143410361,9.0417084596591,155.2945172641662,9.430712812115011,0,0,0,0,0,0,0,0
3010,1478.108032300973,140.8972076079644,9.04255801696228,1.040311729143572,9.42785044055306,0,0,0,0,0,0,0,0
3010.000000302013,1478.108077896043,140.897200627076,9.042558017169153,1.04030989231955,9.427850435136854,0,0,0,0,0,0,0,0
3010.000000302013,1478.108077896043,140.897200627076,9.042558017169153,1.04030989231955,9.427850435136854,0,0,0,0,0,0,0,0
3019.00000060412,1281.546916544212,150.2924143473979,9.041867001353536,155.2945172641677,9.430712813146345,0,0,0,0,0,0,0,0
3019.00000060412,1281.546916544212,150.2924143473979,9.041867001353536,155.2945172641677,9.430712813146345,0,0,0,0,0,0,0,0
3020,1480.307871676842,140.8972076583327,9.042716420185679,1.040311729313664,9.427850441606997,0,0,0,0,0,0,0,0
3020.000000303015,1480.307917423131,140.8972006542984,9.042716420393198,1.040309886399475,9.427850436172832,0,0,0,0,0,0,0,0
3020.000000303015,1480.307917423131,140.8972006542984,9.042716420393198,1.040309886399475,9.427850436172832,0,0,0,0,0,0,0,0
3029.000000606139,1283.748053043002,150.2924143537879,9.042024891662013,155.2945172641693,9.430712814173912,0,0,0,0,0,0,0,0
3029.000000606139,1283.748053043002,150.2924143537879,9.042024891662013,155.2945172641693,9.430712814173912,0,0,0,0,0,0,0,0
3030,1482.509151611363,140.8972077094904,9.042874172651711,1.04031172973335,9.427850442657821,0,0,0,0,0,0,0,0
3030.000000304021,1482.509197509625,140.8972006821947,9.042874172859879,1.040309880698571,9.427850437205603,0,0,0,0,0,0,0,0
3030.000000304021,1482.509197509625,140.8972006821947,9.042874172859879,1.040309880698571,9.427850437205603,0,0,0,0,0,0,0,0
3039.000000608145,1285.950624172829,150.2924143602656,9.042182133185047,155.2945172641709,9.430712815202892,0,0,0,0,0,0,0,0
3039.000000608145,1285.950624172829,150.2924143602656,9.042182133185047,155.2945172641709,9.430712815202892,0,0,0,0,0,0,0,0
3040,1484.711865521921,140.8972077603233,9.04303127695793,1.040311730100548,9.427850443709998,0,0,0,0,0,0,0,0
3040.00000030501,1484.71191156948,140.8972007101762,9.043031277166742,1.040309875053042,9.427850438240064,0,0,0,0,0,0,0,0
3040.00000030501,1484.71191156948,140.8972007101762,9.043031277166742,1.040309875053042,9.427850438240064,0,0,0,0,0,0,0,0
3049.000000610129,1288.15462336806,150.2924143667441,9.042338728513785,155.2945172641724,9.43071281623447,0,0,0,0,0,0,0,0
3049.000000610129,1288.15462336806,150.2924143667441,9.042338728513785,155.2945172641724,9.43071281623447,0,0,0,0,0,0,0,0
3050,1486.91600684487,140.8972078108517,9.043187735692364,1.040311730432418,9.427850444764536,0,0,0,0,0,0,0,0
3050.000000306009,1486.916053043442,140.8972007375903,9.043187735901823,1.040309869303041,9.427850439276668,0,0,0,0,0,0,0,0
3050.000000306009,1486.916053043442,140.8972007375903,9.043187735901823,1.040309869303041,9.427850439276668,0,0,0,0,0,0,0,0
3059.000000612147,1290.360044089476,150.2924143731479,9.042494680228314,155.2945172641741,9.430712817264716,0,0,0,0,0,0,0,0
3059.000000612147,1290.360044089476,150.2924143731479,9.042494680228314,155.2945172641741,9.430712817264716,0,0,0,0,0,0,0,0
3060,1489.121569036875,140.8972078620364,9.043343551431798,1.040311731002287,9.42785044581813,0,0,0,0,0,0,0,0
3060.000000307009,1489.121615386391,140.8972007656712,9.043343551641906,1.040309863793806,9.427850440312328,0,0,0,0,0,0,0,0
3060.000000307009,1489.121615386391,140.8972007656712,9.043343551641906,1.040309863793806,9.427850440312328,0,0,0,0,0,0,0,0
3069.000000614121,1292.566879822829,150.292414379614,9.042649990898932,155.2945172641754,9.430712818297444,0,0,0,0,0,0,0,0
3069.000000614121,1292.566879822829,150.292414379614,9.042649990898932,155.2945172641754,9.430712818297444,0,0,0,0,0,0,0,0
3070,1491.328545598501,140.8972079121357,9.043498726743632,1.040311731318155,9.427850446873448,0,0,0,0,0,0,0,0
3070.000000308028,1491.328592101914,140.8972007922148,9.043498726954402,1.040309857911642,9.427850441349378,0,0,0,0,0,0,0,0
3070.000000308028,1491.328592101914,140.8972007922148,9.043498726954402,1.040309857911642,9.427850441349378,0,0,0,0,0,0,0,0
3079.000000616129,1294.775124082293,150.2924143858326,9.042804663084187,155.2945172641768,9.430712819321966,0,0,0,0,0,0,0,0
3079.000000616129,1294.775124082293,150.2924143858326,9.042804663084187,155.2945172641768,9.430712819321966,0,0,0,0,0,0,0,0
3080,1493.53693003301,140.8972079629339,9.043653264182939,1.04031173191813,9.427850447920809,0,0,0,0,0,0,0,0
3080.000000309012,1493.536976684964,140.8972008202771,9.04365326439434,1.040309852529313,9.4278504423791,0,0,0,0,0,0,0,0
3080.000000309012,1493.536976684964,140.8972008202771,9.04365326439434,1.040309852529313,9.4278504423791,0,0,0,0,0,0,0,0
3089.000000618122,1296.984770403534,150.2924143923508,9.042958699333791,155.2945172641784,9.43071282034923,0,0,0,0,0,0,0,0
3089.000000618122,1296.984770403534,150.2924143923508,9.042958699333791,155.2945172641784,9.43071282034923,0,0,0,0,0,0,0,0
3090,1495.746715887329,140.897208013604,9.043807166296826,1.040311732467095,9.427850448971206,0,0,0,0,0,0,0,0
3090.000000310005,1495.746762689336,140.8972008479801,9.043807166508874,1.040309847035128,9.427850443411669,0,0,0,0,0,0,0,0
3090.000000310005,1495.746762689336,140.8972008479801,9.043807166508874,1.040309847035128,9.427850443411669,0,0,0,0,0,0,0,0
3099.000000620145,1299.195812352624,150.2924143987887,9.043112102188857,155.2945172641799,9.430712821378034,0,0,0,0,0,0,0,0
3099.000000620145,1299.195812352624,150.2924143987887,9.043112102188857,155.2945172641799,9.430712821378034,0,0,0,0,0,0,0,0
3100,1497.957896722771,140.8972080649219,9.043960435623257,1.040311733250662,9.427850450023636,0,0,0,0,0,0,0,0
3100.000000311001,1497.957943675104,140.8972008762889,9.043960435835947,1.040309841764481,9.427850444446246,0,0,0,0,0,0,0,0
3100.000000311001,1497.957943675104,140.8972008762889,9.043960435835947,1.040309841764481,9.427850444446246,0,0,0,0,0,0,0,0
3109.000000622127,1301.408243518835,150.2924144052896,9.043264874180863,155.2945172641814,9.430712822412104,0,0,0,0,0,0,0,0
3109.000000622127,1301.408243518835,150.2924144052896,9.043264874180863,155.2945172641814,9.430712822412104,0,0,0,0,0,0,0,0
3110,1500.170466143016,140.8972081152071,9.044113074690804,1.040311733797295,9.427850451080531,0,0,0,0,0,0,0,0
3110.000000312043,1500.170513252678,140.8972009024928,9.044113074904169,1.040309835974795,9.427850445484461,0,0,0,0,0,0,0,0
3110.000000312043,1500.170513252678,140.8972009024928,9.044113074904169,1.040309835974795,9.427850445484461,0,0,0,0,0,0,0,0
3119.000000624151,1303.622057520395,150.292414411427,9.043417017828537,155.2945172641829,9.430712823435915,0,0,0,0,0,0,0,0
3119.000000624151,1303.622057520395,150.292414411427,9.043417017828537,155.2945172641829,9.430712823435915,0,0,0,0,0,0,0,0
3120,1502.384417753543,140.8972081664128,9.044265086014637,1.040311734705412,9.427850452127482,0,0,0,0,0,0,0,0
3120.000000313028,1502.384465011953,140.8972009309311,9.04426508622864,1.040309830892311,9.427850446513746,0,0,0,0,0,0,0,0
3120.000000313028,1502.384465011953,140.8972009309311,9.04426508622864,1.040309830892311,9.427850446513746,0,0,0,0,0,0,0,0
3129.000000626164,1305.83724799449,150.2924144179891,9.043568535642216,155.2945172641843,9.43071282446499,0,0,0,0,0,0,0,0
3129.000000626164,1305.83724799449,150.2924144179891,9.043568535642216,155.2945172641843,9.43071282446499,0,0,0,0,0,0,0,0
3130,1504.599745204503,140.8972082176651,9.044416472102771,1.04031173558664,9.4278504531802,0,0,0,0,0,0,0,0
3130.000000314024,1504.599792613378,140.8972009591533,9.044416472317415,1.040309825713793,9.427850447548597,0,0,0,0,0,0,0,0
3130.000000314024,1504.599792613378,140.8972009591533,9.044416472317415,1.040309825713793,9.427850447548597,0,0,0,0,0,0,0,0
3139.000000628137,1308.053808610272,150.2924144244454,9.043719430124726,155.2945172641857,9.43071282549896,0,0,0,0,0,0,0,0
3139.000000628137,1308.053808610272,150.2924144244454,9.043719430124726,155.2945172641857,9.43071282549896,0,0,0,0,0,0,0,0
3140,1506.816442171938,140.8972082678134,9.044567235454959,1.040311736243975,9.427850454236889,0,0,0,0,0,0,0,0
3140.000000315047,1506.816489735328,140.8972009856512,9.044567235670268,1.040309820148204,9.427850448586938,0,0,0,0,0,0,0,0
3140.000000315047,1506.816489735328,140.8972009856512,9.044567235670268,1.040309820148204,9.427850448586938,0,0,0,0,0,0,0,0
3149.000000630161,1310.27173306116,150.29241443062,9.043869703765921,155.2945172641871,9.4307128265248,0,0,0,0,0,0,0,0
3149.000000630161,1310.27173306116,150.29241443062,9.043869703765921,155.2945172641871,9.4307128265248,0,0,0,0,0,0,0,0
3150,1509.034502337544,140.8972083188785,9.044717378557628,1.040311737243647,9.427850455285787,0,0,0,0,0,0,0,0
3150.00000031601,1509.034550046317,140.8972010144639,9.044717378773559,1.040309815292796,9.427850449618573,0,0,0,0,0,0,0,0
3150.00000031601,1509.034550046317,140.8972010144639,9.044717378773559,1.040309815292796,9.427850449618573,0,0,0,0,0,0,0,0
3159.00000063215,1312.491015060612,150.2924144372533,9.044019359047848,155.2945172641887,9.430712827558855,0,0,0,0,0,0,0,0
3159.00000063215,1312.491015060612,150.2924144372533,9.044019359047848,155.2945172641887,9.430712827558855,0,0,0,0,0,0,0,0
3160,1511.253919430357,140.8972083695379,9.044866903890563,1.040311738089064,9.427850456343117,0,0,0,0,0,0,0,0
3160.000000317018,1511.253967291381,140.8972010418198,9.044866904107149,1.040309810006559,9.42785045065782,0,0,0,0,0,0,0,0
3160.000000317018,1511.253967291381,140.8972010418198,9.044866904107149,1.040309810006559,9.42785045065782,0,0,0,0,0,0,0,0
3169.000000634145,1314.711648355023,150.2924144435468,9.044168398443258,155.2945172641901,9.430712828591318,0,0,0,0,0,0,0,0
3169.000000634145,1314.711648355023,150.2924144435468,9.044168398443258,155.2945172641901,9.430712828591318,0,0,0,0,0,0,0,0
3170,1513.474687191906,140.8972084201917,9.045015813923161,1.04031173904924,9.427850457398456,0,0,0,0,0,0,0,0
3170.000000318032,1513.474735206071,140.8972010690335,9.045015814140401,1.040309804799126,9.427850451694971,0,0,0,0,0,0,0,0
3170.000000318032,1513.474735206071,140.8972010690335,9.045015814140401,1.040309804799126,9.427850451694971,0,0,0,0,0,0,0,0
3179.00000063616,1316.933626710635,150.2924144498554,9.044316824413318,155.2945172641915,9.430712829620093,0,0,0,0,0,0,0,0
3179.00000063616,1316.933626710635,150.2924144498554,9.044316824413318,155.2945172641915,9.430712829620093,0,0,0,0,0,0,0,0
3180,1515.696799390241,140.8972084712703,9.045164111113705,1.040311740162292,9.427850458450436,0,0,0,0,0,0,0,0
3180.000000319051,1515.696847558235,140.897201096567,9.045164111331603,1.040309799716911,9.427850452728686,0,0,0,0,0,0,0,0
3180.000000319051,1515.696847558235,140.897201096567,9.045164111331603,1.040309799716911,9.427850452728686,0,0,0,0,0,0,0,0
3189.000000638155,1319.156943919888,150.2924144561808,9.04446463941043,155.2945172641928,9.430712830647344,0,0,0,0,0,0,0,0
3189.000000638155,1319.156943919888,150.2924144561808,9.04446463941043,155.2945172641928,9.430712830647344,0,0,0,0,0,0,0,0
3190,1517.920249826492,140.8972085218257,9.04531179791184,1.040311741179099,9.427850459500576,0,0,0,0,0,0,0,0
3190.000000320023,1517.920298141313,140.8972011246493,9.045311798130369,1.040309794820557,9.427850453761389,0,0,0,0,0,0,0,0
3190.000000320023,1517.920298141313,140.8972011246493,9.045311798130369,1.040309794820557,9.427850453761389,0,0,0,0,0,0,0,0
3199.000000640133,1321.381593799578,150.2924144626476,9.044611845878874,155.2945172641942,9.430712831678216,0,0,0,0,0,0,0,0
3199.000000640133,1321.381593799578,150.2924144626476,9.044611845878874,155.2945172641942,9.430712831678216,0,0,0,0,0,0,0,0
3200,1520.145032318915,140.8972085721287,9.04545887675914,1.040311742143749,9.427850460554295,0,0,0,0,0,0,0,0
3200.000000321012,1520.145080783033,140.8972011521008,9.045458876978309,1.040309789772479,9.427850454797378,0,0,0,0,0,0,0,0
3200.000000321012,1520.145080783033,140.8972011521008,9.045458876978309,1.040309789772479,9.427850454797378,0,0,0,0,0,0,0,0
3209.000000642131,1323.607570193324,150.2924144689761,9.044758446253224,155.2945172641957,9.430712832708329,0,0,0,0,0,0,0,0
3209.000000642131,1323.607570193324,150.2924144689761,9.044758446253224,155.2945172641957,9.430712832708329,0,0,0,0,0,0,0,0
3210,1522.371140708181,140.8972086227536,9.045605350087174,1.040311743268963,9.427850461607353,0,0,0,0,0,0,0,0
3210.000000322019,1522.37118932448,140.8972011794327,9.045605350306985,1.040309784768804,9.427850455832361,0,0,0,0,0,0,0,0
3210.000000322019,1522.37118932448,140.8972011794327,9.045605350306985,1.040309784768804,9.427850455832361,0,0,0,0,0,0,0,0
3219.000000644152,1325.83486696749,150.2924144753019,9.044904442957737,155.2945172641971,9.430712833736436,0,0,0,0,0,0,0,0
3219.000000644152,1325.83486696749,150.2924144753019,9.044904442957737,155.2945172641971,9.430712833736436,0,0,0,0,0,0,0,0
3220,1524.598568862668,140.8972086738923,9.045751220317321,1.040311744571512,9.4278504626588,0,0,0,0,0,0,0,0
3220.000000323021,1524.598617630187,140.8972012074256,9.045751220537792,1.040309779981184,9.427850456865851,0,0,0,0,0,0,0,0
3220.000000323021,1524.598617630187,140.8972012074256,9.045751220537792,1.040309779981184,9.427850456865851,0,0,0,0,0,0,0,0
3229.000000646147,1328.063478013079,150.2924144817013,9.045049838408326,155.2945172641984,9.430712834766984,0,0,0,0,0,0,0,0
3229.000000646147,1328.063478013079,150.2924144817013,9.045049838408326,155.2945172641984,9.430712834766984,0,0,0,0,0,0,0,0
3230,1526.827310681385,140.8972087247649,9.045896489862903,1.040311745833751,9.427850463712591,0,0,0,0,0,0,0,0
3230.000000324036,1526.827359602185,140.8972012348371,9.045896490084024,1.040309775070282,9.427850457901439,0,0,0,0,0,0,0,0
3230.000000324036,1526.827359602185,140.8972012348371,9.045896490084024,1.040309775070282,9.427850457901439,0,0,0,0,0,0,0,0
3239.000000648169,1330.293397246989,150.2924144880208,9.045194635011375,155.2945172641998,9.430712835796408,0,0,0,0,0,0,0,0
3239.000000648169,1330.293397246989,150.2924144880208,9.045194635011375,155.2945172641998,9.430712835796408,0,0,0,0,0,0,0,0
3240,1529.057360078733,140.8972087759875,9.04604116112734,1.040311747245821,9.427850464765442,0,0,0,0,0,0,0,0
3240.000000325022,1529.057409148555,140.8972012632502,9.046041161349093,1.040309770480686,9.427850458936597,0,0,0,0,0,0,0,0
3240.000000325022,1529.057409148555,140.8972012632502,9.046041161349093,1.040309770480686,9.427850458936597,0,0,0,0,0,0,0,0
3249.000000650137,1332.524618608458,150.2924144944612,9.045338835164813,155.2945172642011,9.430712836831072,0,0,0,0,0,0,0,0
3249.000000650137,1332.524618608458,150.2924144944612,9.045338835164813,155.2945172642011,9.430712836831072,0,0,0,0,0,0,0,0
3250,1531.288711008227,140.8972088259305,9.046185236506041,1.040311748343396,9.427850465822665,0,0,0,0,0,0,0,0
3250.000000326052,1531.288760233457,140.8972012894063,9.046185236728466,1.040309765319382,9.427850459975366,0,0,0,0,0,0,0,0
3250.000000326052,1531.288760233457,140.8972012894063,9.046185236728466,1.040309765319382,9.427850459975366,0,0,0,0,0,0,0,0
3259.000000652176,1334.757136064929,150.2924145005671,9.045482441254888,155.2945172642025,9.430712837855424,0,0,0,0,0,0,0,0
3259.000000652176,1334.757136064929,150.2924145005671,9.045482441254888,155.2945172642025,9.430712837855424,0,0,0,0,0,0,0,0
3260,1533.521357419204,140.8972088773212,9.046328718381931,1.040311749931694,9.427850466870273,0,0,0,0,0,0,0,0
3260.000000327023,1533.521406791192,140.8972013183344,9.046328718604979,1.040309760997284,9.42785046100555,0,0,0,0,0,0,0,0
3260.000000327023,1533.521406791192,140.8972013183344,9.046328718604979,1.040309760997284,9.42785046100555,0,0,0,0,0,0,0,0
3269.000000654154,1336.990943600974,150.2924145071423,9.045625455660918,155.2945172642038,9.430712838888461,0,0,0,0,0,0,0,0
3269.000000654154,1336.990943600974,150.2924145071423,9.045625455660918,155.2945172642038,9.430712838888461,0,0,0,0,0,0,0,0
3270,1535.755293318903,140.8972089277934,9.046471609132359,1.04031175122528,9.427850467926476,0,0,0,0,0,0,0,0
3270.00000032804,1535.755342844378,140.8972013453139,9.046471609356068,1.040309756109432,9.427850462043519,0,0,0,0,0,0,0,0
3270.00000032804,1535.755342844378,140.8972013453139,9.046471609356068,1.040309756109432,9.427850462043519,0,0,0,0,0,0,0,0
3279.000000656164,1339.22603523389,150.2924145133391,9.045767880753097,155.2945172642052,9.430712839917648,0,0,0,0,0,0,0,0
3279.000000656164,1339.22603523389,150.2924145133391,9.045767880753097,155.2945172642052,9.430712839917648,0,0,0,0,0,0,0,0
3280,1537.990512713401,140.8972089786583,9.046613911124227,1.040311752742975,9.427850468978692,0,0,0,0,0,0,0,0
3280.000000329033,1537.990562388929,140.8972013732117,9.04661391134858,1.040309751583975,9.427850463077917,0,0,0,0,0,0,0,0
3280.000000329033,1537.990562388929,140.8972013732117,9.04661391134858,1.040309751583975,9.427850463077917,0,0,0,0,0,0,0,0
3289.000000658142,1341.462404998165,150.2924145197082,9.04590971889167,155.2945172642066,9.430712840948271,0,0,0,0,0,0,0,0
3289.000000658142,1341.462404998165,150.2924145197082,9.04590971889167,155.2945172642066,9.430712840948271,0,0,0,0,0,0,0,0
3290,1540.227009649684,140.8972090288737,9.046755626715386,1.040311754097387,9.427850470032002,0,0,0,0,0,0,0,0
3290.000000330012,1540.227059473068,140.8972014007964,9.046755626940366,1.040309746983739,9.427850464113671,0,0,0,0,0,0,0,0
3290.000000330012,1540.227059473068,140.8972014007964,9.046755626940366,1.040309746983739,9.427850464113671,0,0,0,0,0,0,0,0
3299.000000660148,1343.700046955803,150.2924145260604,9.046050972428466,155.2945172642079,9.430712841979085,0,0,0,0,0,0,0,0
3299.000000660148,1343.700046955803,150.2924145260604,9.046050972428466,155.2945172642079,9.430712841979085,0,0,0,0,0,0,0,0
3300,1542.464778182459,140.8972090797493,9.046896758254814,1.040311755671298,9.42785047108603,0,0,0,0,0,0,0,0
3300.000000331028,1542.464828159261,140.8972014281898,9.046896758480456,1.040309742378977,9.427850465149476,0,0,0,0,0,0,0,0
3300.000000331028,1542.464828159261,140.8972014281898,9.046896758480456,1.040309742378977,9.427850465149476,0,0,0,0,0,0,0,0
3309.000000662131,1345.938955192275,150.2924145322771,9.046191643705779,155.2945172642092,9.430712843007605,0,0,0,0,0,0,0,0
3309.000000662131,1345.938955192275,150.2924145322771,9.046191643705779,155.2945172642092,9.430712843007605,0,0,0,0,0,0,0,0
3310,1544.703812406853,140.8972091300621,9.047037308082137,1.04031175716642,9.427850472137184,0,0,0,0,0,0,0,0
3310.000000332015,1544.70386253261,140.8972014557037,9.047037308308413,1.040309737875199,9.427850466182944,0,0,0,0,0,0,0,0
3310.000000332015,1544.70386253261,140.8972014557037,9.047037308308413,1.040309737875199,9.427850466182944,0,0,0,0,0,0,0,0
3319.000000664123,1348.1791238151,150.2924145386037,9.046331735056818,155.2945172642105,9.43071284403544,0,0,0,0,0,0,0,0
3319.000000664123,1348.1791238151,150.2924145386037,9.046331735056818,155.2945172642105,9.43071284403544,0,0,0,0,0,0,0,0
3320,1546.944106428657,140.8972091806636,9.04717727852797,1.040311758757828,9.427850473187998,0,0,0,0,0,0,0,0
3320.000000333021,1546.944156706322,140.8972014830543,9.047177278754896,1.040309733348781,9.427850467215714,0,0,0,0,0,0,0,0
3320.000000333021,1546.944156706322,140.8972014830543,9.047177278754896,1.040309733348781,9.427850467215714,0,0,0,0,0,0,0,0
3329.000000666164,1350.420546957216,150.292414544913,9.046471248806318,155.2945172642118,9.430712845062066,0,0,0,0,0,0,0,0
3329.000000666164,1350.420546957216,150.292414544913,9.046471248806318,155.2945172642118,9.430712845062066,0,0,0,0,0,0,0,0
3330,1549.18565437807,140.897209232219,9.047316671914356,1.040311760648426,9.42785047423833,0,0,0,0,0,0,0,0
3330.000000334018,1549.185704806406,140.897201511548,9.047316672141928,1.040309729171335,9.427850468248158,0,0,0,0,0,0,0,0
3330.000000334018,1549.185704806406,140.897201511548,9.047316672141928,1.040309729171335,9.427850468248158,0,0,0,0,0,0,0,0
3339.000000668132,1352.663218773601,150.2924145513303,9.046610187271591,155.2945172642131,9.430712846095075,0,0,0,0,0,0,0,0
3339.000000668132,1352.663218773601,150.2924145513303,9.046610187271591,155.2945172642131,9.430712846095075,0,0,0,0,0,0,0,0
3340,1551.428450429254,140.8972092822662,9.047455490556299,1.040311762156826,9.427850475294091,0,0,0,0,0,0,0,0
3340.000000335043,1551.428501012381,140.8972015379028,9.047455490784525,1.040309724445747,9.42785046928554,0,0,0,0,0,0,0,0
3340.000000335043,1551.428501012381,140.8972015379028,9.047455490784525,1.040309724445747,9.42785046928554,0,0,0,0,0,0,0,0
3349.0000006702,1354.907133445907,150.2924145574805,9.046748552758809,155.2945172642143,9.430712847120384,0,0,0,0,0,0,0,0
3349.0000006702,1354.907133445907,150.2924145574805,9.046748552758809,155.2945172642143,9.430712847120384,0,0,0,0,0,0,0,0
3350,1553.672488739928,140.897209334484,9.047593736756733,1.040311764334426,9.427850476343425,0,0,0,0,0,0,0,0
3350.000000336042,1553.672539473864,140.8972015670379,9.047593736985606,1.040309720549771,9.427850470316963,0,0,0,0,0,0,0,0
3350.000000336042,1553.672539473864,140.8972015670379,9.047593736985606,1.040309720549771,9.427850470316963,0,0,0,0,0,0,0,0
3359.000000672148,1357.152285173517,150.2924145639715,9.046886347567426,155.2945172642155,9.430712848155489,0,0,0,0,0,0,0,0
3359.000000672148,1357.152285173517,150.2924145639715,9.046886347567426,155.2945172642155,9.430712848155489,0,0,0,0,0,0,0,0
3360,1555.917763546161,140.8972093841698,9.047731412813304,1.040311765818777,9.427850477401067,0,0,0,0,0,0,0,0
3360.000000337037,1555.917814430357,140.897201593725,9.047731413042818,1.040309715982673,9.427850471356763,0,0,0,0,0,0,0,0
3360.000000337037,1555.917814430357,140.897201593725,9.047731413042818,1.040309715982673,9.427850471356763,0,0,0,0,0,0,0,0
3369.000000674144,1359.398668186095,150.2924145701052,9.04702357398682,155.2945172642168,9.430712849184717,0,0,0,0,0,0,0,0
3369.000000674144,1359.398668186095,150.2924145701052,9.04702357398682,155.2945172642168,9.430712849184717,0,0,0,0,0,0,0,0
3370,1558.164269053587,140.8972094347199,9.047868521012086,1.040311767645272,9.42785047845298,0,0,0,0,0,0,0,0
3370.00000033802,1558.164320086189,140.8972016215604,9.04786852124224,1.040309711832394,9.427850472391048,0,0,0,0,0,0,0,0
3370.00000033802,1558.164320086189,140.8972016215604,9.04786852124224,1.040309711832394,9.427850472391048,0,0,0,0,0,0,0,0
3379.000000676167,1361.646276730163,150.2924145764839,9.047160234297033,155.2945172642181,9.430712850215164,0,0,0,0,0,0,0,0
3379.000000676167,1361.646276730163,150.2924145764839,9.047160234297033,155.2945172642181,9.430712850215164,0,0,0,0,0,0,0,0
3380,1560.411999515253,140.8972094860409,9.048005063630926,1.04031176966364,9.427850479507031,0,0,0,0,0,0,0,0
3380.000000339055,1560.412050704225,140.8972016489471,9.048005063861746,1.04030970755316,9.427850473426519,0,0,0,0,0,0,0,0
3380.000000339055,1560.412050704225,140.8972016489471,9.048005063861746,1.04030970755316,9.427850473426519,0,0,0,0,0,0,0,0
3389.000000678215,1363.895105079788,150.2924145827602,9.047296330770287,155.2945172642196,9.430712851244431,0,0,0,0,0,0,0,0
3389.000000678215,1363.895105079788,150.2924145827602,9.047296330770287,155.2945172642196,9.430712851244431,0,0,0,0,0,0,0,0
3390,1562.660949207865,140.8972095377645,9.04814104293937,1.040311771850379,9.42785048056011,0,0,0,0,0,0,0,0
3390.000000340038,1562.661000545243,140.8972016779559,9.048141043170821,1.040309703763125,9.427850474461984,0,0,0,0,0,0,0,0
3390.000000340038,1562.661000545243,140.8972016779559,9.048141043170821,1.040309703763125,9.427850474461984,0,0,0,0,0,0,0,0
3399.000000680164,1366.145147528602,150.292414589231,9.047431865671893,155.2945172642206,9.430712852283186,0,0,0,0,0,0,0,0
3399.000000680164,1366.145147528602,150.292414589231,9.047431865671893,155.2945172642206,9.430712852283186,0,0,0,0,0,0,0,0
3400,1564.911112445026,140.8972095874562,9.048276461200592,1.040311773504365,9.427850481621364,0,0,0,0,0,0,0,0
3400.000000341036,1564.911163933077,140.8972017045859,9.048276461432689,1.040309699349067,9.427850475505339,0,0,0,0,0,0,0,0
3400.000000341036,1564.911163933077,140.8972017045859,9.048276461432689,1.040309699349067,9.427850475505339,0,0,0,0,0,0,0,0
3409.000000682172,1368.396398398161,150.2924145953553,9.047566841256021,155.2945172642221,9.430712853315152,0,0,0,0,0,0,0,0
3409.000000682172,1368.396398398161,150.2924145953553,9.047566841256021,155.2945172642221,9.430712853315152,0,0,0,0,0,0,0,0
3410,1567.162483526737,140.8972096382722,9.04841132066557,1.040311775564594,9.427850482676176,0,0,0,0,0,0,0,0
3410.000000342013,1567.16253516237,140.8972017328132,9.0484113208983,1.040309695465709,9.427850476542629,0,0,0,0,0,0,0,0
3410.000000342013,1567.16253516237,140.8972017328132,9.0484113208983,1.040309695465709,9.427850476542629,0,0,0,0,0,0,0,0
3419.000000684148,1370.648852026622,150.2924146017485,9.04770125976842,155.2945172642232,9.430712854350112,0,0,0,0,0,0,0,0
3419.000000684148,1370.648852026622,150.2924146017485,9.04770125976842,155.2945172642232,9.430712854350112,0,0,0,0,0,0,0,0
3420,1569.415056807619,140.8972096886044,9.048545623578018,1.040311777483004,9.42785048373392,0,0,0,0,0,0,0,0
3420.000000343021,1569.415108595571,140.8972017598314,9.048545623811396,1.040309691249698,9.427850477582291,0,0,0,0,0,0,0,0
3420.000000343021,1569.415108595571,140.8972017598314,9.048545623811396,1.040309691249698,9.427850477582291,0,0,0,0,0,0,0,0
3429.000000686173,1372.902502780437,150.292414607933,9.047835123446259,155.2945172642245,9.430712855380454,0,0,0,0,0,0,0,0
3429.000000686173,1372.902502780437,150.292414607933,9.047835123446259,155.2945172642245,9.430712855380454,0,0,0,0,0,0,0,0
3430,1571.668826645908,140.8972097396208,9.04867937217227,1.040311779663841,9.427850484787372,0,0,0,0,0,0,0,0
3430.000000344032,1571.668878586523,140.8972017874813,9.048679372406305,1.040309687282283,9.427850478617607,0,0,0,0,0,0,0,0
3430.000000344032,1571.668878586523,140.8972017874813,9.048679372406305,1.040309687282283,9.427850478617607,0,0,0,0,0,0,0,0
3439.000000688148,1375.157345045202,150.2924146141604,9.047968434518152,155.2945172642257,9.430712856409707,0,0,0,0,0,0,0,0
3439.000000688148,1375.157345045202,150.2924146141604,9.047968434518152,155.2945172642257,9.430712856409707,0,0,0,0,0,0,0,0
3440,1573.923787440727,140.8972097898271,9.048812568674691,1.040311781663589,9.42785048583923,0,0,0,0,0,0,0,0
3440.000000345004,1573.923839528032,140.8972018152356,9.048812568909346,1.0403096833744,9.427850479652051,0,0,0,0,0,0,0,0
3440.000000345004,1573.923839528032,140.8972018152356,9.048812568909346,1.0403096833744,9.427850479652051,0,0,0,0,0,0,0,0
3449.000000690115,1377.413373230103,150.2924146204372,9.048101195205097,155.2945172642269,9.430712857439664,0,0,0,0,0,0,0,0
3449.000000690115,1377.413373230103,150.2924146204372,9.048101195205097,155.2945172642269,9.430712857439664,0,0,0,0,0,0,0,0
3450,1576.179933599299,140.8972098398755,9.04894521530384,1.040311783649058,9.427850486891741,0,0,0,0,0,0,0,0
3450.000000346014,1576.179985839199,140.8972018419279,9.048945215539151,1.040309679214384,9.427850480686436,0,0,0,0,0,0,0,0
3450.000000346014,1576.179985839199,140.8972018419279,9.048945215539151,1.040309679214384,9.427850480686436,0,0,0,0,0,0,0,0
3459.000000692145,1379.670581768157,150.292414626593,9.048233407718536,155.2945172642281,9.430712858463673,0,0,0,0,0,0,0,0
3459.000000692145,1379.670581768157,150.292414626593,9.048233407718536,155.2945172642281,9.430712858463673,0,0,0,0,0,0,0,0
3460,1578.437259547025,140.8972098911199,9.049077314268485,1.04031178601489,9.427850487939102,0,0,0,0,0,0,0,0
3460.00000034702,1578.437311938902,140.8972018699109,9.049077314504441,1.040309675459622,9.427850481715758,0,0,0,0,0,0,0,0
3460.00000034702,1578.437311938902,140.8972018699109,9.049077314504441,1.040309675459622,9.427850481715758,0,0,0,0,0,0,0,0
3469.00000069412,1381.92896511227,150.2924146328826,9.048365074262643,155.2945172642293,9.430712859490145,0,0,0,0,0,0,0,0
3469.00000069412,1381.92896511227,150.2924146328826,9.048365074262643,155.2945172642293,9.430712859490145,0,0,0,0,0,0,0,0
3470,1580.695759755171,140.8972099413251,9.049208867770696,1.040311788120092,9.427850488988389,0,0,0,0,0,0,0,0
3470.000000348019,1580.695812297789,140.8972018970439,9.049208868007295,1.040309671494014,9.427850482747139,0,0,0,0,0,0,0,0
3470.000000348019,1580.695812297789,140.8972018970439,9.049208868007295,1.040309671494014,9.427850482747139,0,0,0,0,0,0,0,0
3479.000000696161,1384.188517739996,150.2924146391237,9.048496197033201,155.2945172642304,9.430712860515028,0,0,0,0,0,0,0,0
3479.000000696161,1384.188517739996,150.2924146391237,9.048496197033201,155.2945172642304,9.430712860515028,0,0,0,0,0,0,0,0
3480,1582.955428686499,140.8972099929306,9.049339878003611,1.040311790642222,9.427850490037072,0,0,0,0,0,0,0,0
3480.000000349007,1582.955481378346,140.8972019258085,9.049339878240849,1.040309668006179,9.427850483778101,0,0,0,0,0,0,0,0
3480.000000349007,1582.955481378346,140.8972019258085,9.049339878240849,1.040309668006179,9.427850483778101,0,0,0,0,0,0,0,0
3489.000000698122,1386.449234148863,150.2924146455402,9.048626778219218,155.2945172642316,9.430712861548772,0,0,0,0,0,0,0,0
3489.000000698122,1386.449234148863,150.2924146455402,9.048626778219218,155.2945172642316,9.430712861548772,0,0,0,0,0,0,0,0
3490,1585.21626086264,140.8972100427912,9.049470347154225,1.040311792708261,9.427850491093492,0,0,0,0,0,0,0,0
3490.000000350053,1585.216313712507,140.8972019514826,9.049470347392139,1.04030966370824,9.427850484815758,0,0,0,0,0,0,0,0
3490.000000350053,1585.216313712507,140.8972019514826,9.049470347392139,1.04030966370824,9.427850484815758,0,0,0,0,0,0,0,0
3499.000000700154,1388.711108864074,150.2924146514222,9.048756819997868,155.2945172642326,9.430712862569328,0,0,0,0,0,0,0,0
3499.000000700154,1388.711108864074,150.2924146514222,9.048756819997868,155.2945172642326,9.430712862569328,0,0,0,0,0,0,0,0
3500,1587.478250786941,140.897210093942,9.049600277396483,1.0403117952619,9.427850492137077,0,0,0,0,0,0,0,0
3500.000000351041,1587.478303786038,140.8972019797925,9.049600277635035,1.040309660251914,9.427850485841613,0,0,0,0,0,0,0,0
3500.000000351041,1587.478303786038,140.8972019797925,9.049600277635035,1.040309660251914,9.427850485841613,0,0,0,0,0,0,0,0
3509.000000702206,1390.974136423103,150.292414657894,9.048886324539028,155.294517264234,9.430712863595414,0,0,0,0,0,0,0,0
3509.000000702206,1390.974136423103,150.292414657894,9.048886324539028,155.294517264234,9.430712863595414,0,0,0,0,0,0,0,0
3510,1589.741393008233,140.89721014601,9.049729670898634,1.040311797975593,9.427850493187567,0,0,0,0,0,0,0,0
3510.000000352014,1589.741446154295,140.8972020093663,9.049729671137813,1.040309657046911,9.427850486874659,0,0,0,0,0,0,0,0
3510.000000352014,1589.741446154295,140.8972020093663,9.049729671137813,1.040309657046911,9.427850486874659,0,0,0,0,0,0,0,0
3519.000000704149,1393.238311393053,150.2924146644187,9.049015294009187,155.2945172642352,9.430712864636952,0,0,0,0,0,0,0,0
3519.000000704149,1393.238311393053,150.2924146644187,9.049015294009187,155.2945172642352,9.430712864636952,0,0,0,0,0,0,0,0
3520,1592.005682114173,140.8972101956944,9.049858529825041,1.040311800088206,9.427850494251809,0,0,0,0,0,0,0,0
3520.000000353001,1592.00573540926,140.8972020362413,9.049858530064855,1.040309653157858,9.427850487921203,0,0,0,0,0,0,0,0
3520.000000353001,1592.00573540926,140.8972020362413,9.049858530064855,1.040309653157858,9.427850487921203,0,0,0,0,0,0,0,0
3529.000000706132,1395.503628364093,150.2924146705185,9.049143730562454,155.2945172642364,9.430712865674151,0,0,0,0,0,0,0,0
3529.000000706132,1395.503628364093,150.2924146705185,9.049143730562454,155.2945172642364,9.430712865674151,0,0,0,0,0,0,0,0
3530,1594.271112675729,140.897210245833,9.04998685632666,1.040311802447681,9.427850495311391,0,0,0,0,0,0,0,0
3530.000000354007,1594.271166122656,140.8972020631394,9.049986856567122,1.040309649402271,9.427850488962749,0,0,0,0,0,0,0,0
3530.000000354007,1594.271166122656,140.8972020631394,9.049986856567122,1.040309649402271,9.427850488962749,0,0,0,0,0,0,0,0
3539.000000708128,1397.770081943385,150.2924146766285,9.049271636341748,155.2945172642374,9.430712866704258,0,0,0,0,0,0,0,0
3539.000000708128,1397.770081943385,150.2924146766285,9.049271636341748,155.2945172642374,9.430712866704258,0,0,0,0,0,0,0,0
3540,1596.53767930535,140.8972102963469,9.050114652544078,1.040311804940144,9.427850496364092,0,0,0,0,0,0,0,0
3540.000000355044,1596.537732908921,140.8972020896772,9.050114652785215,1.040309645586068,9.427850489996848,0,0,0,0,0,0,0,0
3540.000000355044,1596.537732908921,140.8972020896772,9.050114652785215,1.040309645586068,9.427850489996848,0,0,0,0,0,0,0,0
3549.000000710189,1400.037666761805,150.2924146827344,9.049399013482018,155.2945172642386,9.430712867725761,0,0,0,0,0,0,0,0
3549.000000710189,1400.037666761805,150.2924146827344,9.049399013482018,155.2945172642386,9.430712867725761,0,0,0,0,0,0,0,0
3550,1598.805376629417,140.8972103482433,9.050241920609947,1.040311807836911,9.427850497409398,0,0,0,0,0,0,0,0
3550.000000356025,1598.80543038119,140.8972021188904,9.050241920851713,1.040309642514356,9.427850491024561,0,0,0,0,0,0,0,0
3550.000000356025,1598.80543038119,140.8972021188904,9.050241920851713,1.040309642514356,9.427850491024561,0,0,0,0,0,0,0,0
3559.000000712134,1402.306377469391,150.2924146891825,9.049525864114692,155.2945172642398,9.430712868758196,0,0,0,0,0,0,0,0
3559.000000712134,1402.306377469391,150.2924146891825,9.049525864114692,155.2945172642398,9.430712868758196,0,0,0,0,0,0,0,0
3560,1601.074199325609,140.8972103979385,9.050368662654135,1.040311810120255,9.427850498464446,0,0,0,0,0,0,0,0
3560.000000357002,1601.074253224896,140.8972021460073,9.050368662896529,1.04030963885688,9.427850492062097,0,0,0,0,0,0,0,0
3560.000000357002,1601.074253224896,140.8972021460073,9.050368662896529,1.04030963885688,9.427850492062097,0,0,0,0,0,0,0,0
3569.000000714135,1404.576208743504,150.2924146953672,9.049652190362284,155.2945172642411,9.430712869789168,0,0,0,0,0,0,0,0
3569.000000714135,1404.576208743504,150.2924146953672,9.049652190362284,155.2945172642411,9.430712869789168,0,0,0,0,0,0,0,0
3570,1603.344142048592,140.8972104486835,9.050494880796204,1.040311812773009,9.427850499518488,0,0,0,0,0,0,0,0
3570.000000358005,1603.344196099307,140.897202173575,9.050494881039242,1.040309635411164,9.427850493098152,0,0,0,0,0,0,0,0
3570.000000358005,1603.344196099307,140.897202173575,9.050494881039242,1.040309635411164,9.427850493098152,0,0,0,0,0,0,0,0
3579.000000716108,1406.8471552784,150.2924147015458,9.049777994337607,155.294517264242,9.430712870819363,0,0,0,0,0,0,0,0
3579.000000716108,1406.8471552784,150.2924147015458,9.049777994337607,155.294517264242,9.430712870819363,0,0,0,0,0,0,0,0
3580,1605.615199507823,140.8972104987146,9.050620577146825,1.040311815276453,9.427850500571163,0,0,0,0,0,0,0,0
3580.000000359038,1605.615253714497,140.8972021997351,9.05062057739053,1.040309631633601,9.427850494132295,0,0,0,0,0,0,0,0
3580.000000359038,1605.615253714497,140.8972021997351,9.05062057739053,1.040309631633601,9.427850494132295,0,0,0,0,0,0,0,0
3589.000000718175,1409.119211792139,150.2924147075576,9.04990327814375,155.2945172642433,9.43071287183945,0,0,0,0,0,0,0,0
3589.000000718175,1409.119211792139,150.2924147075576,9.04990327814375,155.2945172642433,9.43071287183945,0,0,0,0,0,0,0,0
3590,1607.887366403976,140.8972105508736,9.050745753806421,1.040311818411314,9.427850501615179,0,0,0,0,0,0,0,0
3590.000000360003,1607.887420756517,140.8972022295682,9.050745754050748,1.040309628894018,9.427850495158999,0,0,0,0,0,0,0,0
3590.000000360003,1607.887420756517,140.8972022295682,9.050745754050748,1.040309628894018,9.427850495158999,0,0,0,0,0,0,0,0
3599.000000720106,1411.392373018735,150.2924147141331,9.050028043880252,155.2945172642443,9.430712872875381,0,0,0,0,0,0,0,0
3599.000000720106,1411.392373018735,150.2924147141331,9.050028043880252,155.2945172642443,9.430712872875381,0,0,0,0,0,0,0,0
3600,1610.160637509306,140.8972106003003,9.050870412873302,1.040311820748479,9.42785050267371,0,0,0,0,0,0,0,0
3600.000000361034,1610.160692017532,140.8972022551658,9.050870413118298,1.040309624961238,9.427850496199042,0,0,0,0,0,0,0,0
3600.000000361034,1610.160692017532,140.8972022551658,9.050870413118298,1.040309624961238,9.427850496199042,0,0,0,0,0,0,0,0
3609.000000722155,1413.666633724658,150.2924147200023,9.05015229363582,155.2945172642455,9.430712873898802,0,0,0,0,0,0,0,0
3609.000000722155,1413.666633724658,150.2924147200023,9.05015229363582,155.2945172642455,9.430712873898802,0,0,0,0,0,0,0,0
3610,1612.435007554008,140.8972106517118,9.050994556432702,1.04031182378929,9.42785050372037,0,0,0,0,0,0,0,0
3610.000000362021,1612.43506221119,140.8972022837783,9.050994556678335,1.040309622003146,9.427850497228013,0,0,0,0,0,0,0,0
3610.000000362021,1612.43506221119,140.8972022837783,9.050994556678335,1.040309622003146,9.427850497228013,0,0,0,0,0,0,0,0
3619.000000724172,1415.941988684086,150.2924147264522,9.050276029491258,155.2945172642467,9.430712874929354,0,0,0,0,0,0,0,0
3619.000000724172,1415.941988684086,150.2924147264522,9.050276029491258,155.2945172642467,9.430712874929354,0,0,0,0,0,0,0,0
3620,1614.710471335901,140.8972107029892,9.051118186564056,1.040311826711251,9.427850504774721,0,0,0,0,0,0,0,0
3620.000000363051,1614.710526148699,140.8972023112373,9.051118186810349,1.040309618657928,9.427850498263878,0,0,0,0,0,0,0,0
3620.000000363051,1614.710526148699,140.8972023112373,9.051118186810349,1.040309618657928,9.427850498263878,0,0,0,0,0,0,0,0
3629.000000726179,1418.218432703028,150.2924147326029,9.050399253521016,155.2945172642478,9.430712875959918,0,0,0,0,0,0,0,0
3629.000000726179,1418.218432703028,150.2924147326029,9.050399253521016,155.2945172642478,9.430712875959918,0,0,0,0,0,0,0,0
3630,1616.987023660483,140.8972107537277,9.051241305339218,1.040311829590552,9.427850505828372,0,0,0,0,0,0,0,0
3630.000000364012,1616.987078618324,140.897202339776,9.051241305586128,1.040309615695973,9.427850499300311,0,0,0,0,0,0,0,0
3630.000000364012,1616.987078618324,140.897202339776,9.051241305586128,1.040309615695973,9.427850499300311,0,0,0,0,0,0,0,0
3639.000000728144,1420.495960601762,150.2924147389817,9.05052196779137,155.2945172642489,9.430712876997532,0,0,0,0,0,0,0,0
3639.000000728144,1420.495960601762,150.2924147389817,9.05052196779137,155.2945172642489,9.430712876997532,0,0,0,0,0,0,0,0
3640,1619.264659354897,140.8972108036815,9.05136391482249,1.040311832254616,9.427850506888669,0,0,0,0,0,0,0,0
3640.000000365018,1619.264714464716,140.8972023664684,9.051363915070056,1.040309612239442,9.427850500342558,0,0,0,0,0,0,0,0
3640.000000365018,1619.264714464716,140.8972023664684,9.051363915070056,1.040309612239442,9.427850500342558,0,0,0,0,0,0,0,0
3649.000000730118,1422.77456722745,150.2924147449848,9.050644174358876,155.2945172642498,9.430712878028228,0,0,0,0,0,0,0,0
3649.000000730118,1422.77456722745,150.2924147449848,9.050644174358876,155.2945172642498,9.430712878028228,0,0,0,0,0,0,0,0
3650,1621.54337325836,140.8972108538334,9.051486017067722,1.040311835083334,9.427850507941692,0,0,0,0,0,0,0,0
3650.000000366004,1621.543428517135,140.8972023938214,9.051486017315918,1.040309609069259,9.427850501377883,0,0,0,0,0,0,0,0
3650.000000366004,1621.543428517135,140.8972023938214,9.051486017315918,1.040309609069259,9.427850501377883,0,0,0,0,0,0,0,0
3659.000000732131,1425.05424744202,150.292414751175,9.050765875271308,155.2945172642508,9.430712879056149,0,0,0,0,0,0,0,0
3659.000000732131,1425.05424744202,150.292414751175,9.050765875271308,155.2945172642508,9.430712879056149,0,0,0,0,0,0,0,0
3660,1623.823160234481,140.8972109047587,9.051607614120714,1.040311838113056,9.427850508992774,0,0,0,0,0,0,0,0
3660.000000367015,1623.82321564592,140.8972024213801,9.05160761436956,1.040309605950727,9.42785050241085,0,0,0,0,0,0,0,0
3660.000000367015,1623.82321564592,140.8972024213801,9.05160761436956,1.040309605950727,9.42785050241085,0,0,0,0,0,0,0,0
3669.000000734187,1427.334996131431,150.2924147574239,9.050887072570395,155.2945172642521,9.43071288008429,0,0,0,0,0,0,0,0
3669.000000734187,1427.334996131431,150.2924147574239,9.050887072570395,155.2945172642521,9.43071288008429,0,0,0,0,0,0,0,0
3670,1626.104015167653,140.8972109568976,9.051728708021086,1.040311841484518,9.427850510045126,0,0,0,0,0,0,0,0
3670.000000368027,1626.104070731893,140.8972024501314,9.051728708270582,1.040309603168405,9.427850503445049,0,0,0,0,0,0,0,0
3670.000000368027,1626.104070731893,140.8972024501314,9.051728708270582,1.040309603168405,9.427850503445049,0,0,0,0,0,0,0,0
3679.000000736155,1429.616808201486,150.2924147637486,9.051007768292056,155.2945172642533,9.430712881120574,0,0,0,0,0,0,0,0
3679.000000736155,1429.616808201486,150.2924147637486,9.051007768292056,155.2945172642533,9.430712881120574,0,0,0,0,0,0,0,0
3680,1628.385932988897,140.8972110067214,9.051849300802914,1.040311844269352,9.427850511104019,0,0,0,0,0,0,0,0
3680.000000369017,1628.385988702574,140.8972024770828,9.05184930105305,1.040309599934976,9.427850504486198,0,0,0,0,0,0,0,0
3680.000000369017,1628.385988702574,140.8972024770828,9.05184930105305,1.040309599934976,9.427850504486198,0,0,0,0,0,0,0,0
3689.000000738132,1431.899678580959,150.2924147698243,9.051127964462264,155.2945172642542,9.430712882152681,0,0,0,0,0,0,0,0
3689.000000738132,1431.899678580959,150.2924147698243,9.051127964462264,155.2945172642542,9.430712882152681,0,0,0,0,0,0,0,0
3690,1630.668908610332,140.8972110567989,9.051969394489458,1.040311847207776,9.427850512158519,0,0,0,0,0,0,0,0
3690.000000370028,1630.66896447681,140.8972025037727,9.051969394740244,1.040309596719616,9.427850505522555,0,0,0,0,0,0,0,0
3690.000000370028,1630.66896447681,140.8972025037727,9.051969394740244,1.040309596719616,9.427850505522555,0,0,0,0,0,0,0,0
3699.000000740135,1434.183602216289,150.2924147758586,9.051247663097183,155.2945172642552,9.430712883177298,0,0,0,0,0,0,0,0
3699.000000740135,1434.183602216289,150.2924147758586,9.051247663097183,155.2945172642552,9.430712883177298,0,0,0,0,0,0,0,0
3700,1632.952936979979,140.8972111073894,9.052088991094729,1.040311850322944,9.427850513205883,0,0,0,0,0,0,0,0
3700.000000371036,1632.952992998641,140.8972025310703,9.052088991346167,1.040309593705891,9.42785050655184,0,0,0,0,0,0,0,0
3700.000000371036,1632.952992998641,140.8972025310703,9.052088991346167,1.040309593705891,9.42785050655184,0,0,0,0,0,0,0,0
3709.000000742146,1436.468574074487,150.2924147820077,9.051366866206514,155.2945172642563,9.430712884199544,0,0,0,0,0,0,0,0
3709.000000742146,1436.468574074487,150.2924147820077,9.051366866206514,155.2945172642563,9.430712884199544,0,0,0,0,0,0,0,0
3710,1635.23801306846,140.8972111583966,9.052208092626509,1.040311853562027,9.427850514251434,0,0,0,0,0,0,0,0
3710.000000372031,1635.238069237314,140.8972025590894,9.052208092878587,1.040309590896287,9.427850507579556,0,0,0,0,0,0,0,0
3710.000000372031,1635.238069237314,140.8972025590894,9.052208092878587,1.040309590896287,9.427850507579556,0,0,0,0,0,0,0,0
3719.000000744165,1438.754589143369,150.2924147882921,9.051485575794484,155.2945172642576,9.430712885226201,0,0,0,0,0,0,0,0
3719.000000744165,1438.754589143369,150.2924147882921,9.051485575794484,155.2945172642576,9.430712885226201,0,0,0,0,0,0,0,0
3720,1637.52413186715,140.897211209605,9.052326701087116,1.040311856860253,9.427850515301794,0,0,0,0,0,0,0,0
3720.000000373002,1637.524188182764,140.8972025878352,9.052326701339815,1.040309588284113,9.427850508612496,0,0,0,0,0,0,0,0
3720.000000373002,1637.524188182764,140.8972025878352,9.052326701339815,1.040309588284113,9.427850508612496,0,0,0,0,0,0,0,0
3729.000000746184,1441.041642431225,150.2924147947006,9.051603793859213,155.2945172642583,9.430712886263228,0,0,0,0,0,0,0,0
3729.000000746184,1441.041642431225,150.2924147947006,9.051603793859213,155.2945172642583,9.430712886263228,0,0,0,0,0,0,0,0
3730,1639.811288387613,140.8972112608146,9.052444818472623,1.040311860166583,9.427850516362636,0,0,0,0,0,0,0,0
3730.000000374041,1639.81134486001,140.8972026150476,9.052444818725995,1.040309585276245,9.427850509654709,0,0,0,0,0,0,0,0
3730.000000374041,1639.81134486001,140.8972026150476,9.052444818725995,1.040309585276245,9.427850509654709,0,0,0,0,0,0,0,0
3739.000000748187,1443.329728969377,150.2924148007771,9.051721522388753,155.2945172642597,9.430712887298197,0,0,0,0,0,0,0,0
3739.000000748187,1443.329728969377,150.2924148007771,9.051721522388753,155.2945172642597,9.430712887298197,0,0,0,0,0,0,0,0
3740,1642.099477664542,140.8972113114011,9.052562446768556,1.040311863413991,9.427850517420426,0,0,0,0,0,0,0,0
3740.000000375019,1642.099534284729,140.8972026430139,9.052562447022558,1.040309582571768,9.427850510694949,0,0,0,0,0,0,0,0
3740.000000375019,1642.099534284729,140.8972026430139,9.052562447022558,1.040309582571768,9.427850510694949,0,0,0,0,0,0,0,0
3749.000000750139,1445.618843804469,150.2924148069839,9.05183876336236,155.2945172642606,9.430712888334487,0,0,0,0,0,0,0,0
3749.000000750139,1445.618843804469,150.2924148069839,9.05183876336236,155.2945172642606,9.430712888334487,0,0,0,0,0,0,0,0
3750,1644.388738024111,140.8972025001088,9.052679587952277,1.040127714161667,9.427850518478705,0,0,0,0,0,0,0,0
3750.000000376005,1644.388794793071,140.8971938089522,9.05267958820691,1.040125427113618,9.42785051173556,0,0,0,0,0,0,0,0
3750.000000376005,1644.388794793071,140.8971938089522,9.05267958820691,1.040125427113618,9.42785051173556,0,0,0,0,0,0,0,0
3759.000000752152,1447.908981998618,150.2924148151778,9.051955518751535,155.2945172642644,9.430712889363738,0,0,0,0,0,0,0,0
3759.000000752152,1447.908981998618,150.2924148151778,9.051955518751535,155.2945172642644,9.430712889363738,0,0,0,0,0,0,0,0
3760,1646.678977974684,140.8972025519065,9.052796243992782,1.040127710209221,9.427850519531088,0,0,0,0,0,0,0,0
3760.000000377002,1646.679034894247,140.8971938376988,9.052796244248061,1.040125417095179,9.427850512770048,0,0,0,0,0,0,0,0
3760.000000377002,1646.679034894247,140.8971938376988,9.052796244248061,1.040125417095179,9.427850512770048,0,0,0,0,0,0,0,0
3769.000000754132,1450.200138655413,150.2924148215434,9.052071790519667,155.2945172642655,9.430712890394606,0,0,0,0,0,0,0,0
3769.000000754132,1450.200138655413,150.2924148215434,9.052071790519667,155.2945172642655,9.430712890394606,0,0,0,0,0,0,0,0
3770,1648.970235901494,140.8972026015131,9.052912416851882,1.040127706107007,9.427850520584723,0,0,0,0,0,0,0,0
3770.000000378055,1648.970292980038,140.8971938629718,9.052912417107841,1.04012540658952,9.427850513804822,0,0,0,0,0,0,0,0
3770.000000378055,1648.970292980038,140.8971938629718,9.052912417107841,1.04012540658952,9.427850513804822,0,0,0,0,0,0,0,0
3779.000000756192,1452.492308878984,150.292414827475,9.05218758062248,155.2945172642666,9.430712891414236,0,0,0,0,0,0,0,0
3779.000000756192,1452.492308878984,150.292414827475,9.05218758062248,155.2945172642666,9.430712891414236,0,0,0,0,0,0,0,0
3780,1651.262506894918,140.8972026525966,9.05302810848273,1.040127702542356,9.42785052162807,0,0,0,0,0,0,0,0
3780.000000379001,1651.262564116378,140.8971938921813,9.053028108739293,1.040125397268666,9.42785051483119,0,0,0,0,0,0,0,0
3780.000000379001,1651.262564116378,140.8971938921813,9.053028108739293,1.040125397268666,9.42785051483119,0,0,0,0,0,0,0,0
3789.000000758137,1454.785487792262,150.2924148340293,9.052302891012397,155.2945172642676,9.430712892450984,0,0,0,0,0,0,0,0
3789.000000758137,1454.785487792262,150.2924148340293,9.052302891012397,155.2945172642676,9.430712892450984,0,0,0,0,0,0,0,0
3790,1653.555786110424,140.8972027014457,9.053143320836814,1.040127698318435,9.427850522687624,0,0,0,0,0,0,0,0
3790.000000380004,1653.555843483311,140.8971939178532,9.053143321094021,1.04012538694556,9.427850515872761,0,0,0,0,0,0,0,0
3790.000000380004,1653.555843483311,140.8971939178532,9.053143321094021,1.04012538694556,9.427850515872761,0,0,0,0,0,0,0,0
3799.000000760131,1457.079670550117,150.2924148399974,9.052417723632777,155.2945172642685,9.430712893481768,0,0,0,0,0,0,0,0
3799.000000760131,1457.079670550117,150.2924148399974,9.052417723632777,155.2945172642685,9.430712893481768,0,0,0,0,0,0,0,0
3800,1655.850068677234,140.8972027511837,9.053258055854402,1.040127694510453,9.427850523741121,0,0,0,0,0,0,0,0
3800.000000381003,1655.850126201001,140.897193944498,9.053258056112254,1.040125377060519,9.42785051690835,0,0,0,0,0,0,0,0
3800.000000381003,1655.850126201001,140.897193944498,9.053258056112254,1.040125377060519,9.42785051690835,0,0,0,0,0,0,0,0
3809.000000762146,1459.37485231717,150.2924148461537,9.052532080416974,155.2945172642695,9.430712894510901,0,0,0,0,0,0,0,0
3809.000000762146,1459.37485231717,150.2924148461537,9.052532080416974,155.2945172642695,9.430712894510901,0,0,0,0,0,0,0,0
3810,1658.145349770276,140.8972028012415,9.053372315467087,1.040127690799395,9.42785052479339,0,0,0,0,0,0,0,0
3810.000000382018,1658.145407447325,140.8971939710946,9.053372315725591,1.040125367175592,9.427850517942399,0,0,0,0,0,0,0,0
3810.000000382018,1658.145407447325,140.8971939710946,9.053372315725591,1.040125367175592,9.427850517942399,0,0,0,0,0,0,0,0
3819.000000764177,1461.671028282071,150.2924148522907,9.052645963292079,155.2945172642706,9.430712895538726,0,0,0,0,0,0,0,0
3819.000000764177,1461.671028282071,150.2924148522907,9.052645963292079,155.2945172642706,9.430712895538726,0,0,0,0,0,0,0,0
3820,1660.441624576471,140.8972028519928,9.053486101599958,1.040127687338698,9.427850525844947,0,0,0,0,0,0,0,0
3820.000000383032,1660.441682406664,140.8971939984058,9.053486101859114,1.040125357546557,9.427850518975783,0,0,0,0,0,0,0,0
3820.000000383032,1660.441682406664,140.8971939984058,9.053486101859114,1.040125357546557,9.427850518975783,0,0,0,0,0,0,0,0
3829.000000766189,1463.968193651421,150.2924148585286,9.052759374178923,155.2945172642716,9.430712896570576,0,0,0,0,0,0,0,0
3829.000000766189,1463.968193651421,150.2924148585286,9.052759374178923,155.2945172642716,9.430712896570576,0,0,0,0,0,0,0,0
3830,1662.738888312605,140.8972029022875,9.053599416172013,1.0401276837908,9.427850526900272,0,0,0,0,0,0,0,0
3830.000000384041,1662.738946295119,140.8971940253865,9.053599416431823,1.040125347863514,9.427850520013015,0,0,0,0,0,0,0,0
3830.000000384041,1662.738946295119,140.8971940253865,9.053599416431823,1.040125347863514,9.427850520013015,0,0,0,0,0,0,0,0
3839.000000768196,1466.266343652899,150.2924148647068,9.05287231499093,155.2945172642726,9.430712897604323,0,0,0,0,0,0,0,0
3839.000000768196,1466.266343652899,150.2924148647068,9.05287231499093,155.2945172642726,9.430712897604323,0,0,0,0,0,0,0,0
3840,1665.037136206912,140.8972029521916,9.053712261094619,1.040127680202579,9.427850527957158,0,0,0,0,0,0,0,0
3840.000000385027,1665.037194338382,140.8971940524918,9.053712261355061,1.040125338275681,9.427850521052211,0,0,0,0,0,0,0,0
3840.000000385027,1665.037194338382,140.8971940524918,9.053712261355061,1.040125338275681,9.427850521052211,0,0,0,0,0,0,0,0
3849.000000770181,1468.565473532366,150.2924148708951,9.052984787633687,155.2945172642735,9.430712898640145,0,0,0,0,0,0,0,0
3849.000000770181,1468.565473532366,150.2924148708951,9.052984787633687,155.2945172642735,9.430712898640145,0,0,0,0,0,0,0,0
3850,1667.336363507828,140.89720300167,9.053824638271326,1.040127676564403,9.427850529015657,0,0,0,0,0,0,0,0
3850.00000038601,1667.336421787844,140.8971940792343,9.053824638532399,1.040125328654489,9.427850522093074,0,0,0,0,0,0,0,0
3850.00000038601,1667.336421787844,140.8971940792343,9.053824638532399,1.040125328654489,9.427850522093074,0,0,0,0,0,0,0,0
3859.000000772144,1470.865578555854,150.2924148770121,9.0530967940047,155.2945172642747,9.430712899674804,0,0,0,0,0,0,0,0
3859.000000772144,1470.865578555854,150.2924148770121,9.0530967940047,155.2945172642747,9.430712899674804,0,0,0,0,0,0,0,0
3860,1669.636565482676,140.8972030507461,9.053936549597566,1.040127672891535,9.42785053007262,0,0,0,0,0,0,0,0
3860.000000387008,1669.636623913297,140.8971941052593,9.053936549859282,1.040125318915626,9.427850523132159,0,0,0,0,0,0,0,0
3860.000000387008,1669.636623913297,140.8971941052593,9.053936549859282,1.040125318915626,9.427850523132159,0,0,0,0,0,0,0,0
3869.000000774178,1473.166654008434,150.2924148830592,9.053208335992938,155.2945172642754,9.430712900703298,0,0,0,0,0,0,0,0
3869.000000774178,1473.166654008434,150.2924148830592,9.053208335992938,155.2945172642754,9.430712900703298,0,0,0,0,0,0,0,0
3870,1671.937737406364,140.8972031012712,9.054047996960181,1.040127669666991,9.427850531124452,0,0,0,0,0,0,0,0
3870.00000038801,1671.937795988344,140.8971941326175,9.05404799722254,1.040125309594658,9.42785052416601,0,0,0,0,0,0,0,0
3870.00000038801,1671.937795988344,140.8971941326175,9.05404799722254,1.040125309594658,9.42785052416601,0,0,0,0,0,0,0,0
3879.00000077612,1475.468695192757,150.2924148892199,9.053319415481758,155.2945172642765,9.430712901734244,0,0,0,0,0,0,0,0
3879.00000077612,1475.468695192757,150.2924148892199,9.053319415481758,155.2945172642765,9.430712901734244,0,0,0,0,0,0,0,0
3880,1674.239874606103,140.8972031499451,9.054158982240976,1.040127665987384,9.427850532177526,0,0,0,0,0,0,0,0
3880.000000389026,1674.239933341571,140.8971941577988,9.05415898250399,1.040125299732882,9.427850525200858,0,0,0,0,0,0,0,0
3880.000000389026,1674.239933341571,140.8971941577988,9.05415898250399,1.040125299732882,9.427850525200858,0,0,0,0,0,0,0,0
3889.000000778147,1477.771697434354,150.2924148950979,9.053430034345576,155.2945172642775,9.430712902753974,0,0,0,0,0,0,0,0
3889.000000778147,1477.771697434354,150.2924148950979,9.053430034345576,155.2945172642775,9.430712902753974,0,0,0,0,0,0,0,0
3890,1676.54297238413,140.8972032002632,9.054269507311888,1.040127662853773,9.427850533220349,0,0,0,0,0,0,0,0
3890.000000390034,1676.543031271782,140.8971941848239,9.054269507575549,1.040125290469656,9.427850526225608,0,0,0,0,0,0,0,0
3890.000000390034,1676.543031271782,140.8971941848239,9.054269507575549,1.040125290469656,9.427850526225608,0,0,0,0,0,0,0,0
3899.000000780161,1480.07565607206,150.2924149012836,9.053540194452873,155.2945172642784,9.43071290377542,0,0,0,0,0,0,0,0
3899.000000780161,1480.07565607206,150.2924149012836,9.053540194452873,155.2945172642784,9.43071290377542,0,0,0,0,0,0,0,0
3900,1678.847026096081,140.8972032504837,9.054379574040015,1.040127659687263,9.427850534265277,0,0,0,0,0,0,0,0
3900.000000391054,1678.84708513777,140.8971942114678,9.054379574304335,1.040125281098847,9.427850527252243,0,0,0,0,0,0,0,0
3900.000000391054,1678.84708513777,140.8971942114678,9.054379574304335,1.040125281098847,9.427850527252243,0,0,0,0,0,0,0,0
3909.000000782162,1482.380566468755,150.2924149073817,9.05364989766654,155.2945172642794,9.430712904797645,0,0,0,0,0,0,0,0
3909.000000782162,1482.380566468755,150.2924149073817,9.05364989766654,155.2945172642794,9.430712904797645,0,0,0,0,0,0,0,0
3910,1681.152031105438,140.897203300443,9.054489184286219,1.040127656534145,9.427850535310766,0,0,0,0,0,0,0,0
3910.00000039203,1681.152090294436,140.8971942388804,9.054489184551169,1.040125272012499,9.427850528280237,0,0,0,0,0,0,0,0
3910.00000039203,1681.152090294436,140.8971942388804,9.054489184551169,1.040125272012499,9.427850528280237,0,0,0,0,0,0,0,0
3919.000000784173,1484.68642400295,150.2924149136413,9.053759145842713,155.2945172642804,9.430712905826406,0,0,0,0,0,0,0,0
3919.000000784173,1484.68642400295,150.2924149136413,9.053759145842713,155.2945172642804,9.430712905826406,0,0,0,0,0,0,0,0
3920,1683.457982790414,140.8972033507021,9.054598339904873,1.040127653471093,9.427850536363181,0,0,0,0,0,0,0,0
3920.000000393021,1683.458042129125,140.897194266225,9.054598340170459,1.040125262919406,9.427850529314879,0,0,0,0,0,0,0,0
3920.000000393021,1683.458042129125,140.897194266225,9.054598340170459,1.040125262919406,9.427850529314879,0,0,0,0,0,0,0,0
3929.000000786168,1486.993224074328,150.29241491985,9.053867940830475,155.2945172642814,9.430712906860803,0,0,0,0,0,0,0,0
3929.000000786168,1486.993224074328,150.29241491985,9.053867940830475,155.2945172642814,9.430712906860803,0,0,0,0,0,0,0,0
3930,1685.764876556635,140.8972034004451,9.054707042743047,1.040127650337495,9.427850537420666,0,0,0,0,0,0,0,0
3930.00000039401,1685.764936044783,140.8971942930955,9.054707043009271,1.040125253766832,9.427850530354609,0,0,0,0,0,0,0,0
3930.00000039401,1685.764936044783,140.8971942930955,9.054707043009271,1.040125253766832,9.427850530354609,0,0,0,0,0,0,0,0
3939.000000788133,1489.30096210067,150.2924149259532,9.05397628447008,155.2945172642823,9.430712907895883,0,0,0,0,0,0,0,0
3939.000000788133,1489.30096210067,150.2924149259532,9.05397628447008,155.2945172642823,9.430712907895883,0,0,0,0,0,0,0,0
3940,1688.072707823515,140.8972034496585,9.054815294638921,1.040127647140004,9.427850538478207,0,0,0,0,0,0,0,0
3940.000000395029,1688.072767465426,140.8971943187742,9.054815294905803,1.040125244376107,9.427850531393894,0,0,0,0,0,0,0,0
3940.000000395029,1688.072767465426,140.8971943187742,9.054815294905803,1.040125244376107,9.427850531393894,0,0,0,0,0,0,0,0
3949.000000790176,1491.609633518687,150.2924149319128,9.054084178592205,155.2945172642833,9.430712908922523,0,0,0,0,0,0,0,0
3949.000000790176,1491.609633518687,150.2924149319128,9.054084178592205,155.2945172642833,9.430712908922523,0,0,0,0,0,0,0,0
3950,1690.381472015963,140.8972035003975,9.054923097420977,1.040127644428534,9.427850539528244,0,0,0,0,0,0,0,0
3950.000000396028,1690.381531808753,140.89719434642,9.0549230976885,1.040125235587572,9.427850532426016,0,0,0,0,0,0,0,0
3950.000000396028,1690.381531808753,140.89719434642,9.0549230976885,1.040125235587572,9.427850532426016,0,0,0,0,0,0,0,0
3959.000000792184,1493.919233780364,150.2924149381789,9.054191625022733,155.2945172642842,9.430712909954332,0,0,0,0,0,0,0,0
3959.000000792184,1493.919233780364,150.2924149381789,9.054191625022733,155.2945172642842,9.430712909954332,0,0,0,0,0,0,0,0
3960,1692.691164603927,140.897203550609,9.055030452913822,1.040127641577729,9.427850540583513,0,0,0,0,0,0,0,0
3960.000000397008,1692.691224544781,140.8971943739692,9.055030453181976,1.04012522677311,9.427850533463696,0,0,0,0,0,0,0,0
3960.000000397008,1692.691224544781,140.8971943739692,9.055030453181976,1.04012522677311,9.427850533463696,0,0,0,0,0,0,0,0
3969.000000794111,1496.229758360757,150.2924149443487,9.054298625582309,155.294517264285,9.430712910991382,0,0,0,0,0,0,0,0
3969.000000794111,1496.229758360757,150.2924149443487,9.054298625582309,155.294517264285,9.430712910991382,0,0,0,0,0,0,0,0
3970,1695.001781071685,140.897203598795,9.05513736293617,1.040127638262553,9.427850541642369,0,0,0,0,0,0,0,0
3970.000000398034,1695.00184116747,140.8971943984419,9.055137363204985,1.040125217217677,9.427850534504161,0,0,0,0,0,0,0,0
3970.000000398034,1695.00184116747,140.8971943984419,9.055137363204985,1.040125217217677,9.427850534504161,0,0,0,0,0,0,0,0
3979.000000796135,1498.541202754114,150.2924149500635,9.054405182079623,155.294517264286,9.430712912011449,0,0,0,0,0,0,0,0
3979.000000796135,1498.541202754114,150.2924149500635,9.054405182079623,155.294517264286,9.430712912011449,0,0,0,0,0,0,0,0
3980,1697.313316886625,140.8972036490212,9.055243829294051,1.04012763562854,9.427850542685189,0,0,0,0,0,0,0,0
3980.000000399009,1697.313377129649,140.8971944261319,9.055243829563491,1.040125208653197,9.427850535529492,0,0,0,0,0,0,0,0
3980.000000399009,1697.313377129649,140.8971944261319,9.055243829563491,1.040125208653197,9.427850535529492,0,0,0,0,0,0,0,0
3989.000000798136,1500.853562464716,150.2924149563586,9.05451129631872,155.294517264287,9.430712913036849,0,0,0,0,0,0,0,0
3989.000000798136,1500.853562464716,150.2924149563586,9.05451129631872,155.294517264287,9.430712913036849,0,0,0,0,0,0,0,0
3990,1699.625767574383,140.8972036992449,9.055349853790588,1.040127632933105,9.427850543734143,0,0,0,0,0,0,0,0
3990.000000400031,1699.625827971719,140.8971944527368,9.055349854060687,1.040125199742397,9.427850536560126,0,0,0,0,0,0,0,0
3990.000000400031,1699.625827971719,140.8971944527368,9.055349854060687,1.040125199742397,9.427850536560126,0,0,0,0,0,0,0,0
3999.000000800172,1503.166833024722,150.2924149624401,9.054616970098966,155.2945172642879,9.430712914062671,0,0,0,0,0,0,0,0
3999.000000800172,1503.166833024722,150.2924149624401,9.054616970098966,155.2945172642879,9.430712914062671,0,0,0,0,0,0,0,0
4000,1701.939128661526,140.8972037498765,9.055455438223044,1.040127630437256,9.427850544783679,0,0,0,0,0,0,0,0
4000.000000401077,1701.939189216882,140.897194479182,9.055455438493812,1.040125190881818,9.42785053759089,0,0,0,0,0,0,0,0
4000.000000401077,1701.939189216882,140.897194479182,9.055455438493812,1.040125190881818,9.42785053759089,0,0,0,0,0,0,0,0
4009.000000802261,1505.48100997955,150.2924149685508,9.054722205211243,155.2945172642887,9.430712915087685,0,0,0,0,0,0,0,0
4009.000000802261,1505.48100997955,150.2924149685508,9.054722205211243,155.2945172642887,9.430712915087685,0,0,0,0,0,0,0,0
4010,1704.253395690843,140.897203801818,9.055560584380412,1.040127628335198,9.427850545833412,0,0,0,0,0,0,0,0
4010.000000402013,1704.253456387536,140.8971945094914,9.055560584651783,1.040125183087169,9.427850538623849,0,0,0,0,0,0,0,0
4010.000000402013,1704.253456387536,140.8971945094914,9.055560584651783,1.040125183087169,9.427850538623849,0,0,0,0,0,0,0,0
4019.000000804134,1507.796088890678,150.29241497516,9.054827003444466,155.2945172642896,9.430712916137947,0,0,0,0,0,0,0,0
4019.000000804134,1507.796088890678,150.29241497516,9.054827003444466,155.2945172642896,9.430712916137947,0,0,0,0,0,0,0,0
4020,1706.568564266511,140.8972038492407,9.055665294050721,1.040127624993939,9.427850546905429,0,0,0,0,0,0,0,0
4020.000000403027,1706.568625116348,140.897194533474,9.055665294322743,1.040125173577568,9.42785053967768,0,0,0,0,0,0,0,0
4020.000000403027,1706.568625116348,140.897194533474,9.055665294322743,1.040125173577568,9.42785053967768,0,0,0,0,0,0,0,0
4029.000000806161,1510.112065349446,150.2924149807673,9.054931366573689,155.2945172642905,9.430712917168833,0,0,0,0,0,0,0,0
4029.000000806161,1510.112065349446,150.2924149807673,9.054931366573689,155.2945172642905,9.430712917168833,0,0,0,0,0,0,0,0
4030,1708.884629925353,140.8972038993945,9.055769569005363,1.040127622628338,9.427850547958805,0,0,0,0,0,0,0,0
4030.000000404033,1708.884690927099,140.8971945603769,9.055769569278036,1.04012516509341,9.427850540713013,0,0,0,0,0,0,0,0
4030.000000404033,1708.884690927099,140.8971945603769,9.055769569278036,1.04012516509341,9.427850540713013,0,0,0,0,0,0,0,0
4039.000000808136,1512.428934949271,150.2924149868628,9.055035296365114,155.2945172642914,9.430712918196592,0,0,0,0,0,0,0,0
4039.000000808136,1512.428934949271,150.2924149868628,9.055035296365114,155.2945172642914,9.430712918196592,0,0,0,0,0,0,0,0
4040,1711.201588294026,140.8972039488274,9.055873411009706,1.040127620026168,9.427850549009076,0,0,0,0,0,0,0,0
4040.000000405056,1711.201649450222,140.8971945861699,9.055873411283047,1.040125156270343,9.427850541744947,0,0,0,0,0,0,0,0
4040.000000405056,1711.201649450222,140.8971945861699,9.055873411283047,1.040125156270343,9.427850541744947,0,0,0,0,0,0,0,0
4049.000000810199,1514.746693311793,150.2924149928484,9.055138794580671,155.2945172642923,9.430712919217067,0,0,0,0,0,0,0,0
4049.000000810199,1514.746693311793,150.2924149928484,9.055138794580671,155.2945172642923,9.430712919217067,0,0,0,0,0,0,0,0
4050,1713.519434975856,140.8972040000701,9.055976821823663,1.040127617975682,9.42785055005349,0,0,0,0,0,0,0,0
4050.000000406043,1713.519496281077,140.8971946146033,9.055976822097628,1.040125148217471,9.427850542771658,0,0,0,0,0,0,0,0
4050.000000406043,1713.519496281077,140.8971946146033,9.055976822097628,1.040125148217471,9.427850542771658,0,0,0,0,0,0,0,0
4059.000000812174,1517.065336070661,150.2924149991844,9.055241862978999,155.2945172642932,9.430712920249245,0,0,0,0,0,0,0,0
4059.000000812174,1517.065336070661,150.2924149991844,9.055241862978999,155.2945172642932,9.430712920249245,0,0,0,0,0,0,0,0
4060,1715.838165631948,140.8972040496136,9.056079803204801,1.04012761545222,9.427850551108834,0,0,0,0,0,0,0,0
4060.000000407003,1715.838227082144,140.8971946419575,9.056079803479383,1.040125139854819,9.427850543809791,0,0,0,0,0,0,0,0
4060.000000407003,1715.838227082144,140.8971946419575,9.056079803479383,1.040125139854819,9.427850543809791,0,0,0,0,0,0,0,0
4069.000000814107,1519.384858883096,150.2924150053162,9.055344503312309,155.2945172642943,9.430712921286634,0,0,0,0,0,0,0,0
4069.000000814107,1519.384858883096,150.2924150053162,9.055344503312309,155.2945172642943,9.430712921286634,0,0,0,0,0,0,0,0
4070,1718.157775915074,140.8972040979045,9.056182356903202,1.040127612701353,9.427850552168099,0,0,0,0,0,0,0,0
4070.000000408062,1718.157837525281,140.8971946657572,9.05618235717847,1.040125130659008,9.427850544850054,0,0,0,0,0,0,0,0
4070.000000408062,1718.157837525281,140.8971946657572,9.05618235717847,1.040125130659008,9.427850544850054,0,0,0,0,0,0,0,0
4079.000000816202,1521.70525742373,150.2924150109399,9.055446717319178,155.2945172642949,9.430712922302645,0,0,0,0,0,0,0,0
4079.000000816202,1521.70525742373,150.2924150109399,9.055446717319178,155.2945172642949,9.430712922302645,0,0,0,0,0,0,0,0
4080,1720.478261468127,140.8972041497943,9.0562844846547,1.040127611051725,9.42785055320806,0,0,0,0,0,0,0,0
4080.000000409036,1720.478323225437,140.8971946951319,9.05628448493059,1.040125123084441,9.427850545872543,0,0,0,0,0,0,0,0
4080.000000409036,1720.478323225437,140.8971946951319,9.05628448493059,1.040125123084441,9.427850545872543,0,0,0,0,0,0,0,0
4089.000000818146,1524.026527374468,150.2924150174482,9.055548506736748,155.2945172642959,9.430712923335498,0,0,0,0,0,0,0,0
4089.000000818146,1524.026527374468,150.2924150174482,9.055548506736748,155.2945172642959,9.430712923335498,0,0,0,0,0,0,0,0
4090,1722.799618025496,140.8972041987912,9.056386188196305,1.040127608506576,9.427850554263825,0,0,0,0,0,0,0,0
4090.000000410045,1722.799679935127,140.8971947208148,9.056386188472848,1.040125114404139,9.427850546910221,0,0,0,0,0,0,0,0
4090.000000410045,1722.799679935127,140.8971947208148,9.056386188472848,1.040125114404139,9.427850546910221,0,0,0,0,0,0,0,0
4099.000000820202,1526.348664450247,150.2924150233689,9.055649873295675,155.2945172642968,9.430712924363021,0,0,0,0,0,0,0,0
4099.000000820202,1526.348664450247,150.2924150233689,9.055649873295675,155.2945172642968,9.430712924363021,0,0,0,0,0,0,0,0
4100,1725.121841262318,140.8972042499109,9.056487469255822,1.040127606695928,9.427850555315207,0,0,0,0,0,0,0,0
4100.000000411063,1725.121903325644,140.8971947484104,9.056487469533014,1.040125106403017,9.427850547943345,0,0,0,0,0,0,0,0
4100.000000411063,1725.121903325644,140.8971947484104,9.056487469533014,1.040125106403017,9.427850547943345,0,0,0,0,0,0,0,0
4109.000000822181,1528.671664371854,150.292415029545,9.055750818718558,155.2945172642977,9.430712925395524,0,0,0,0,0,0,0,0
4109.000000822181,1528.671664371854,150.292415029545,9.055750818718558,155.2945172642977,9.430712925395524,0,0,0,0,0,0,0,0
4110,1727.444926929457,140.8972042995883,9.056588329554657,1.040127604497613,9.427850556370663,0,0,0,0,0,0,0,0
4110.000000412042,1727.444989140709,140.8971947754465,9.056588329832485,1.040125098246572,9.427850548981242,0,0,0,0,0,0,0,0
4110.000000412042,1727.444989140709,140.8971947754465,9.056588329832485,1.040125098246572,9.427850548981242,0,0,0,0,0,0,0,0
4119.000000824205,1530.995522883076,150.2924150356923,9.055851344721976,155.2945172642985,9.43071292643026,0,0,0,0,0,0,0,0
4119.000000824205,1530.995522883076,150.2924150356923,9.055851344721976,155.2945172642985,9.43071292643026,0,0,0,0,0,0,0,0
4120,1729.768870756667,140.8972043499781,9.056688770807423,1.040127602552781,9.427850557428862,0,0,0,0,0,0,0,0
4120.000000413056,1729.768933121064,140.8971948023963,9.056688771085899,1.040125090133393,9.427850550021253,0,0,0,0,0,0,0,0
4120.000000413056,1729.768933121064,140.8971948023963,9.056688771085899,1.040125090133393,9.427850550021253,0,0,0,0,0,0,0,0
4129.000000826163,1533.320235744188,150.2924150417055,9.05595145301492,155.2945172642995,9.4307129274647,0,0,0,0,0,0,0,0
4129.000000826163,1533.320235744188,150.2924150417055,9.05595145301492,155.2945172642995,9.4307129274647,0,0,0,0,0,0,0,0
4130,1732.093668521065,140.8972043986714,9.056788794721385,1.040127600230802,9.427850558485257,0,0,0,0,0,0,0,0
4130.000000414045,1732.093731034762,140.8971948282381,9.0567887950005,1.040125081797965,9.427850551059915,0,0,0,0,0,0,0,0
4130.000000414045,1732.093731034762,140.8971948282381,9.0567887950005,1.040125081797965,9.427850551059915,0,0,0,0,0,0,0,0
4139.000000828209,1535.645798732256,150.2924150476872,9.056051145297818,155.2945172643003,9.430712928491877,0,0,0,0,0,0,0,0
4139.000000828209,1535.645798732256,150.2924150476872,9.056051145297818,155.2945172643003,9.430712928491877,0,0,0,0,0,0,0,0
4140,1734.419315974054,140.8972044499551,9.056888402994971,1.040127598651454,9.427850559536274,0,0,0,0,0,0,0,0
4140.000000415027,1734.419378636091,140.8971948568175,9.056888403274712,1.040125074243888,9.427850552093314,0,0,0,0,0,0,0,0
4140.000000415027,1734.419378636091,140.8971948568175,9.056888403274712,1.040125074243888,9.427850552093314,0,0,0,0,0,0,0,0
4149.00000083013,1537.972207639255,150.2924150539995,9.056150423268051,155.2945172643011,9.430712929530168,0,0,0,0,0,0,0,0
4149.00000083013,1537.972207639255,150.2924150539995,9.056150423268051,155.2945172643011,9.430712929530168,0,0,0,0,0,0,0,0
4150,1736.745808947872,140.8972044982599,9.056987597324635,1.040127596271097,9.427850560596649,0,0,0,0,0,0,0,0
4150.000000416021,1736.745871760033,140.8971948821447,9.056987597605017,1.04012506581689,9.427850553135867,0,0,0,0,0,0,0,0
4150.000000416021,1736.745871760033,140.8971948821447,9.056987597605017,1.04012506581689,9.427850553135867,0,0,0,0,0,0,0,0
4159.000000832183,1540.299458281014,150.2924150598903,9.05624928861404,155.294517264302,9.430712930558883,0,0,0,0,0,0,0,0
4159.000000832183,1540.299458281014,150.2924150598903,9.05624928861404,155.294517264302,9.430712930558883,0,0,0,0,0,0,0,0
4160,1739.073143218876,140.897204549204,9.057086379396193,1.040127594716754,9.42785056164886,0,0,0,0,0,0,0,0
4160.000000417082,1739.073206191185,140.8971949085765,9.057086379677253,1.040125057812066,9.42785055416906,0,0,0,0,0,0,0,0
4160.000000417082,1739.073206191185,140.8971949085765,9.057086379677253,1.040125057812066,9.42785055416906,0,0,0,0,0,0,0,0
4169.00000083421,1542.627546483825,150.292415065846,9.056347743016422,155.2945172643028,9.430712931582896,0,0,0,0,0,0,0,0
4169.00000083421,1542.627546483825,150.292415065846,9.056347743016422,155.2945172643028,9.430712931582896,0,0,0,0,0,0,0,0
4170,1741.401314637493,140.8972045997982,9.057184750888965,1.040127593110812,9.427850562696301,0,0,0,0,0,0,0,0
4170.000000418038,1741.401377754295,140.897194937055,9.057184751170638,1.040125050386292,9.427850555199335,0,0,0,0,0,0,0,0
4170.000000418038,1741.401377754295,140.897194937055,9.057184751170638,1.040125050386292,9.427850555199335,0,0,0,0,0,0,0,0
4179.000000836169,1544.956468091305,150.2924150721841,9.056445788153452,155.2945172643037,9.430712932618652,0,0,0,0,0,0,0,0
4179.000000836169,1544.956468091305,150.2924150721841,9.056445788153452,155.2945172643037,9.430712932618652,0,0,0,0,0,0,0,0
4180,1743.730319058822,140.8972046488362,9.057282713480078,1.040127591068086,9.42785056375476,0,0,0,0,0,0,0,0
4180.000000419038,1743.730382326572,140.8971949629893,9.057282713762396,1.04012504226373,9.427850556239868,0,0,0,0,0,0,0,0
4180.000000419038,1743.730382326572,140.8971949629893,9.057282713762396,1.04012504226373,9.427850556239868,0,0,0,0,0,0,0,0
4189.000000838168,1547.286218970735,150.2924150780665,9.056543425695038,155.2945172643045,9.430712933648802,0,0,0,0,0,0,0,0
4189.000000838168,1547.286218970735,150.2924150780665,9.056543425695038,155.2945172643045,9.430712933648802,0,0,0,0,0,0,0,0
4190,1746.060152332013,140.8972046985859,9.057380268837024,1.040127589347472,9.427850564807576,0,0,0,0,0,0,0,0
4190.000000420075,1746.060215756341,140.8971949887734,9.057380269120012,1.040125034236468,9.427850557274102,0,0,0,0,0,0,0,0
4190.000000420075,1746.060215756341,140.8971949887734,9.057380269120012,1.040125034236468,9.427850557274102,0,0,0,0,0,0,0,0
4199.000000840232,1549.616794999559,150.2924150840206,9.056640657301651,155.2945172643052,9.430712934671195,0,0,0,0,0,0,0,0
4199.000000840232,1549.616794999559,150.2924150840206,9.056640657301651,155.2945172643052,9.430712934671195,0,0,0,0,0,0,0,0
4200,1748.390810333876,140.8972047498862,9.057477418618628,1.040127588080284,9.427850565853886,0,0,0,0,0,0,0,0
4200.000000421038,1748.39087390366,140.8971950178109,9.057477418902234,1.040125027110723,9.427850558303136,0,0,0,0,0,0,0,0
4200.000000421038,1748.39087390366,140.8971950178109,9.057477418902234,1.040125027110723,9.427850558303136,0,0,0,0,0,0,0,0
4209.000000842142,1551.9481920717,150.292415090382,9.056737484632361,155.2945172643062,9.430712935708554,0,0,0,0,0,0,0,0
4209.000000842142,1551.9481920717,150.292415090382,9.056737484632361,155.2945172643062,9.430712935708554,0,0,0,0,0,0,0,0
4210,1750.722288992145,140.8972047981244,9.057574164483194,1.04012758596814,9.427850566913405,0,0,0,0,0,0,0,0
4210.000000422018,1750.722352709992,140.8971950433869,9.057574164767434,1.040125019034915,9.427850559345066,0,0,0,0,0,0,0,0
4210.000000422018,1750.722352709992,140.8971950433869,9.057574164767434,1.040125019034915,9.427850559345066,0,0,0,0,0,0,0,0
4219.000000844181,1554.280406105464,150.2924150962891,9.056833909337421,155.2945172643069,9.430712936738903,0,0,0,0,0,0,0,0
4219.000000844181,1554.280406105464,150.2924150962891,9.056833909337421,155.2945172643069,9.430712936738903,0,0,0,0,0,0,0,0
4220,1753.05458418643,140.8972048486939,9.057670508078331,1.040127584606825,9.427850567967058,0,0,0,0,0,0,0,0
4220.000000423051,1753.054648060306,140.8971950700748,9.057670508363236,1.040125011389079,9.42785056038019,0,0,0,0,0,0,0,0
4220.000000423051,1753.054648060306,140.8971950700748,9.057670508363236,1.040125011389079,9.42785056038019,0,0,0,0,0,0,0,0
4229.000000846178,1556.61343302826,150.2924151022663,9.056929933058793,155.2945172643077,9.430712937766474,0,0,0,0,0,0,0,0
4229.000000846178,1556.61343302826,150.2924151022663,9.056929933058793,155.2945172643077,9.430712937766474,0,0,0,0,0,0,0,0
4230,1755.387691869353,140.8972048984695,9.057766451044682,1.040127583072375,9.42785056901738,0,0,0,0,0,0,0,0
4230.00000042404,1755.387755892529,140.897195096999,9.05776645133022,1.040125003841174,9.427850561412784,0,0,0,0,0,0,0,0
4230.00000042404,1755.387755892529,140.897195096999,9.05776645133022,1.040125003841174,9.427850561412784,0,0,0,0,0,0,0,0
4239.000000848174,1558.947268786755,150.2924151083151,9.057025557433462,155.2945172643088,9.430712938794144,0,0,0,0,0,0,0,0
4239.000000848174,1558.947268786755,150.2924151083151,9.057025557433462,155.2945172643088,9.430712938794144,0,0,0,0,0,0,0,0
4240,1757.721607981611,140.8972049486206,9.057861995017705,1.040127581669813,9.427850570068294,0,0,0,0,0,0,0,0
4240.000000425064,1757.721672159443,140.8971951234787,9.057861995303902,1.040124996209411,9.427850562445331,0,0,0,0,0,0,0,0
4240.000000425064,1757.721672159443,140.8971951234787,9.057861995303902,1.040124996209411,9.427850562445331,0,0,0,0,0,0,0,0
4249.000000850212,1561.281909344842,150.2924151143123,9.057120784092021,155.2945172643095,9.430712939819722,0,0,0,0,0,0,0,0
4249.000000850212,1561.281909344842,150.2924151143123,9.057120784092021,155.2945172643095,9.430712939819722,0,0,0,0,0,0,0,0
4250,1760.056328485054,140.8972049996014,9.057957141626254,1.040127580549632,9.427850571117723,0,0,0,0,0,0,0,0
4250.000000426024,1760.056392807792,140.8971951522808,9.057957141913066,1.040124989252799,9.427850563477554,0,0,0,0,0,0,0,0
4250.000000426024,1760.056392807792,140.8971951522808,9.057957141913066,1.040124989252799,9.427850563477554,0,0,0,0,0,0,0,0
4259.000000852174,1563.617350679708,150.2924151207044,9.057215614661596,155.2945172643103,9.430712940859943,0,0,0,0,0,0,0,0
4259.000000852174,1563.617350679708,150.2924151207044,9.057215614661596,155.2945172643103,9.430712940859943,0,0,0,0,0,0,0,0
4260,1762.391849379194,140.897205048655,9.058051892496467,1.040127578888056,9.427850572180704,0,0,0,0,0,0,0,0
4260.000000427033,1762.39191385439,140.8971951779994,9.058051892783931,1.040124981450535,9.427850564522437,0,0,0,0,0,0,0,0
4260.000000427033,1762.39191385439,140.8971951779994,9.058051892783931,1.040124981450535,9.427850564522437,0,0,0,0,0,0,0,0
4269.000000854174,1565.953588792743,150.2924151265649,9.057310050760099,155.2945172643112,9.43071294189305,0,0,0,0,0,0,0,0
4269.000000854174,1565.953588792743,150.2924151265649,9.057310050760099,155.2945172643112,9.43071294189305,0,0,0,0,0,0,0,0
4270,1764.728166644329,140.8972050984145,9.05814624924373,1.040127577564584,9.427850573236409,0,0,0,0,0,0,0,0
4270.000000428045,1764.728231272258,140.8971952043819,9.058146249531839,1.040124973975308,9.427850565559996,0,0,0,0,0,0,0,0
4270.000000428045,1764.728231272258,140.8971952043819,9.058146249531839,1.040124973975308,9.427850565559996,0,0,0,0,0,0,0,0
4279.00000085616,1568.290619693905,150.2924151324885,9.057404093996707,155.2945172643118,9.430712942920602,0,0,0,0,0,0,0,0
4279.00000085616,1568.290619693905,150.2924151324885,9.057404093996707,155.2945172643118,9.430712942920602,0,0,0,0,0,0,0,0
4280,1767.065276300802,140.897205148084,9.058240213475825,1.04012757625284,9.427850574286534,0,0,0,0,0,0,0,0
4280.00000042901,1767.065341074597,140.8971952317254,9.058240213764558,1.040124966788409,9.427850566592801,0,0,0,0,0,0,0,0
4280.00000042901,1767.065341074597,140.8971952317254,9.058240213764558,1.040124966788409,9.427850566592801,0,0,0,0,0,0,0,0
4289.00000085812,1570.628439411216,150.2924151386298,9.05749774597675,155.2945172643127,9.430712943950974,0,0,0,0,0,0,0,0
4289.00000085812,1570.628439411216,150.2924151386298,9.05749774597675,155.2945172643127,9.430712943950974,0,0,0,0,0,0,0,0
4290,1769.40317438375,140.897205196965,9.058333786796833,1.040127574741526,9.427850575339194,0,0,0,0,0,0,0,0
4290.000000430017,1769.403239309592,140.8971952573345,9.058333787086209,1.040124959153001,9.427850567627411,0,0,0,0,0,0,0,0
4290.000000430017,1769.403239309592,140.8971952573345,9.058333787086209,1.040124959153001,9.427850567627411,0,0,0,0,0,0,0,0
4299.000000860162,1572.967043992895,150.2924151444659,9.057591008298319,155.2945172643134,9.430712944972898,0,0,0,0,0,0,0,0
4299.000000860162,1572.967043992895,150.2924151444659,9.057591008298319,155.2945172643134,9.430712944972898,0,0,0,0,0,0,0,0
4300,1771.741856919478,140.8972052481834,9.05842697080279,1.040127573948681,9.427850576384929,0,0,0,0,0,0,0,0
4300.00000043105,1771.741922001211,140.8971952846923,9.058426971092834,1.040124952081164,9.427850568654632,0,0,0,0,0,0,0,0
4300.00000043105,1771.741922001211,140.8971952846923,9.058426971092834,1.040124952081164,9.427850568654632,0,0,0,0,0,0,0,0
4309.000000862188,1575.306429497119,150.2924151506012,9.057683882554324,155.2945172643144,9.430712945998492,0,0,0,0,0,0,0,0
4309.000000862188,1575.306429497119,150.2924151506012,9.057683882554324,155.2945172643144,9.430712945998492,0,0,0,0,0,0,0,0
4310,1774.081319992055,140.8972052985747,9.058519767085597,1.040127572923365,9.427850577434105,0,0,0,0,0,0,0,0
4310.00000043203,1774.081385221852,140.8971953124214,9.058519767376266,1.04012494509218,9.427850569686225,0,0,0,0,0,0,0,0
4310.00000043203,1774.081385221852,140.8971953124214,9.058519767376266,1.04012494509218,9.427850569686225,0,0,0,0,0,0,0,0
4319.00000086413,1577.646592002991,150.2924151567096,9.05777637033367,155.2945172643151,9.430712947031072,0,0,0,0,0,0,0,0
4319.00000086413,1577.646592002991,150.2924151567096,9.05777637033367,155.2945172643151,9.430712947031072,0,0,0,0,0,0,0,0
4320,1776.421559686351,140.8972053472053,9.0586121772326,1.040127571495457,9.427850578488888,0,0,0,0,0,0,0,0
4320.00000043303,1776.421625067233,140.8971953379273,9.058612177523916,1.040124937578901,9.427850570723063,0,0,0,0,0,0,0,0
4320.00000043303,1776.421625067233,140.8971953379273,9.058612177523916,1.040124937578901,9.427850570723063,0,0,0,0,0,0,0,0
4329.000000866145,1579.987527606224,150.2924151625208,9.057868473215489,155.2945172643157,9.430712948054891,0,0,0,0,0,0,0,0
4329.000000866145,1579.987527606224,150.2924151625208,9.057868473215489,155.2945172643157,9.430712948054891,0,0,0,0,0,0,0,0
4330,1778.762572076289,140.8972053974091,9.058704202820765,1.04012757058034,9.427850579535688,0,0,0,0,0,0,0,0
4330.000000434022,1778.762637606884,140.8971953652165,9.058704203112718,1.040124930633732,9.427850571752089,0,0,0,0,0,0,0,0
4330.000000434022,1778.762637606884,140.8971953652165,9.058704203112718,1.040124930633732,9.427850571752089,0,0,0,0,0,0,0,0
4339.000000868168,1582.329232413175,150.292415168666,9.057960192773381,155.2945172643166,9.43071294908178,0,0,0,0,0,0,0,0
4339.000000868168,1582.329232413175,150.292415168666,9.057960192773381,155.2945172643166,9.43071294908178,0,0,0,0,0,0,0,0
4340,1781.104353282154,140.8972054478758,9.058795845422646,1.040127569714078,9.427850580586162,0,0,0,0,0,0,0,0
4340.000000435064,1781.10441897015,140.8971953915915,9.05879584571527,1.040124923427625,9.427850572783873,0,0,0,0,0,0,0,0
4340.000000435064,1781.10441897015,140.8971953915915,9.05879584571527,1.040124923427625,9.427850572783873,0,0,0,0,0,0,0,0
4349.000000870165,1584.671702552483,150.2924151745599,9.058051530575456,155.2945172643176,9.430712950105766,0,0,0,0,0,0,0,0
4349.000000870165,1584.671702552483,150.2924151745599,9.058051530575456,155.2945172643176,9.430712950105766,0,0,0,0,0,0,0,0
4350,1783.446899436199,140.8972054977606,9.058887106604601,1.040127568794294,9.427850581633091,0,0,0,0,0,0,0,0
4350.000000436005,1783.446965266355,140.8971954197179,9.058887106897828,1.040124916782049,9.427850573813918,0,0,0,0,0,0,0,0
4350.000000436005,1783.446965266355,140.8971954197179,9.058887106897828,1.040124916782049,9.427850573813918,0,0,0,0,0,0,0,0
4359.000000872114,1587.014934162614,150.292415180802,9.058142488184995,155.2945172643182,9.430712951139402,0,0,0,0,0,0,0,0
4359.000000872114,1587.014934162614,150.292415180802,9.058142488184995,155.2945172643182,9.430712951139402,0,0,0,0,0,0,0,0
4360,1785.790206683591,140.8972055468287,9.05897798792879,1.040127567631118,9.427850582689402,0,0,0,0,0,0,0,0
4360.000000437054,1785.79027267211,140.8971954445472,9.058977988222694,1.040124909240305,9.427850574851425,0,0,0,0,0,0,0,0
4360.000000437054,1785.79027267211,140.8971954445472,9.058977988222694,1.040124909240305,9.427850574851425,0,0,0,0,0,0,0,0
4369.00000087423,1589.358923405707,150.2924151865601,9.058233067156054,155.294517264319,9.430712952160439,0,0,0,0,0,0,0,0
4369.00000087423,1589.358923405707,150.2924151865601,9.058233067156054,155.294517264319,9.430712952160439,0,0,0,0,0,0,0,0
4370,1788.134271156106,140.8972055992093,9.059068490946853,1.040127567489437,9.427850583735012,0,0,0,0,0,0,0,0
4370.00000043807,1788.134337298044,140.8971954734455,9.059068491241412,1.040124902919204,9.427850575878814,0,0,0,0,0,0,0,0
4370.00000043807,1788.134337298044,140.8971954734455,9.059068491241412,1.040124902919204,9.427850575878814,0,0,0,0,0,0,0,0
4379.000000876174,1591.70366644935,150.2924151928501,9.058323269039319,155.2945172643198,9.430712953194718,0,0,0,0,0,0,0,0
4379.000000876174,1591.70366644935,150.2924151928501,9.058323269039319,155.2945172643198,9.430712953194718,0,0,0,0,0,0,0,0
4380,1790.479089072292,140.8972056482708,9.059158617209087,1.04012756640486,9.427850584792026,0,0,0,0,0,0,0,0
4380.000000439001,1790.479155354878,140.89719550098,9.059158617504243,1.040124896169688,9.427850576919116,0,0,0,0,0,0,0,0
4380.000000439001,1790.479155354878,140.89719550098,9.059158617504243,1.040124896169688,9.427850576919116,0,0,0,0,0,0,0,0
4389.000000878114,1594.049159485696,150.2924151990058,9.05841309538075,155.2945172643204,9.430712954235513,0,0,0,0,0,0,0,0
4389.000000878114,1594.049159485696,150.2924151990058,9.05841309538075,155.2945172643204,9.430712954235513,0,0,0,0,0,0,0,0
4390,1792.824656603015,140.8972056969024,9.059248368259468,1.040127565283104,9.427850585854967,0,0,0,0,0,0,0,0
4390.000000440025,1792.824723040257,140.8971955259403,9.059248368555279,1.040124888818728,9.427850577963703,0,0,0,0,0,0,0,0
4390.000000440025,1792.824723040257,140.8971955259403,9.059248368555279,1.040124888818728,9.427850577963703,0,0,0,0,0,0,0,0
4399.000000880156,1596.395398721692,150.2924152047104,9.058502547714779,155.2945172643213,9.430712955262203,0,0,0,0,0,0,0,0
4399.000000880156,1596.395398721692,150.2924152047104,9.058502547714779,155.2945172643213,9.430712955262203,0,0,0,0,0,0,0,0
4400,1795.170969937825,140.8972057477172,9.059337745630213,1.040127564876375,9.427850586904819,0,0,0,0,0,0,0,0
4400.000000441058,1795.171036530958,140.8971955528945,9.059337745926692,1.040124882133003,9.427850578995038,0,0,0,0,0,0,0,0
4400.000000441058,1795.171036530958,140.8971955528945,9.059337745926692,1.040124882133003,9.427850578995038,0,0,0,0,0,0,0,0
4409.000000882173,1598.742380373506,150.2924152107418,9.058591627570491,155.2945172643221,9.430712956287362,0,0,0,0,0,0,0,0
4409.000000882173,1598.742380373506,150.2924152107418,9.058591627570491,155.2945172643221,9.430712956287362,0,0,0,0,0,0,0,0
4410,1797.518010548379,140.8972089993987,9.059426750849759,1.040169652475277,9.427850587952447,0,0,0,0,0,0,0,0
4410.000000442004,1797.518077284594,140.8971987826764,9.059426751146843,1.040166963948926,9.427850580025687,0,0,0,0,0,0,0,0
4410.000000442004,1797.518077284594,140.8971987826764,9.059426751146843,1.040166963948926,9.427850580025687,0,0,0,0,0,0,0,0
4419.000000884153,1601.090100673403,150.2924152178461,9.058680336475781,155.2945172643249,9.430712957323029,0,0,0,0,0,0,0,0
4419.000000884153,1601.090100673403,150.2924152178461,9.058680336475781,155.2945172643249,9.430712957323029,0,0,0,0,0,0,0,0
4420,1799.865804201422,140.8972090506699,9.059515385444472,1.040169663323225,9.427850589011323,0,0,0,0,0,0,0,0
4420.000000443043,1799.86587109449,140.8971988099399,9.059515385742223,1.04016696847913,9.427850581065945,0,0,0,0,0,0,0,0
4420.000000443043,1799.86587109449,140.8971988099399,9.059515385742223,1.04016696847913,9.427850581065945,0,0,0,0,0,0,0,0
4429.000000886217,1603.438555882801,150.2924152237261,9.058768675949295,155.2945172643255,9.430712958351588,0,0,0,0,0,0,0,0
4429.000000886217,1603.438555882801,150.2924152237261,9.058768675949295,155.2945172643255,9.430712958351588,0,0,0,0,0,0,0,0
4430,1802.214332375874,140.8972091029886,9.059603650930971,1.040169674699844,9.427850590063745,0,0,0,0,0,0,0,0
4430.000000444055,1802.214399421812,140.8971988388605,9.05960365122937,1.040166973698434,9.427850582100207,0,0,0,0,0,0,0,0
4430.000000444055,1802.214399421812,140.8971988388605,9.05960365122937,1.040166973698434,9.427850582100207,0,0,0,0,0,0,0,0
4439.000000888173,1605.787742261235,150.2924152299024,9.058856647504463,155.2945172643262,9.430712959386581,0,0,0,0,0,0,0,0
4439.000000888173,1605.787742261235,150.2924152299024,9.058856647504463,155.2945172643262,9.430712959386581,0,0,0,0,0,0,0,0
4440,1804.56359136037,140.8972091535196,9.059691548821831,1.040169685548023,9.427850591121585,0,0,0,0,0,0,0,0
4440.000000445069,1804.563658559453,140.8971988659514,9.059691549120886,1.040166978378234,9.427850583139863,0,0,0,0,0,0,0,0
4440.000000445069,1804.563658559453,140.8971988659514,9.059691549120886,1.040166978378234,9.427850583139863,0,0,0,0,0,0,0,0
4449.000000890208,1608.137656093849,150.2924152357629,9.058944252648196,155.2945172643271,9.430712960416164,0,0,0,0,0,0,0,0
4449.000000890208,1608.137656093849,150.2924152357629,9.058944252648196,155.2945172643271,9.430712960416164,0,0,0,0,0,0,0,0
4450,1806.913577421677,140.8972092047515,9.059779080622011,1.040169696649828,9.427850592174234,0,0,0,0,0,0,0,0
4450.000000446023,1806.913644764842,140.8971988951307,9.059779080921675,1.040166983676777,9.427850584175399,0,0,0,0,0,0,0,0
4450.000000446023,1806.913644764842,140.8971988951307,9.059779080921675,1.040166983676777,9.427850584175399,0,0,0,0,0,0,0,0
4459.000000892171,1610.488293673929,150.2924152420434,9.059031492882703,155.2945172643278,9.430712961454992,0,0,0,0,0,0,0,0
4459.000000892171,1610.488293673929,150.2924152420434,9.059031492882703,155.2945172643278,9.430712961454992,0,0,0,0,0,0,0,0
4460,1809.264286867528,140.8972092553796,9.059866247832788,1.040169707510044,9.427850593236116,0,0,0,0,0,0,0,0
4460.000000447032,1809.264354363013,140.8971989224447,9.059866248133103,1.040166988401805,9.427850585219199,0,0,0,0,0,0,0,0
4460.000000447032,1809.264354363013,140.8971989224447,9.059866248133103,1.040166988401805,9.427850585219199,0,0,0,0,0,0,0,0
4469.000000894141,1612.839651318252,150.292415247886,9.05911836970354,155.2945172643285,9.430712962489482,0,0,0,0,0,0,0,0
4469.000000894141,1612.839651318252,150.292415247886,9.05911836970354,155.2945172643285,9.430712962489482,0,0,0,0,0,0,0,0
4470,1811.615716011773,140.8972093052995,9.059953051947755,1.040169718277265,9.4278505942926,0,0,0,0,0,0,0,0
4470.000000448044,1811.615783660129,140.8971989489666,9.059953052248721,1.040166993011711,9.427850586257525,0,0,0,0,0,0,0,0
4470.000000448044,1811.615783660129,140.8971989489666,9.059953052248721,1.040166993011711,9.427850586257525,0,0,0,0,0,0,0,0
4479.000000896185,1615.191725352839,150.2924152537073,9.059204884597106,155.2945172643292,9.430712963513303,0,0,0,0,0,0,0,0
4479.000000896185,1615.191725352839,150.2924152537073,9.059204884597106,155.2945172643292,9.430712963513303,0,0,0,0,0,0,0,0
4480,1813.967861168969,140.8972093568781,9.060039494451694,1.040169729487775,9.427850595339626,0,0,0,0,0,0,0,0
4480.000000449001,1813.967928961818,140.8971989784295,9.060039494753276,1.04016699840236,9.427850587287383,0,0,0,0,0,0,0,0
4480.000000449001,1813.967928961818,140.8971989784295,9.060039494753276,1.04016699840236,9.427850587287383,0,0,0,0,0,0,0,0
4489.000000898107,1617.544512117394,150.2924152599579,9.059291039048299,155.29451726433,9.430712964547615,0,0,0,0,0,0,0,0
4489.000000898107,1617.544512117394,150.2924152599579,9.059291039048299,155.29451726433,9.430712964547615,0,0,0,0,0,0,0,0
4490,1816.320718708783,140.8972094061701,9.060125576828968,1.040169740012056,9.427850596396052,0,0,0,0,0,0,0,0
4490.000000450008,1816.320786653679,140.8971990044496,9.060125577131199,1.040167002802519,9.427850588325756,0,0,0,0,0,0,0,0
4490.000000450008,1816.320786653679,140.8971990044496,9.060125577131199,1.040167002802519,9.427850588325756,0,0,0,0,0,0,0,0
4499.000000900135,1619.898007974981,150.2924152656641,9.05937683453419,155.2945172643307,9.430712965570182,0,0,0,0,0,0,0,0
4499.000000900135,1619.898007974981,150.2924152656641,9.05937683453419,155.2945172643307,9.430712965570182,0,0,0,0,0,0,0,0
4500,1818.674284960449,140.8972094576972,9.060211300554192,1.04016975124079,9.427850597441774,0,0,0,0,0,0,0,0
4500.000000451047,1818.674353062197,140.8971990319689,9.060211300857087,1.040167007713507,9.427850589352856,0,0,0,0,0,0,0,0
4500.000000451047,1818.674353062197,140.8971990319689,9.060211300857087,1.040167007713507,9.427850589352856,0,0,0,0,0,0,0,0
4509.000000902184,1622.252209294166,150.2924152716622,9.059462272525076,155.2945172643314,9.430712966590393,0,0,0,0,0,0,0,0
4509.000000902184,1622.252209294166,150.2924152716622,9.059462272525076,155.2945172643314,9.430712966590393,0,0,0,0,0,0,0,0
4510,1821.028556310562,140.8972095096886,9.060296667096765,1.040169762533701,9.427850598485906,0,0,0,0,0,0,0,0
4510.000000452025,1821.028624560099,140.89719906134,9.060296667400291,1.040167013053787,9.427850590379432,0,0,0,0,0,0,0,0
4510.000000452025,1821.028624560099,140.89719906134,9.060296667400291,1.040167013053787,9.427850590379432,0,0,0,0,0,0,0,0
4519.000000904167,1624.607112461984,150.2924152779237,9.059547354490073,155.2945172643322,9.430712967623116,0,0,0,0,0,0,0,0
4519.000000904167,1624.607112461984,150.2924152779237,9.059547354490073,155.2945172643322,9.430712967623116,0,0,0,0,0,0,0,0
4520,1823.38352915953,140.8972095603015,9.060381677924862,1.040169773414024,9.427850599541916,0,0,0,0,0,0,0,0
4520.000000453073,1823.383597567293,140.897199087735,9.060381678229062,1.040167017561044,9.427850591416655,0,0,0,0,0,0,0,0
4520.000000453073,1823.383597567293,140.897199087735,9.060381678229062,1.040167017561044,9.427850591416655,0,0,0,0,0,0,0,0
4529.000000906222,1626.962713885215,150.2924152836824,9.05963208188947,155.2945172643328,9.430712968647702,0,0,0,0,0,0,0,0
4529.000000906222,1626.962713885215,150.2924152836824,9.05963208188947,155.2945172643328,9.430712968647702,0,0,0,0,0,0,0,0
4530,1825.739199890253,140.8972096127171,9.060466334496482,1.040169784874826,9.427850600590471,0,0,0,0,0,0,0,0
4530.000000454012,1825.7392684399,140.8971991184344,9.060466334801285,1.040167023307094,9.427850592448355,0,0,0,0,0,0,0,0
4530.000000454012,1825.7392684399,140.8971991184344,9.060466334801285,1.040167023307094,9.427850592448355,0,0,0,0,0,0,0,0
4539.000000908161,1629.319009974441,150.2924152901641,9.059716456180437,155.2945172643335,9.430712969692678,0,0,0,0,0,0,0,0
4539.000000908161,1629.319009974441,150.2924152901641,9.059716456180437,155.2945172643335,9.430712969692678,0,0,0,0,0,0,0,0
4540,1828.095564954192,140.897209662025,9.060550638268516,1.04016979537349,9.427850601657818,0,0,0,0,0,0,0,0
4540.000000455098,1828.095633667833,140.8971991426414,9.06055063857402,1.040167027200344,9.427850593496236,0,0,0,0,0,0,0,0
4540.000000455098,1828.095633667833,140.8971991426414,9.06055063857402,1.040167027200344,9.427850593496236,0,0,0,0,0,0,0,0
4549.00000091022,1631.675997172016,150.2924152954843,9.059800478808764,155.2945172643343,9.430712970712243,0,0,0,0,0,0,0,0
4549.00000091022,1631.675997172016,150.2924152954843,9.059800478808764,155.2945172643343,9.430712970712243,0,0,0,0,0,0,0,0
4550,1830.452620740895,140.8972097148117,9.06063459068354,1.040169807028402,9.427850602701001,0,0,0,0,0,0,0,0
4550.000000456071,1830.452689601363,140.8971991729549,9.060634590989666,1.040167032941349,9.427850594521981,0,0,0,0,0,0,0,0
4550.000000456071,1830.452689601363,140.8971991729549,9.060634590989666,1.040167032941349,9.427850594521981,0,0,0,0,0,0,0,0
4559.000000912171,1634.033671912762,150.2924153019015,9.059884151216961,155.2945172643349,9.430712971746996,0,0,0,0,0,0,0,0
4559.000000912171,1634.033671912762,150.2924153019015,9.059884151216961,155.2945172643349,9.430712971746996,0,0,0,0,0,0,0,0
4560,1832.810363742994,140.8972097645151,9.060718193184462,1.040169817651068,9.427850603758355,0,0,0,0,0,0,0,0
4560.000000457027,1832.810432747818,140.8971992005637,9.0607181934912,1.040167037749686,9.427850595562193,0,0,0,0,0,0,0,0
4560.000000457027,1832.810432747818,140.8971992005637,9.0607181934912,1.040167037749686,9.427850595562193,0,0,0,0,0,0,0,0
4569.000000914157,1636.392030665599,150.2924153078749,9.059967474844587,155.2945172643358,9.430712972782171,0,0,0,0,0,0,0,0
4569.000000914157,1636.392030665599,150.2924153078749,9.059967474844587,155.2945172643358,9.430712972782171,0,0,0,0,0,0,0,0
4570,1835.168790397538,140.897209814829,9.060801447208666,1.040169828527819,9.427850604816083,0,0,0,0,0,0,0,0
4570.000000458047,1835.168859556468,140.8971992272903,9.060801447516063,1.040167042419331,9.427850596601616,0,0,0,0,0,0,0,0
4570.000000458047,1835.168859556468,140.8971992272903,9.060801447516063,1.040167042419331,9.427850596601616,0,0,0,0,0,0,0,0
4579.000000916169,1638.751069905461,150.292415313697,9.060050451121215,155.2945172643364,9.430712973809182,0,0,0,0,0,0,0,0
4579.000000916169,1638.751069905461,150.292415313697,9.060050451121215,155.2945172643364,9.430712973809182,0,0,0,0,0,0,0,0
4580,1837.527897183871,140.8972098655699,9.060884354184115,1.040169839552388,9.427850605865723,0,0,0,0,0,0,0,0
4580.000000459052,1837.527966494572,140.8971992548013,9.060884354492156,1.04016704733084,9.427850597633242,0,0,0,0,0,0,0,0
4580.000000459052,1837.527966494572,140.8971992548013,9.060884354492156,1.04016704733084,9.427850597633242,0,0,0,0,0,0,0,0
4589.000000918204,1641.110786121103,150.2924153196769,9.060133081471349,155.2945172643371,9.430712974833531,0,0,0,0,0,0,0,0
4589.000000918204,1641.110786121103,150.2924153196769,9.060133081471349,155.2945172643371,9.430712974833531,0,0,0,0,0,0,0,0
4590,1839.887680585734,140.8972099180067,9.060966915534205,1.040169850993787,9.427850606914259,0,0,0,0,0,0,0,0
4590.00000046009,1839.887750053151,140.8971992832514,9.060966915842915,1.04016705246002,9.427850598663166,0,0,0,0,0,0,0,0
4590.00000046009,1839.887750053151,140.8971992832514,9.060966915842915,1.04016705246002,9.427850598663166,0,0,0,0,0,0,0,0
4599.000000920229,1643.471175817389,150.2924153257344,9.060215367316546,155.2945172643379,9.430712975862614,0,0,0,0,0,0,0,0
4599.000000920229,1643.471175817389,150.2924153257344,9.060215367316546,155.2945172643379,9.430712975862614,0,0,0,0,0,0,0,0
4600,1842.248137127162,140.8972099693552,9.061049132679434,1.040169862136518,9.427850607966921,0,0,0,0,0,0,0,0
4600.000000461003,1842.248206732481,140.8971993134933,9.061049132988725,1.040167058048428,9.427850599699449,0,0,0,0,0,0,0,0
4600.000000461003,1842.248206732481,140.8971993134933,9.061049132988725,1.040167058048428,9.427850599699449,0,0,0,0,0,0,0,0
4609.000000922174,1645.832235511552,150.292415332215,9.060297310075709,155.2945172643386,9.430712976911153,0,0,0,0,0,0,0,0
4609.000000922174,1645.832235511552,150.292415332215,9.060297310075709,155.2945172643386,9.430712976911153,0,0,0,0,0,0,0,0
4610,1844.609263332506,140.8972100190585,9.06113100703768,1.040169872761897,9.427850609038114,0,0,0,0,0,0,0,0
4610.000000462066,1844.609333098384,140.8971993386213,9.061131007347656,1.040167062206695,9.427850600751572,0,0,0,0,0,0,0,0
4610.000000462066,1844.609333098384,140.8971993386213,9.061131007347656,1.040167062206695,9.427850600751572,0,0,0,0,0,0,0,0
4619.000000924223,1648.193961745182,150.2924153376648,9.0603789111557,155.2945172643394,9.430712977940264,0,0,0,0,0,0,0,0
4619.000000924223,1648.193961745182,150.2924153376648,9.0603789111557,155.2945172643394,9.430712977940264,0,0,0,0,0,0,0,0
4620,1846.971055712314,140.8972100707617,9.061212540013036,1.040169884129636,9.427850610090099,0,0,0,0,0,0,0,0
4620.000000463005,1846.97112561994,140.8971993686292,9.061212540323615,1.040167067865212,9.427850601786727,0,0,0,0,0,0,0,0
4620.000000463005,1846.97112561994,140.8971993686292,9.061212540323615,1.040167067865212,9.427850601786727,0,0,0,0,0,0,0,0
4629.00000092611,1650.556351056456,150.2924153439668,9.060460171959166,155.2945172643398,9.430712978981195,0,0,0,0,0,0,0,0
4629.00000092611,1650.556351056456,150.2924153439668,9.060460171959166,155.2945172643398,9.430712978981195,0,0,0,0,0,0,0,0
4630,1849.333510851272,140.8972101192819,9.061293733008181,1.040169894486893,9.427850611152484,0,0,0,0,0,0,0,0
4630.000000464069,1849.333580919594,140.897199392553,9.061293733319447,1.040167071749823,9.427850602830027,0,0,0,0,0,0,0,0
4630.000000464069,1849.333580919594,140.897199392553,9.061293733319447,1.040167071749823,9.427850602830027,0,0,0,0,0,0,0,0
4639.000000928199,1652.919400017323,150.292415349293,9.060541093880024,155.2945172643406,9.430712979994148,0,0,0,0,0,0,0,0
4639.000000928199,1652.919400017323,150.292415349293,9.060541093880024,155.2945172643406,9.430712979994148,0,0,0,0,0,0,0,0
4640,1851.696625262608,140.8972101721554,9.06137458741409,1.040169906193579,9.427850612189118,0,0,0,0,0,0,0,0
4640.00000046503,1851.69669547611,140.8971994232057,9.06137458772597,1.040167077608985,9.427850603849425,0,0,0,0,0,0,0,0
4640.00000046503,1851.69669547611,140.8971994232057,9.06137458772597,1.040167077608985,9.427850603849425,0,0,0,0,0,0,0,0
4649.000000930138,1655.283105192669,150.2924153557616,9.060621678311499,155.2945172643411,9.430712981025531,0,0,0,0,0,0,0,0
4649.000000930138,1655.283105192669,150.2924153557616,9.060621678311499,155.2945172643411,9.430712981025531,0,0,0,0,0,0,0,0
4650,1854.06039557583,140.8972102216422,9.061455104624663,1.040169916778246,9.427850613243089,0,0,0,0,0,0,0,0
4650.000000466054,1854.060465943987,140.8971994490211,9.061455104937208,1.040167081964416,9.427850604885036,0,0,0,0,0,0,0,0
4650.000000466054,1854.060465943987,140.8971994490211,9.061455104937208,1.040167081964416,9.427850604885036,0,0,0,0,0,0,0,0
4659.000000932173,1657.647463182947,150.2924153613937,9.060701926641496,155.294517264342,9.43071298204562,0,0,0,0,0,0,0,0
4659.000000932173,1657.647463182947,150.2924153613937,9.060701926641496,155.294517264342,9.43071298204562,0,0,0,0,0,0,0,0
4660,1856.42481834626,140.8972102730575,9.061535286025086,1.040169928044938,9.427850614286371,0,0,0,0,0,0,0,0
4660.000000467024,1856.424888860832,140.8971994780264,9.061535286338247,1.040167087333795,9.427850605910924,0,0,0,0,0,0,0,0
4660.000000467024,1856.424888860832,140.8971994780264,9.061535286338247,1.040167087333795,9.427850605910924,0,0,0,0,0,0,0,0
4669.00000093416,1660.012470585432,150.2924153676096,9.060781840251895,155.2945172643427,9.430712983074892,0,0,0,0,0,0,0,0
4669.00000093416,1660.012470585432,150.2924153676096,9.060781840251895,155.2945172643427,9.430712983074892,0,0,0,0,0,0,0,0
4670,1858.789890197243,140.8972103239223,9.061615132996803,1.040169939051406,9.427850615339031,0,0,0,0,0,0,0,0
4670.000000468081,1858.789960871414,140.8971995044631,9.061615133310646,1.040167091911873,9.427850606944634,0,0,0,0,0,0,0,0
4670.000000468081,1858.789960871414,140.8971995044631,9.061615133310646,1.040167091911873,9.427850606944634,0,0,0,0,0,0,0,0
4679.000000936248,1662.378124023812,150.2924153733971,9.06086142051854,155.2945172643433,9.430712984096813,0,0,0,0,0,0,0,0
4679.000000936248,1662.378124023812,150.2924153733971,9.06086142051854,155.2945172643433,9.430712984096813,0,0,0,0,0,0,0,0
4680,1861.15560773179,140.8972103766931,9.061694646913594,1.040169950649635,9.427850616385337,0,0,0,0,0,0,0,0
4680.000000469009,1861.155678546198,140.8971995357699,9.061694647228036,1.04016709786173,9.427850607974284,0,0,0,0,0,0,0,0
4680.000000469009,1861.155678546198,140.8971995357699,9.061694647228036,1.04016709786173,9.427850607974284,0,0,0,0,0,0,0,0
4689.000000938169,1664.744420123682,150.2924153799622,9.060940668815787,155.294517264344,9.430712985144334,0,0,0,0,0,0,0,0
4689.000000938169,1664.744420123682,150.2924153799622,9.060940668815787,155.294517264344,9.430712985144334,0,0,0,0,0,0,0,0
4690,1863.521967614941,140.8972104266462,9.061773829149777,1.040169961350857,9.427850617455892,0,0,0,0,0,0,0,0
4690.000000470021,1863.522038582217,140.8971995623249,9.061773829464864,1.040167102405633,9.42785060902669,0,0,0,0,0,0,0,0
4690.000000470021,1863.522038582217,140.8971995623249,9.061773829464864,1.040167102405633,9.42785060902669,0,0,0,0,0,0,0,0
4699.000000940207,1667.111355539853,150.2924153856914,9.061019586509303,155.2945172643445,9.430712986184336,0,0,0,0,0,0,0,0
4699.000000940207,1667.111355539853,150.2924153856914,9.061019586509303,155.2945172643445,9.430712986184336,0,0,0,0,0,0,0,0
4700,1865.888966467108,140.8972104777845,9.06185268106829,1.040169972537636,9.427850618518692,0,0,0,0,0,0,0,0
4700.000000471043,1865.889037588628,140.8971995898549,9.061852681384037,1.040167107379771,9.427850610071166,0,0,0,0,0,0,0,0
4700.000000471043,1865.889037588628,140.8971995898549,9.061852681384037,1.040167107379771,9.427850610071166,0,0,0,0,0,0,0,0
4709.000000942164,1669.478926927955,150.2924153915617,9.061098174955202,155.2945172643453,9.430712987218918,0,0,0,0,0,0,0,0
4709.000000942164,1669.478926927955,150.2924153915617,9.061098174955202,155.2945172643453,9.430712987218918,0,0,0,0,0,0,0,0
4710,1868.256600964024,140.897210528135,9.061931204024237,1.040169983491795,9.427850619575567,0,0,0,0,0,0,0,0
4710.00000047205,1868.256672237589,140.8971996169336,9.061931204340635,1.040167112209802,9.427850611109982,0,0,0,0,0,0,0,0
4710.00000047205,1868.256672237589,140.8971996169336,9.061931204340635,1.040167112209802,9.427850611109982,0,0,0,0,0,0,0,0
4719.000000944156,1671.847130962845,150.2924153973854,9.061176435505136,155.2945172643459,9.430712988245975,0,0,0,0,0,0,0,0
4719.000000944156,1671.847130962845,150.2924153973854,9.061176435505136,155.2945172643459,9.430712988245975,0,0,0,0,0,0,0,0
4720,1870.624867779125,140.8972105779534,9.062009399368016,1.040169994318773,9.427850620624511,0,0,0,0,0,0,0,0
4720.000000473048,1870.624939203501,140.8971996436691,9.062009399685056,1.040167116962441,9.427850612141023,0,0,0,0,0,0,0,0
4720.000000473048,1870.624939203501,140.8971996436691,9.062009399685056,1.040167116962441,9.427850612141023,0,0,0,0,0,0,0,0
4729.000000946208,1674.215964331856,150.2924154032367,9.061254369505718,155.2945172643464,9.430712989265039,0,0,0,0,0,0,0,0
4729.000000946208,1674.215964331856,150.2924154032367,9.061254369505718,155.2945172643464,9.430712989265039,0,0,0,0,0,0,0,0
4730,1872.993763584273,140.8972106298851,9.062087268444969,1.040170005700305,9.427850621667291,0,0,0,0,0,0,0,0
4730.00000047401,1872.993835153965,140.897199673359,9.062087268762625,1.040167122490915,9.427850613166544,0,0,0,0,0,0,0,0
4730.00000047401,1872.993835153965,140.897199673359,9.062087268762625,1.040167122490915,9.427850613166544,0,0,0,0,0,0,0,0
4739.000000948137,1676.585423733667,150.2924154094884,9.061331978303116,155.2945172643472,9.430712990297934,0,0,0,0,0,0,0,0
4739.000000948137,1676.585423733667,150.2924154094884,9.061331978303116,155.2945172643472,9.430712990297934,0,0,0,0,0,0,0,0
4740,1875.36328510851,140.8972106798323,9.062164812600777,1.040170016479877,9.427850622722969,0,0,0,0,0,0,0,0
4740.000000475018,1875.363356830385,140.8971997000133,9.062164812919082,1.040167127140827,9.427850614204152,0,0,0,0,0,0,0,0
4740.000000475018,1875.363356830385,140.8971997000133,9.062164812919082,1.040167127140827,9.427850614204152,0,0,0,0,0,0,0,0
4749.000000950142,1678.955505887982,150.2924154152668,9.061409263236088,155.2945172643479,9.430712991324897,0,0,0,0,0,0,0,0
4749.000000950142,1678.955505887982,150.2924154152668,9.061409263236088,155.2945172643479,9.430712991324897,0,0,0,0,0,0,0,0
4750,1877.733429046441,140.8972107310456,9.062242033172051,1.040170027692352,9.427850623773072,0,0,0,0,0,0,0,0
4750.000000476001,1877.733500916791,140.8971997285012,9.062242033490984,1.040167132373007,9.427850615236622,0,0,0,0,0,0,0,0
4750.000000476001,1877.733500916791,140.8971997285012,9.062242033490984,1.040167132373007,9.427850615236622,0,0,0,0,0,0,0,0
4759.000000952151,1681.326207519272,150.2924154213596,9.061486225637323,155.2945172643484,9.430712992356826,0,0,0,0,0,0,0,0
4759.000000952151,1681.326207519272,150.2924154213596,9.061486225637323,155.2945172643484,9.430712992356826,0,0,0,0,0,0,0,0
4760,1880.104192138696,140.897210781981,9.062318931490685,1.04017003877203,9.427850624828244,0,0,0,0,0,0,0,0
4760.000000477073,1880.104264170841,140.897199754672,9.062318931810312,1.040167136935779,9.427850616272583,0,0,0,0,0,0,0,0
4760.000000477073,1880.104264170841,140.897199754672,9.062318931810312,1.040167136935779,9.427850616272583,0,0,0,0,0,0,0,0
4769.000000954178,1683.697525373583,150.2924154270054,9.061562866832626,155.2945172643491,9.4307129933774,0,0,0,0,0,0,0,0
4769.000000954178,1683.697525373583,150.2924154270054,9.061562866832626,155.2945172643491,9.4307129933774,0,0,0,0,0,0,0,0
4770,1882.475571123149,140.8972108333974,9.062395508880648,1.040170050072055,9.427850625871937,0,0,0,0,0,0,0,0
4770.000000478052,1882.47564330322,140.8971997834471,9.062395509200899,1.040167142277636,9.427850617298708,0,0,0,0,0,0,0,0
4770.000000478052,1882.47564330322,140.8971997834471,9.062395509200899,1.040167142277636,9.427850617298708,0,0,0,0,0,0,0,0
4779.000000956208,1686.069456201076,150.2924154331948,9.061639188144188,155.2945172643499,9.430712994405374,0,0,0,0,0,0,0,0
4779.000000956208,1686.069456201076,150.2924154331948,9.061639188144188,155.2945172643499,9.430712994405374,0,0,0,0,0,0,0,0
4780,1884.847562757953,140.8972108851833,9.062471766663629,1.040170061360917,9.427850626923979,0,0,0,0,0,0,0,0
4780.000000479049,1884.847635088559,140.8971998121924,9.062471766984517,1.040167147503221,9.427850618332869,0,0,0,0,0,0,0,0
4780.000000479049,1884.847635088559,140.8971998121924,9.062471766984517,1.040167147503221,9.427850618332869,0,0,0,0,0,0,0,0
4789.000000958162,1688.44199677371,150.2924154392404,9.061715190891714,155.2945172643505,9.430712995441331,0,0,0,0,0,0,0,0
4789.000000958162,1688.44199677371,150.2924154392404,9.061715190891714,155.2945172643505,9.430712995441331,0,0,0,0,0,0,0,0
4790,1887.220163829028,140.8972109347771,9.062547706157988,1.040170072106015,9.427850627982201,0,0,0,0,0,0,0,0
4790.000000480028,1887.220236307422,140.8971998391659,9.062547706479513,1.040167152295684,9.427850619373551,0,0,0,0,0,0,0,0
4790.000000480028,1887.220236307422,140.8971998391659,9.062547706479513,1.040167152295684,9.427850619373551,0,0,0,0,0,0,0,0
4799.000000960137,1690.815143874558,150.2924154450581,9.061790876385945,155.2945172643512,9.430712996472073,0,0,0,0,0,0,0,0
4799.000000960137,1690.815143874558,150.2924154450581,9.061790876385945,155.2945172643512,9.430712996472073,0,0,0,0,0,0,0,0
4800,1889.593371101771,140.8972109850129,9.062623328672746,1.0401700830698,9.427850629035268,0,0,0,0,0,0,0,0
4800.000000481041,1889.593443733172,140.8971998659827,9.062623328994921,1.040167157096615,9.427850620408442,0,0,0,0,0,0,0,0
4800.000000481041,1889.593443733172,140.8971998659827,9.062623328994921,1.040167157096615,9.427850620408442,0,0,0,0,0,0,0,0
4809.000000962201,1693.188894298095,150.2924154508805,9.061866245930634,155.2945172643518,9.430712997495293,0,0,0,0,0,0,0,0
4809.000000962201,1693.188894298095,150.2924154508805,9.061866245930634,155.2945172643518,9.430712997495293,0,0,0,0,0,0,0,0
4810,1891.967181363626,140.8972110373808,9.062698635510374,1.040170094597154,9.427850630082462,0,0,0,0,0,0,0,0
4810.000000482054,1891.967254148034,140.8971998949314,9.062698635833199,1.040167162461113,9.427850621437475,0,0,0,0,0,0,0,0
4810.000000482054,1891.967254148034,140.8971998949314,9.062698635833199,1.040167162461113,9.427850621437475,0,0,0,0,0,0,0,0
4819.00000096416,1695.563244851188,150.2924154569762,9.061941300827783,155.2945172643523,9.430712998526158,0,0,0,0,0,0,0,0
4819.00000096416,1695.563244851188,150.2924154569762,9.061941300827783,155.2945172643523,9.430712998526158,0,0,0,0,0,0,0,0
4820,1894.34159145273,140.8972110875431,9.062773627972298,1.040170105490817,9.427850631136074,0,0,0,0,0,0,0,0
4820.000000483067,1894.341664390145,140.8971999216747,9.062773628295776,1.040167167191921,9.427850622472908,0,0,0,0,0,0,0,0
4820.000000483067,1894.341664390145,140.8971999216747,9.062773628295776,1.040167167191921,9.427850622472908,0,0,0,0,0,0,0,0
4829.000000966216,1697.938192358697,150.2924154628249,9.062016042373159,155.294517264353,9.430712999551623,0,0,0,0,0,0,0,0
4829.000000966216,1697.938192358697,150.2924154628249,9.062016042373159,155.294517264353,9.430712999551623,0,0,0,0,0,0,0,0
4830,1896.716598165577,140.8972111395676,9.062848307352469,1.04017011692961,9.427850632185377,0,0,0,0,0,0,0,0
4830.000000484009,1896.716671245149,140.8971999519408,9.062848307676548,1.040167172904892,9.42785062350533,0,0,0,0,0,0,0,0
4830.000000484009,1896.716671245149,140.8971999519408,9.062848307676548,1.040167172904892,9.42785062350533,0,0,0,0,0,0,0,0
4839.000000968153,1700.313733651178,150.2924154691887,9.062090471860257,155.2945172643536,9.430713000594986,0,0,0,0,0,0,0,0
4839.000000968153,1700.313733651178,150.2924154691887,9.062090471860257,155.2945172643536,9.430713000594986,0,0,0,0,0,0,0,0
4840,1899.092198367319,140.8972111890552,9.062922674944065,1.040170127596704,9.42785063325122,0,0,0,0,0,0,0,0
4840.000000485031,1899.092271601271,140.8971999777991,9.062922675268805,1.040167177353811,9.427850624552843,0,0,0,0,0,0,0,0
4840.000000485031,1899.092271601271,140.8971999777991,9.062922675268805,1.040167177353811,9.427850624552843,0,0,0,0,0,0,0,0
4849.000000970148,1702.689865583903,150.292415474753,9.062164590573625,155.2945172643542,9.43071300162501,0,0,0,0,0,0,0,0
4849.000000970148,1702.689865583903,150.292415474753,9.062164590573625,155.2945172643542,9.43071300162501,0,0,0,0,0,0,0,0
4850,1901.468388881254,140.8972112399005,9.062996732029132,1.040170138789412,9.427850634303692,0,0,0,0,0,0,0,0
4850.000000486035,1901.46846226684,140.8972000054356,9.062996732354518,1.040167182438985,9.427850625587309,0,0,0,0,0,0,0,0
4850.000000486035,1901.46846226684,140.8972000054356,9.062996732354518,1.040167182438985,9.427850625587309,0,0,0,0,0,0,0,0
4859.000000972186,1705.066585012202,150.29241548073,9.062238399790733,155.2945172643549,9.430713002652208,0,0,0,0,0,0,0,0
4859.000000972186,1705.066585012202,150.29241548073,9.062238399790733,155.2945172643549,9.430713002652208,0,0,0,0,0,0,0,0
4860,1903.845166575825,140.8972112913998,9.063070479884551,1.040170150071141,9.42785063535433,0,0,0,0,0,0,0,0
4860.000000487046,1903.845240114143,140.8972000335579,9.063070480210582,1.040167187568922,9.42785062661981,0,0,0,0,0,0,0,0
4860.000000487046,1903.845240114143,140.8972000335579,9.063070480210582,1.040167187568922,9.42785062661981,0,0,0,0,0,0,0,0
4869.000000974189,1707.443888811835,150.292415486708,9.062311900787432,155.2945172643557,9.430713003681506,0,0,0,0,0,0,0,0
4869.000000974189,1707.443888811835,150.292415486708,9.062311900787432,155.2945172643557,9.430713003681506,0,0,0,0,0,0,0,0
4870,1906.222528335035,140.897211342115,9.06314391978513,1.040170161151006,9.427850636406621,0,0,0,0,0,0,0,0
4870.000000488054,1906.222602025534,140.89720006098,9.063143920111813,1.040167192519124,9.427850627654021,0,0,0,0,0,0,0,0
4870.000000488054,1906.222602025534,140.89720006098,9.063143920111813,1.040167192519124,9.427850627654021,0,0,0,0,0,0,0,0
4879.000000976173,1709.821773870528,150.29241549258,9.062385094833973,155.2945172643561,9.430713004708682,0,0,0,0,0,0,0,0
4879.000000976173,1709.821773870528,150.29241549258,9.062385094833973,155.2945172643561,9.430713004708682,0,0,0,0,0,0,0,0
4880,1908.600471041392,140.8972113929453,9.063217052999759,1.040170172286207,9.427850637456769,0,0,0,0,0,0,0,0
4880.000000489049,1908.600544882152,140.8972000888117,9.063217053327081,1.04016719760211,9.427850628686326,0,0,0,0,0,0,0,0
4880.000000489049,1908.600544882152,140.8972000888117,9.063217053327081,1.04016719760211,9.427850628686326,0,0,0,0,0,0,0,0
4889.000000978187,1712.20023708729,150.2924154985122,9.062457983195463,155.2945172643567,9.430713005736365,0,0,0,0,0,0,0,0
4889.000000978187,1712.20023708729,150.2924154985122,9.062457983195463,155.2945172643567,9.430713005736365,0,0,0,0,0,0,0,0
4890,1910.978991592992,140.8972114443768,9.063289880792428,1.040170183569186,9.427850638507962,0,0,0,0,0,0,0,0
4890.000000490032,1910.979065582226,140.8972001175178,9.063289881120378,1.040167202904791,9.42785062971989,0,0,0,0,0,0,0,0
4890.000000490032,1910.979065582226,140.8972001175178,9.063289881120378,1.040167202904791,9.42785062971989,0,0,0,0,0,0,0,0
4899.00000098017,1714.579275373991,150.2924155046345,9.062530567133487,155.2945172643574,9.430713006771581,0,0,0,0,0,0,0,0
4899.00000098017,1714.579275373991,150.2924155046345,9.062530567133487,155.2945172643574,9.430713006771581,0,0,0,0,0,0,0,0
4900,1913.358086914463,140.8972114947724,9.063362404423799,1.040170194544911,9.427850639566101,0,0,0,0,0,0,0,0
4900.000000491003,1913.358161050387,140.8972001454614,9.063362404752374,1.040167207972135,9.427850630760606,0,0,0,0,0,0,0,0
4900.000000491003,1913.358161050387,140.8972001454614,9.063362404752374,1.040167207972135,9.427850630760606,0,0,0,0,0,0,0,0
4909.000000982129,1716.958885658032,150.2924155105824,9.062602847903991,155.2945172643578,9.430713007808475,0,0,0,0,0,0,0,0
4909.000000982129,1716.958885658032,150.2924155105824,9.062602847903991,155.2945172643578,9.430713007808475,0,0,0,0,0,0,0,0
4910,1915.737753928306,140.8972115447443,9.06343462514835,1.040170205446767,9.427850640625275,0,0,0,0,0,0,0,0
4910.000000492058,1915.737828223553,140.8972001710471,9.063434625477608,1.040167212456659,9.427850631800871,0,0,0,0,0,0,0,0
4910.000000492058,1915.737828223553,140.8972001710471,9.063434625477608,1.040167212456659,9.427850631800871,0,0,0,0,0,0,0,0
4919.000000984218,1719.339064879145,150.2924155161774,9.062674826753403,155.2945172643587,9.430713008829169,0,0,0,0,0,0,0,0
4919.000000984218,1719.339064879145,150.2924155161774,9.062674826753403,155.2945172643587,9.430713008829169,0,0,0,0,0,0,0,0
4920,1918.117989555528,140.8972115971899,9.063506544210776,1.040170217076156,9.427850641669723,0,0,0,0,0,0,0,0
4920.000000493073,1918.118064004055,140.8972002000316,9.063506544540687,1.040167217912126,9.427850632827104,0,0,0,0,0,0,0,0
4920.000000493073,1918.118064004055,140.8972002000316,9.063506544540687,1.040167217912126,9.427850632827104,0,0,0,0,0,0,0,0
4929.000000986212,1721.719809983283,150.2924155223183,9.062746504926523,155.2945172643592,9.43071300985728,0,0,0,0,0,0,0,0
4929.000000986212,1721.719809983283,150.2924155223183,9.062746504926523,155.2945172643592,9.43071300985728,0,0,0,0,0,0,0,0
4930,1920.498790775415,140.8972116480208,9.063578162855691,1.040170228170876,9.427850642721136,0,0,0,0,0,0,0,0
4930.000000494029,1920.498865368297,140.8972002287679,9.063578163186213,1.04016722319251,9.427850633861375,0,0,0,0,0,0,0,0
4930.000000494029,1920.498865368297,140.8972002287679,9.063578163186213,1.04016722319251,9.427850633861375,0,0,0,0,0,0,0,0
4939.000000988188,1724.101117936379,150.2924155284435,9.062817883666373,155.2945172643598,9.430713010894266,0,0,0,0,0,0,0,0
4939.000000988188,1724.101117936379,150.2924155284435,9.062817883666373,155.2945172643598,9.430713010894266,0,0,0,0,0,0,0,0
4940,1922.880154539992,140.8972116990457,9.063649482324832,1.040170239323005,9.427850643781571,0,0,0,0,0,0,0,0
4940.000000495023,1922.880229282859,140.8972002568361,9.063649482655993,1.040167228303488,9.427850634903999,0,0,0,0,0,0,0,0
4940.000000495023,1922.880229282859,140.8972002568361,9.063649482655993,1.040167228303488,9.427850634903999,0,0,0,0,0,0,0,0
4949.000000990173,1726.482985715442,150.2924155343918,9.062888964209131,155.2945172643603,9.430713011933758,0,0,0,0,0,0,0,0
4949.000000990173,1726.482985715442,150.2924155343918,9.062888964209131,155.2945172643603,9.430713011933758,0,0,0,0,0,0,0,0
4950,1925.262077830323,140.8972117496889,9.063720503852968,1.040170250414963,9.427850644843863,0,0,0,0,0,0,0,0
4950.00000049606,1925.262152729904,140.8972002834926,9.063720504184795,1.040167233083223,9.427850635947687,0,0,0,0,0,0,0,0
4950.00000049606,1925.262152729904,140.8972002834926,9.063720504184795,1.040167233083223,9.427850635947687,0,0,0,0,0,0,0,0
4959.000000992221,1728.865410309778,150.2924155401342,9.062959747782525,155.294517264361,9.430713012964167,0,0,0,0,0,0,0,0
4959.000000992221,1728.865410309778,150.2924155401342,9.062959747782525,155.294517264361,9.430713012964167,0,0,0,0,0,0,0,0
4960,1927.644543941046,140.8972144968161,9.063791228666064,1.040239560730351,9.427850645898264,0,0,0,0,0,0,0,0
4960.000000497046,1927.644618989488,140.8972030078322,9.063791228998532,1.040236537596765,9.42785063698441,0,0,0,0,0,0,0,0
4960.000000497046,1927.644618989488,140.8972030078322,9.063791228998532,1.040236537596765,9.42785063698441,0,0,0,0,0,0,0,0
4969.000000994194,1731.248388723427,150.2924155447092,9.063030235610709,155.2945172643592,9.43071301399957,0,0,0,0,0,0,0,0
4969.000000994194,1731.248388723427,150.2924155447092,9.063030235610709,155.2945172643592,9.43071301399957,0,0,0,0,0,0,0,0
4970,1930.027577267561,140.8972145460567,9.063861657988255,1.040239574828551,9.427850646956246,0,0,0,0,0,0,0,0
4970.00000049803,1930.027652464615,140.8972030343264,9.063861658321347,1.040236545709675,9.427850638024742,0,0,0,0,0,0,0,0
4970.00000049803,1930.027652464615,140.8972030343264,9.063861658321347,1.040236545709675,9.427850638024742,0,0,0,0,0,0,0,0
4979.000000996174,1733.631917961006,150.2924155504715,9.063100428914849,155.2945172643598,9.430713015032504,0,0,0,0,0,0,0,0
4979.000000996174,1733.631917961006,150.2924155504715,9.063100428914849,155.2945172643598,9.430713015032504,0,0,0,0,0,0,0,0
4980,1932.411161119447,140.8972145964729,9.063931793038948,1.040239588987145,9.427850648011669,0,0,0,0,0,0,0,0
4980.000000499075,1932.411236474314,140.8972030605877,9.063931793372717,1.040236553512351,9.427850639061417,0,0,0,0,0,0,0,0
4980.000000499075,1932.411236474314,140.8972030605877,9.063931793372717,1.040236553512351,9.427850639061417,0,0,0,0,0,0,0,0
4989.000000998242,1736.015995053826,150.2924155561574,9.063170328907598,155.2945172643602,9.430713016053858,0,0,0,0,0,0,0,0
4989.000000998242,1736.015995053826,150.2924155561574,9.063170328907598,155.2945172643602,9.430713016053858,0,0,0,0,0,0,0,0
4990,1934.795292518033,140.8972146486337,9.064001635029413,1.040239603611049,9.427850649056689,0,0,0,0,0,0,0,0
4990.000000500065,1934.795368022335,140.8972030898761,9.064001635363816,1.040236562117772,9.427850640088696,0,0,0,0,0,0,0,0
4990.000000500065,1934.795368022335,140.8972030898761,9.064001635363816,1.040236562117772,9.427850640088696,0,0,0,0,0,0,0,0
4999.000001000231,1738.400617036428,150.2924155623658,9.063239936800496,155.294517264361,9.430713017085358,0,0,0,0,0,0,0,0
4999.000001000231,1738.400617036428,150.2924155623658,9.063239936800496,155.294517264361,9.430713017085358,0,0,0,0,0,0,0,0
5000,1937.179968519921,140.8972146998971,9.064071185170905,1.040239617884462,9.427850650111832,0,0,0,0,0,0,0,0
5000,1937.179968519921,140.8972146998971,9.064071185170905,1.040239617884462,9.427850650111832,0,0,0,0,0,0,0,0
