"time","sds.I[1]","i_iss.to_SDS[1]","o_iss.to_SDS[1]","tep_fep.to_SDS[1]","tes.to_O_ISS[1]","tes.to_O_ISS[2]","tes.to_O_ISS[3]","wds.outflow[1]","wds.outflow[2]","wds.outflow[3]","wds.to_O_ISS[1]","wds.to_O_ISS[2]","wds.to_O_ISS[3]"
0,3000,0,0,0,0,0,0,0,0,0,0,0,0
1.208062546643595,2613.000803497303,0,0,0,0,0,0,0,0,0,0,0,0
1.208062546643595,2613.000803497303,0,0,0,0,0,0,0,0,0,0,0,0
3.161938110809721,2248.588601701711,0,0,155.2903912086616,0,0,0,0,0,0,0,0,0
3.161938110809721,2248.588601701711,8.599796515752082e-09,0,155.2903912086616,0,0,0,0,0,0,0,0,0
9.000000001100062,1711.985102195157,118.9338092902463,0,155.2945159509612,0,0,0,0,0,0,0,0,0
9.000000001100062,1711.985102195157,118.9338092902463,0,155.2945159509612,0,0,0,0,0,0,0,0,0
10,1873.955645707613,116.4758730435319,0,1.040297774099672,0,0,0,0,0,0,0,0,0
10.00000000200003,1873.955645942625,116.4758730095145,0,1.040297761935365,0,0,0,0,0,0,0,0,0
10.00000000200003,1873.955645942625,116.4758730095145,0,1.040297761935365,0,0,0,0,0,0,0,0,0
19.00000000410024,1508.619157330571,147.7192770861728,0,155.2945174237265,0,0,0,0,0,0,0,0,0
19.00000000410024,1508.619157330571,147.7192770861728,0,155.2945174237265,0,0,0,0,0,0,0,0,0
20,1696.059811189921,138.893302627691,0,1.040338686168079,0,0,0,0,0,0,0,0,0
20.00000000300022,1696.059811609719,138.8933025598457,0,1.040338667920398,0,0,0,0,0,0,0,0,0
20.00000000300022,1696.059811609719,138.8933025598457,0,1.040338667920398,0,0,0,0,0,0,0,0,0
29.00000000610022,1410.940999027608,150.0813938561038,0,155.2945174378178,0,0,0,0,0,0,0,0,0
29.00000000610022,1410.940999027608,150.0813938561038,0,155.2945174378178,0,0,0,0,0,0,0,0,0
30,1600.472232790379,140.7328604135386,0,1.040317220831064,0,0,0,0,0,0,0,0,0
30.00000000400012,1600.472233357447,140.7328603212422,0,1.040317196503443,0,0,0,0,0,0,0,0,0
30.00000000400012,1600.472233357447,140.7328603212422,0,1.040317196503443,0,0,0,0,0,0,0,0,0
39.00000000810029,1321.940556389108,150.2752287119444,0,155.2945167881433,0,0,0,0,0,0,0,0,0
39.00000000810029,1321.940556389108,150.2752287119444,0,155.2945167881433,0,0,0,0,0,0,0,0,0
40,1511.643903941412,140.8838096489627,0,1.040109689696976,0,0,0,0,0,0,0,0,0
40.00000000500051,1511.643904651055,140.883809533395,0,1.040109659285967,0,0,0,0,0,0,0,0,0
40.00000000500051,1511.643904651055,140.883809533395,0,1.040109659285967,0,0,0,0,0,0,0,0,0
40.35221818244844,1467.281455336467,132.4161909281375,0,114.4847326766197,0,0,0,0,0,0,0,0,0
40.35221818244844,1467.281455336467,132.4161909281375,0,114.4847326766197,3.166825136092247e-09,0,0,0,0,0,0,0,0
49.00000001010115,1238.406176629658,150.2911310261507,1.545203932211804,155.294517252574,3.929305646709915,0,0,0,0,0,0,0,0
49.00000001010115,1238.406176629658,150.2911310261507,1.545203932211804,155.294517252574,3.929305646709915,0,0,0,0,0,0,0,0
50,1429.815010851396,140.8961917913116,1.837461691341665,1.040151505352082,4.243242185866938,0,0,0,0,0,0,0,0
50.00000000600053,1429.81501171406,140.8961916526139,1.837461693108125,1.040151468857873,4.243242187595212,0,0,0,0,0,0,0,0
50.00000000600053,1429.81501171406,140.8961916526139,1.837461693108125,1.040151468857873,4.243242187595212,0,0,0,0,0,0,0,0
59.00000001210155,1179.896879038922,150.2922982955843,4.304739537696128,155.2945172623108,6.310322222216356,0,0,0,0,0,0,0,0
59.00000001210155,1179.896879038922,150.2922982955843,4.304739537696128,155.2945172623108,6.310322222216356,0,0,0,0,0,0,0,0
60,1374.040398126072,140.8971025342943,4.542164518732181,1.040268448888461,6.470447796028718,0,0,0,0,0,0,0,0
60.00000000700088,1374.040399151495,140.8971023724725,4.542164520361202,1.040268406308322,6.470447797008445,0,0,0,0,0,0,0,0
60.00000000700088,1374.040399151495,140.8971023724725,4.542164520361202,1.040268406308322,6.470447797008445,0,0,0,0,0,0,0,0
69.0000000141018,1145.127670346036,150.2924599042063,6.227719381024374,155.294515329913,7.564732796837024,0,0,0,0,0,0,0,0
69.0000000141018,1145.127670346036,150.2924599042063,6.227719381024374,155.294515329913,7.564732796837024,0,0,0,0,0,0,0,0
70,1341.149208006976,140.897224132485,6.374834643186024,1.040217849988018,7.650902760731607,0,0,0,0,0,0,0,0
70.00000000800064,1341.149209193501,140.8972239475537,6.374834644333807,1.040217801322567,7.650902761280197,0,0,0,0,0,0,0,0
70.00000000800064,1341.149209193501,140.8972239475537,6.374834644333807,1.040217801322567,7.650902761280197,0,0,0,0,0,0,0,0
79.00000001610152,1125.465397572685,150.2923929991532,7.376498206820123,155.2945172334873,8.266333471265392,0,0,0,0,0,0,0,0
79.00000001610152,1125.465397572685,150.2923929991532,7.376498206820123,155.2945172334873,8.266333471265392,0,0,0,0,0,0,0,0
80,1322.605438391458,140.8971745166026,7.463460471047191,1.040245083445292,8.314987819339311,0,0,0,0,0,0,0,0
80.00000000900116,1322.605439736162,140.8971743085451,7.463460471810894,1.040245028699475,8.314987819629652,0,0,0,0,0,0,0,0
80.00000000900116,1322.605439736162,140.8971743085451,7.463460471810894,1.040245028699475,8.314987819629652,0,0,0,0,0,0,0,0
89.00000001810218,1114.687275426819,150.2923866146803,8.047940904847017,155.2945172285818,8.680888316686451,0,0,0,0,0,0,0,0
89.00000001810218,1114.687275426819,150.2923866146803,8.047940904847017,155.2945172285818,8.680888316686451,0,0,0,0,0,0,0,0
90,1312.481322467684,140.8971737170205,8.100280724824081,1.040344484185041,8.709346672258928,0,0,0,0,0,0,0,0
90.00000001000001,1312.481323967979,140.8971734858749,8.100280725336152,1.040344423363329,8.709346672385401,0,0,0,0,0,0,0,0
90.00000001000001,1312.481323967979,140.8971734858749,8.100280725336152,1.040344423363329,8.709346672385401,0,0,0,0,0,0,0,0
99.0000000201009,1109.14026611715,150.2923852741322,8.448427975129865,155.2945172242771,8.937177559825743,0,0,0,0,0,0,0,0
99.0000000201009,1109.14026611715,150.2923852741322,8.448427975129865,155.2945172242771,8.937177559825743,0,0,0,0,0,0,0,0
100,1307.325000369847,140.8971692035709,8.481254182624495,1.040266727283785,8.954105637757602,0,0,0,0,0,0,0,0
100.0000000110003,1307.325002024398,140.8971689493051,8.481254182979145,1.040266660378082,8.954105637773237,0,0,0,0,0,0,0,0
100.0000000110003,1307.325002024398,140.8971689493051,8.481254182979145,1.040266660378082,8.954105637773237,0,0,0,0,0,0,0,0
109.0000000221013,1106.758803006291,150.2923845422943,8.695110915912155,155.2945172206085,9.101120665940524,0,0,0,0,0,0,0,0
109.0000000221013,1106.758803006291,150.2923845422943,8.695110915912155,155.2945172206085,9.101120665940524,0,0,0,0,0,0,0,0
110,1305.184562416342,140.8971681424094,8.71668713703302,1.040248632457962,9.111115742113888,0,0,0,0,0,0,0,0
110.0000000120003,1305.18456422414,140.8971678650275,8.716687137288472,1.040248559470276,9.111115742049757,0,0,0,0,0,0,0,0
110.0000000120003,1305.18456422414,140.8971678650275,8.716687137288472,1.040248559470276,9.111115742049757,0,0,0,0,0,0,0,0
119.0000000241015,1106.355822198386,150.292384741184,8.851814987735988,155.2945172225734,9.208539201238448,0,0,0,0,0,0,0,0
119.0000000241015,1106.355822198386,150.292384741184,8.851814987735988,155.2945172225734,9.208539201238448,0,0,0,0,0,0,0,0
120,1304.934893643522,140.8971684611942,8.866659795560624,1.040251371576146,9.214189879153114,0,0,0,0,0,0,0,0
120.0000000130013,1304.934895604066,140.8971681606747,8.86665979575201,1.040251292500196,9.214189879028401,0,0,0,0,0,0,0,0
120.0000000130013,1304.934895604066,140.8971681606747,8.86665979575201,1.040251292500196,9.214189879028401,0,0,0,0,0,0,0,0
129.0000000261025,1107.224719220372,150.2923849949956,8.953834518602873,155.2945172243069,9.280062510618992,0,0,0,0,0,0,0,0
129.0000000261025,1107.224719220372,150.2923849949956,8.953834518602873,155.2945172243069,9.280062510618992,0,0,0,0,0,0,0,0
130,1305.903719401942,140.8971641711611,8.964498670925211,1.040180026554436,9.282907186218665,0,0,0,0,0,0,0,0
130.0000000140009,1305.903721514594,140.8971638475358,8.964498671074113,1.040179941393348,9.282907186045909,0,0,0,0,0,0,0,0
130.0000000140009,1305.903721514594,140.8971638475358,8.964498671074113,1.040179941393348,9.282907186045909,0,0,0,0,0,0,0,0
139.0000000281025,1108.928852953774,150.2923852339792,9.021435318592152,155.2945172258488,9.328184114807531,0,0,0,0,0,0,0,0
139.0000000281025,1108.928852953774,150.2923852339792,9.021435318592152,155.2945172258488,9.328184114807531,0,0,0,0,0,0,0,0
140,1307.674077359321,140.8971679894587,9.029421680903493,1.04022845017807,9.329178165768097,0,0,0,0,0,0,0,0
140.0000000150027,1307.67407962411,140.8971676426775,9.029421681023734,1.04022835892977,9.329178165555776,0,0,0,0,0,0,0,0
140.0000000150027,1307.67407962411,140.8971676426775,9.029421681023734,1.04022835892977,9.329178165555776,0,0,0,0,0,0,0,0
149.0000000301051,1111.189679591127,150.2923854507818,9.06676677037184,155.2945172272091,9.36077535239577,0,0,0,0,0,0,0,0
149.0000000301051,1111.189679591127,150.2923854507818,9.06676677037184,155.2945172272091,9.36077535239577,0,0,0,0,0,0,0,0
150,1309.979337248446,140.8971682139108,9.072998343027146,1.040228610325614,9.360531906511353,0,0,0,0,0,0,0,0
150.000000016002,1309.979339664787,140.897167844031,9.072998343127894,1.04022851299941,9.360531906265484,0,0,0,0,0,0,0,0
150.000000016002,1309.979339664787,140.897167844031,9.072998343127894,1.04022851299941,9.360531906265484,0,0,0,0,0,0,0,0
159.0000000321032,1113.825201449497,150.2923856487837,9.097401528935409,155.2945172284207,9.382939702429256,0,0,0,0,0,0,0,0
159.0000000321032,1113.825201449497,150.2923856487837,9.097401528935409,155.2945172284207,9.382939702429256,0,0,0,0,0,0,0,0
160,1312.644888745006,140.8971684233286,9.102464911320805,1.040228768075024,9.38186138420785,0,0,0,0,0,0,0,0
160.0000000170023,1312.644891312883,140.8971680303293,9.102464911408385,1.040228664665382,9.381861383932691,0,0,0,0,0,0,0,0
160.0000000170023,1312.644891312883,140.8971680303293,9.102464911408385,1.040228664665382,9.381861383932691,0,0,0,0,0,0,0,0
169.0000000341038,1116.714501229123,150.2923858290676,9.118206469499748,155.2945172294999,9.398051660810347,0,0,0,0,0,0,0,0
169.0000000341038,1116.714501229123,150.2923858290676,9.118206469499748,155.2945172294999,9.398051660810347,0,0,0,0,0,0,0,0
170,1315.554579122286,140.8971688202135,9.122484054300546,1.040228189754701,9.396406942743818,0,0,0,0,0,0,0,0
170.0000000180013,1315.554581841407,140.8971684041223,9.122484054379399,1.040228080269284,9.396406942442486,0,0,0,0,0,0,0,0
170.0000000180013,1315.554581841407,140.8971684041223,9.122484054379399,1.040228080269284,9.396406942442486,0,0,0,0,0,0,0,0
179.0000000361035,1119.776348050561,150.2923859931191,9.132379254537916,155.2945172304628,9.408371472770868,0,0,0,0,0,0,0,0
179.0000000361035,1119.776348050561,150.2923859931191,9.132379254537916,155.2945172304628,9.408371472770868,0,0,0,0,0,0,0,0
180,1318.630311138322,140.8971690023424,9.136124736796585,1.040228301470795,9.406341153602741,0,0,0,0,0,0,0,0
180.0000000190006,1318.630314008643,140.8971685631533,9.136124736869901,1.040228185907676,9.4063411532775,0,0,0,0,0,0,0,0
180.0000000190006,1318.630314008643,140.8971685631533,9.136124736869901,1.040228185907676,9.4063411532775,0,0,0,0,0,0,0,0
189.000000038102,1122.955781884868,150.2923861422697,9.142052505327506,155.2945172313221,9.415425609625443,0,0,0,0,0,0,0,0
189.000000038102,1122.955781884868,150.2923861422697,9.142052505327506,155.2945172313221,9.415425609625443,0,0,0,0,0,0,0,0
190,1321.819215583872,140.8971691718596,9.145436164485588,1.040228401520801,9.413132210030072,0,0,0,0,0,0,0,0
190.0000000200002,1321.819218605387,140.8971687095648,9.145436164555665,1.040228279877903,9.413132209682566,0,0,0,0,0,0,0,0
190.0000000200002,1321.819218605387,140.8971687095648,9.145436164555665,1.040228279877903,9.413132209682566,0,0,0,0,0,0,0,0
199.0000000401041,1126.215449927802,150.2923862776948,9.148662489481723,155.294517232089,9.420250352389616,0,0,0,0,0,0,0,0
199.0000000401041,1126.215449927802,150.2923862776948,9.148662489481723,155.294517232089,9.420250352389616,0,0,0,0,0,0,0,0
200,1325.085348404581,140.8971693296191,9.151799472543042,1.040228487719297,9.417777225307157,0,0,0,0,0,0,0,0
200.0000000210015,1325.085351577508,140.8971688441785,9.151799472611543,1.040228359986074,9.417777224938543,0,0,0,0,0,0,0,0
200.0000000210015,1325.085351577508,140.8971688441785,9.151799472611543,1.040228359986074,9.417777224938543,0,0,0,0,0,0,0,0
209.000000042104,1129.529894748304,150.292386400392,9.153182528256265,155.2945172327728,9.423551481909287,0,0,0,0,0,0,0,0
209.000000042104,1129.529894748304,150.292386400392,9.153182528256265,155.2945172327728,9.423551481909287,0,0,0,0,0,0,0,0
210,1328.404207073451,140.8971694760558,9.156151067206368,1.040228557397541,9.420955471240195,0,0,0,0,0,0,0,0
210.0000000220008,1328.40421039745,140.8971689675166,9.156151067274491,1.040228423586438,9.420955470851395,0,0,0,0,0,0,0,0
210.0000000220008,1328.40421039745,140.8971689675166,9.156151067274491,1.040228423586438,9.420955470851395,0,0,0,0,0,0,0,0
219.0000000441049,1132.881736045417,150.2923865111568,9.156274790267521,155.2945172333806,9.425810645766703,0,0,0,0,0,0,0,0
219.0000000441049,1132.881736045417,150.2923865111568,9.156274790267521,155.2945172333806,9.425810645766703,0,0,0,0,0,0,0,0
220,1331.759061024714,140.8971696116551,9.15912819245845,1.040228607357271,9.423130575010946,0,0,0,0,0,0,0,0
220.0000000230023,1331.759064500092,140.8971690799669,9.159128192527078,1.040228467454978,9.423130574602542,0,0,0,0,0,0,0,0
220.0000000230023,1331.759064500092,140.8971690799669,9.159128192527078,1.040228467454978,9.423130574602542,0,0,0,0,0,0,0,0
229.0000000461052,1136.259095295686,150.2923866105588,9.158390851483349,155.2945172339175,9.427356939872034,0,0,0,0,0,0,0,0
229.0000000461052,1136.259095295686,150.2923866105588,9.158390851483349,155.2945172339175,9.427356939872034,0,0,0,0,0,0,0,0
230,1335.138474874146,140.8971697364602,9.161165506375387,1.040228633551714,9.424619349183994,0,0,0,0,0,0,0,0
230.0000000240009,1335.13847850044,140.8971691816911,9.16116550644514,1.04022848757621,9.42461934875651,0,0,0,0,0,0,0,0
230.0000000240009,1335.13847850044,140.8971691816911,9.16116550644514,1.04022848757621,9.42461934875651,0,0,0,0,0,0,0,0
239.0000000481038,1139.653848844612,150.2923866989337,9.159839130634584,155.2945172343868,9.428415395586626,0,0,0,0,0,0,0,0
239.0000000481038,1139.653848844612,150.2923866989337,9.159839130634584,155.2945172343868,9.428415395586626,0,0,0,0,0,0,0,0
240,1338.534627641167,140.8971698503237,9.162559906620073,1.040228630920559,9.425638438290781,0,0,0,0,0,0,0,0
240.0000000250029,1338.534631418897,140.8971692723924,9.162559906691413,1.040228478850411,9.42563843784448,0,0,0,0,0,0,0,0
240.0000000250029,1338.534631418897,140.8971692723924,9.162559906691413,1.040228478850411,9.42563843784448,0,0,0,0,0,0,0,0
249.0000000501065,1143.060438747494,150.2923867762741,9.160830465679501,155.2945172347905,9.429139957435797,0,0,0,0,0,0,0,0
249.0000000501065,1143.060438747494,150.2923867762741,9.160830465679501,155.2945172347905,9.429139957435797,0,0,0,0,0,0,0,0
250,1341.942168298918,140.8971699528019,9.163514369324467,1.040228593149738,9.42633605458129,0,0,0,0,0,0,0,0
250.0000000260011,1341.942172227491,140.8971693517977,9.163514369397717,1.040228435008458,9.426336054116481,0,0,0,0,0,0,0,0
250.0000000260011,1341.942172227491,140.8971693517977,9.163514369397717,1.040228435008458,9.426336054116481,0,0,0,0,0,0,0,0
259.0000000521034,1146.475061505519,150.2923868422575,9.161509068498564,155.2945172351267,9.429635969048853,0,0,0,0,0,0,0,0
259.0000000521034,1146.475061505519,150.2923868422575,9.161509068498564,155.2945172351267,9.429635969048853,0,0,0,0,0,0,0,0
260,1345.357434883985,140.8971700428285,9.164167734831517,1.040228512381495,9.426813621278907,0,0,0,0,0,0,0,0
260.0000000270034,1345.357438964,140.8971694186589,9.16416773490692,1.040228348144713,9.4268136207957,0,0,0,0,0,0,0,0
260.0000000270034,1345.357438964,140.8971694186589,9.16416773490692,1.040228348144713,9.4268136207957,0,0,0,0,0,0,0,0
269.0000000541051,1149.895113862555,150.2923868959466,9.161973613113183,155.2945172353918,9.429975529124073,0,0,0,0,0,0,0,0
269.0000000541051,1149.895113862555,150.2923868959466,9.161973613113183,155.2945172353918,9.429975529124073,0,0,0,0,0,0,0,0
270,1348.777920982859,140.8971701189739,9.164615004270983,1.040228379410244,9.427140554806765,0,0,0,0,0,0,0,0
270.0000000280015,1348.777925213703,140.897169471732,9.164615004348697,1.040228209102503,9.427140554305344,0,0,0,0,0,0,0,0
270.0000000280015,1348.777925213703,140.897169471732,9.164615004348697,1.040228209102503,9.427140554305344,0,0,0,0,0,0,0,0
279.0000000561037,1153.318624082791,150.2924321350237,9.162291700364648,155.2945172199994,9.430208023050675,0,0,0,0,0,0,0,0
279.0000000561037,1153.318624082791,150.2924321350237,9.162291700364648,155.2945172199994,9.430208023050675,0,0,0,0,0,0,0,0
280,1352.201762406965,140.8972066883288,9.164921261158435,1.040228875349287,9.427364401702162,0,0,0,0,0,0,0,0
280.000000029004,1352.20176678928,140.8972060179159,9.164921261238597,1.040228698944021,9.427364401182549,0,0,0,0,0,0,0,0
280.000000029004,1352.20176678928,140.8972060179159,9.164921261238597,1.040228698944021,9.427364401182549,0,0,0,0,0,0,0,0
289.0000000581053,1156.744735446109,150.2924362121835,9.162509443110856,155.2945172188295,9.430367175935611,0,0,0,0,0,0,0,0
289.0000000581053,1156.744735446109,150.2924362121835,9.162509443110856,155.2945172188295,9.430367175935611,0,0,0,0,0,0,0,0
290,1355.628068888593,140.8972098927819,9.165130905781323,1.040228554883658,9.427517635910345,0,0,0,0,0,0,0,0
290.0000000300024,1355.628073421774,140.8972091992902,9.165130905864006,1.040228372405708,9.427517635372666,0,0,0,0,0,0,0,0
290.0000000300024,1355.628073421774,140.8972091992902,9.165130905864006,1.040228372405708,9.427517635372666,0,0,0,0,0,0,0,0
299.0000000601026,1160.172455080228,150.2924364835622,9.162658498859999,155.2945172193211,9.430476126939167,0,0,0,0,0,0,0,0
299.0000000601026,1160.172455080228,150.2924364835622,9.162658498859999,155.2945172193211,9.430476126939167,0,0,0,0,0,0,0,0
300,1359.055908708107,140.8972109672807,9.165274418326851,1.04024854527461,9.427622535449439,0,0,0,0,0,0,0,0
300.000000031003,1359.055913392478,140.8972102506601,9.165274418412123,1.040248356709764,9.427622534893702,0,0,0,0,0,0,0,0
300.000000031003,1359.055913392478,140.8972102506601,9.165274418412123,1.040248356709764,9.427622534893702,0,0,0,0,0,0,0,0
309.0000000621056,1163.601401128453,150.2923877031886,9.162760458593022,155.2945172289085,9.430550679882041,0,0,0,0,0,0,0,0
309.0000000621056,1163.601401128453,150.2923877031886,9.162760458593022,155.2945172289085,9.430550679882041,0,0,0,0,0,0,0,0
310,1362.484882360034,140.8971726757603,9.165372589599748,1.04027579708627,9.42769431803073,0,0,0,0,0,0,0,0
310.0000000320033,1362.484887195542,140.8971719360192,9.165372589687653,1.040275602439805,9.427694317456984,0,0,0,0,0,0,0,0
310.0000000320033,1362.484887195542,140.8971719360192,9.165372589687653,1.040275602439805,9.427694317456984,0,0,0,0,0,0,0,0
319.0000000641063,1167.030789995425,150.2923835130934,9.162830278281254,155.2945172285742,9.43060172901801,0,0,0,0,0,0,0,0
319.0000000641063,1167.030789995425,150.2923835130934,9.162830278281254,155.2945172285742,9.43060172901801,0,0,0,0,0,0,0,0
320,1365.914339105352,140.8971638558106,9.165439814687725,1.040152307799651,9.427743469797253,0,0,0,0,0,0,0,0
320.0000000330012,1365.914344091641,140.8971630930032,9.165439814778287,1.04015210709264,9.427743469205554,0,0,0,0,0,0,0,0
320.0000000330012,1365.914344091641,140.8971630930032,9.165439814778287,1.04015210709264,9.427743469205554,0,0,0,0,0,0,0,0
329.0000000661026,1170.460709285871,150.2923548271808,9.162877997401781,155.2945149981607,9.430636698058358,0,0,0,0,0,0,0,0
329.0000000661026,1170.460709285871,150.2923548271808,9.162877997401781,155.2945149981607,9.430636698058358,0,0,0,0,0,0,0,0
330,1369.344246875252,140.8971295648721,9.165485770232078,1.040170629240771,9.427777138158609,0,0,0,0,0,0,0,0
330.0000000340017,1369.344252012705,140.8971287789395,9.165485770325324,1.040170422441167,9.427777137548921,0,0,0,0,0,0,0,0
330.0000000340017,1369.344252012705,140.8971287789395,9.165485770325324,1.040170422441167,9.427777137548921,0,0,0,0,0,0,0,0
339.0000000681023,1173.890636926469,150.2923507904491,9.162910716971043,155.2945149997502,9.430660635383159,0,0,0,0,0,0,0,0
339.0000000681023,1173.890636926469,150.2923507904491,9.162910716971043,155.2945149997502,9.430660635383159,0,0,0,0,0,0,0,0
340,1372.774146876593,140.8971340505897,9.165517275647163,1.040323838277181,9.427800185322418,0,0,0,0,0,0,0,0
340.0000000350003,1372.774152164925,140.8971332415754,9.16551727574311,1.040323625403051,9.427800184694807,0,0,0,0,0,0,0,0
340.0000000350003,1372.774152164925,140.8971332415754,9.16551727574311,1.040323625403051,9.427800184694807,0,0,0,0,0,0,0,0
349.0000000701027,1177.320602179427,150.292350393083,9.162933128705843,155.2945150037003,9.43067702201723,0,0,0,0,0,0,0,0
349.0000000701027,1177.320602179427,150.292350393083,9.162933128705843,155.2945150037003,9.43067702201723,0,0,0,0,0,0,0,0
350,1376.204116962877,140.8971327178643,9.165538854603918,1.040297500424853,9.427815962587907,0,0,0,0,0,0,0,0
350.0000000360034,1376.204122402773,140.8971318856636,9.165538854702588,1.040297281450486,9.427815961942285,0,0,0,0,0,0,0,0
350.0000000360034,1376.204122402773,140.8971318856636,9.165538854702588,1.040297281450486,9.427815961942285,0,0,0,0,0,0,0,0
359.0000000721091,1180.75047504486,150.2923490692134,9.162948497673682,155.2945173037779,9.430688237502469,0,0,0,0,0,0,0,0
359.0000000721091,1180.75047504486,150.2923490692134,9.162948497673682,155.2945173037779,9.430688237502469,0,0,0,0,0,0,0,0
360,1379.633969118806,140.8971475757128,9.165553649972198,1.040393384672113,9.427826761198961,0,0,0,0,0,0,0,0
360.0000000370053,1379.633974710086,140.8971467203534,9.165553650073587,1.040393159610967,9.427826760535353,0,0,0,0,0,0,0,0
360.0000000370053,1379.633974710086,140.8971467203534,9.165553650073587,1.040393159610967,9.427826760535353,0,0,0,0,0,0,0,0
369.0000000741088,1184.180317125277,150.2923446638438,9.162959006138234,155.2945219573291,9.430695916725941,0,0,0,0,0,0,0,0
369.0000000741088,1184.180317125277,150.2923446638438,9.162959006138234,155.2945219573291,9.430695916725941,0,0,0,0,0,0,0,0
370,1383.063819043452,140.8971430997511,9.16556376749519,1.040293500226342,9.427834154974384,0,0,0,0,0,0,0,0
370.0000000380055,1383.063824785861,140.8971422212719,9.165563767599307,1.040293269071657,9.427834154292837,0,0,0,0,0,0,0,0
370.0000000380055,1383.063824785861,140.8971422212719,9.165563767599307,1.040293269071657,9.427834154292837,0,0,0,0,0,0,0,0
379.0000000761066,1187.610398502022,150.2922555913445,9.162965961272702,155.2945172726234,9.430701292186503,0,0,0,0,0,0,0,0
379.0000000761066,1187.610398502022,150.2922555913445,9.162965961272702,155.2945172726234,9.430701292186503,0,0,0,0,0,0,0,0
380,1386.493798163471,140.8970721362338,9.165570501241515,1.040324121084378,9.427839324608932,0,0,0,0,0,0,0,0
380.0000000390032,1386.493804056615,140.8970712346949,9.165570501348357,1.040323883864538,9.427839323909478,0,0,0,0,0,0,0,0
380.0000000390032,1386.493804056615,140.8970712346949,9.165570501348357,1.040323883864538,9.427839323909478,0,0,0,0,0,0,0,0
389.0000000781056,1191.039695028506,150.2923288501715,9.1629710849326,155.2945165998464,9.430704823602584,0,0,0,0,0,0,0,0
389.0000000781056,1191.039695028506,150.2923288501715,9.1629710849326,155.2945165998464,9.430704823602584,0,0,0,0,0,0,0,0
390,1389.923170060299,140.897114374107,9.165575406782475,1.040169000948586,9.427842728092548,0,0,0,0,0,0,0,0
390.0000000400024,1389.923176104424,140.8971134494706,9.165575406892042,1.040168757643262,9.427842727375173,0,0,0,0,0,0,0,0
390.0000000400024,1389.923176104424,140.8971134494706,9.165575406892042,1.040168757643262,9.427842727375173,0,0,0,0,0,0,0,0
399.000000080108,1194.46852093731,150.292450764772,9.162974730539442,155.2945172742059,9.430707219142343,0,0,0,0,0,0,0,0
399.000000080108,1194.46852093731,150.292450764772,9.162974730539442,155.2945172742059,9.430707219142343,0,0,0,0,0,0,0,0
400,1393.35207735992,140.8972224188623,9.165578882661354,1.040238835116707,9.427845037989815,0,0,0,0,0,0,0,0
400.0000000410018,1393.352083555056,140.8972214711237,9.165578882773657,1.040238585738622,9.427845037254512,0,0,0,0,0,0,0,0
400.0000000410018,1393.352083555056,140.8972214711237,9.165578882773657,1.040238585738622,9.427845037254512,0,0,0,0,0,0,0,0
409.0000000821041,1197.897690489917,150.2924569535851,9.162977061358184,155.2945173076451,9.430708872026319,0,0,0,0,0,0,0,0
409.0000000821041,1197.897690489917,150.2924569535851,9.162977061358184,155.2945173076451,9.430708872026319,0,0,0,0,0,0,0,0
410,1396.781208052643,140.8972291203119,9.165581120168374,1.0403463434714,9.427846631261323,0,0,0,0,0,0,0,0
410.0000000420025,1396.781214398966,140.8972281494442,9.165581120283413,1.040346088005852,9.427846630508066,0,0,0,0,0,0,0,0
410.0000000420025,1396.781214398966,140.8972281494442,9.165581120283413,1.040346088005852,9.427846630508066,0,0,0,0,0,0,0,0
419.0000000841045,1201.326936619315,150.2923890222037,9.162978488285519,155.2945172185434,9.43071004528951,0,0,0,0,0,0,0,0
419.0000000841045,1201.326936619315,150.2923890222037,9.162978488285519,155.2945172185434,9.43071004528951,0,0,0,0,0,0,0,0
420,1400.210414044248,140.8971687742589,9.165582510728919,1.040179969469727,9.427847760216009,0,0,0,0,0,0,0,0
420.0000000430002,1400.21042054132,140.8971677803291,9.165582510846688,1.040179707928726,9.427847759444861,0,0,0,0,0,0,0,0
420.0000000430002,1400.21042054132,140.8971677803291,9.165582510846688,1.040179707928726,9.427847759444861,0,0,0,0,0,0,0,0
429.0000000861074,1204.755730506289,150.2923836374664,9.162979541349909,155.2945172245911,9.430710844462807,0,0,0,0,0,0,0,0
429.0000000861074,1204.755730506289,150.2923836374664,9.162979541349909,155.2945172245911,9.430710844462807,0,0,0,0,0,0,0,0
430,1403.639165935573,140.897168324574,9.165583528388675,1.040228476672622,9.427848529423372,0,0,0,0,0,0,0,0
430.0000000440023,1403.63917258405,140.8971673074826,9.165583528509186,1.040228209046921,9.42784852863425,0,0,0,0,0,0,0,0
430.0000000440023,1403.63917258405,140.8971673074826,9.165583528509186,1.040228209046921,9.42784852863425,0,0,0,0,0,0,0,0
439.0000000881099,1208.184281197483,150.2923864215435,9.162980286360135,155.2945172335187,9.430711388458919,0,0,0,0,0,0,0,0
439.0000000881099,1208.184281197483,150.2923864215435,9.162980286360135,155.2945172335187,9.430711388458919,0,0,0,0,0,0,0,0
440,1407.067697463106,140.897170564409,9.165584245614712,1.04022894115244,9.427849053202037,0,0,0,0,0,0,0,0
440.0000000450008,1407.067704262451,140.8971695242375,9.165584245737957,1.04022866745367,9.427849052395009,0,0,0,0,0,0,0,0
440.0000000450008,1407.067704262451,140.8971695242375,9.165584245737957,1.04022866745367,9.427849052395009,0,0,0,0,0,0,0,0
449.0000000901091,1211.612436049128,150.2924325702508,9.162980868379446,155.2945172172006,9.430711795694512,0,0,0,0,0,0,0,0
449.0000000901091,1211.612436049128,150.2924325702508,9.162980868379446,155.2945172172006,9.430711795694512,0,0,0,0,0,0,0,0
450,1410.495885185299,140.8972052196719,9.165584803758673,1.040179947337899,9.427849443377918,0,0,0,0,0,0,0,0
450.0000000460016,1410.495892135865,140.8972041563663,9.165584803884657,1.040179667582461,9.427849442552946,0,0,0,0,0,0,0,0
450.0000000460016,1410.495892135865,140.8972041563663,9.165584803884657,1.040179667582461,9.427849442552946,0,0,0,0,0,0,0,0
459.0000000921029,1215.040545956208,150.2924382284987,9.162981252915865,155.2945172000958,9.43071206512292,0,0,0,0,0,0,0,0
459.0000000921029,1215.040545956208,150.2924382284987,9.162981252915865,155.2945172000958,9.43071206512292,0,0,0,0,0,0,0,0
460,1413.923979269022,140.8972094099979,9.165585172520993,1.040155234560407,9.42784970192707,0,0,0,0,0,0,0,0
460.0000000470043,1413.923986371087,140.8972083235169,9.165585172649724,1.040154948654394,9.427849701084108,0,0,0,0,0,0,0,0
460.0000000470043,1413.923986371087,140.8972083235169,9.165585172649724,1.040154948654394,9.427849701084108,0,0,0,0,0,0,0,0
469.0000000941135,1218.468364036387,150.2924631882545,9.162981589908904,155.2945172253704,9.430712174245896,0,0,0,0,0,0,0,0
469.0000000941135,1218.468364036387,150.2924631882545,9.162981589908904,155.2945172253704,9.430712174245896,0,0,0,0,0,0,0,0
470,1417.351796076934,140.8972293369295,9.165585479361237,1.040173056514858,9.427849810358468,0,0,0,0,0,0,0,0
470.0000000480048,1417.351803330177,140.8972282273198,9.165585479492707,1.040172764500243,9.427849809497573,0,0,0,0,0,0,0,0
470.0000000480048,1417.351803330177,140.8972282273198,9.165585479492707,1.040172764500243,9.427849809497573,0,0,0,0,0,0,0,0
479.0000000961051,1221.895793685843,150.2925210083654,9.162981871443584,155.294517295591,9.430712261121281,0,0,0,0,0,0,0,0
479.0000000961051,1221.895793685843,150.2925210083654,9.162981871443584,155.294517295591,9.430712261121281,0,0,0,0,0,0,0,0
480,1420.779254555402,140.8972820811103,9.165585735432719,1.040198737701855,9.427849895674655,0,0,0,0,0,0,0,0
480.0000000490044,1420.779261959674,140.8972809483951,9.165585735566927,1.040198439665024,9.42784989479582,0,0,0,0,0,0,0,0
480.0000000490044,1420.779261959674,140.8972809483951,9.165585735566927,1.040198439665024,9.42784989479582,0,0,0,0,0,0,0,0
489.0000000981079,1225.323497540818,150.2924618637385,9.162981855607303,155.2945172073503,9.430712383517424,0,0,0,0,0,0,0,0
489.0000000981079,1225.323497540818,150.2924618637385,9.162981855607303,155.2945172073503,9.430712383517424,0,0,0,0,0,0,0,0
490,1424.206858338154,140.8972447507079,9.165585737380523,1.040327850632303,9.427850011579881,0,0,0,0,0,0,0,0
490.0000000500073,1424.206865893956,140.8972435948117,9.165585737517478,1.04032754648411,9.42785001068307,0,0,0,0,0,0,0,0
490.0000000500073,1424.206865893956,140.8972435948117,9.165585737517478,1.04032754648411,9.42785001068307,0,0,0,0,0,0,0,0
499.0000001001122,1228.750784144682,150.2924563109369,9.162981916456799,155.294517216931,9.430712456955316,0,0,0,0,0,0,0,0
499.0000001001122,1228.750784144682,150.2924563109369,9.162981916456799,155.294517216931,9.430712456955316,0,0,0,0,0,0,0,0
500,1427.634117878756,140.897240174105,9.165585799672124,1.04032691512732,9.427850081456601,0,0,0,0,0,0,0,0
500.0000000510024,1427.634125584911,140.8972389952075,9.165585799811804,1.040326604926813,9.427850080541941,0,0,0,0,0,0,0,0
500.0000000510024,1427.634125584911,140.8972389952075,9.165585799811804,1.040326604926813,9.427850080541941,0,0,0,0,0,0,0,0
509.0000001021064,1232.177835101412,150.2924549275468,9.162981970496888,155.2945172254048,9.430712503215133,0,0,0,0,0,0,0,0
509.0000001021064,1232.177835101412,150.2924549275468,9.162981970496888,155.2945172254048,9.430712503215133,0,0,0,0,0,0,0,0
510,1431.061145461604,140.8972388948866,9.165585852561716,1.040326099113871,9.427850125644884,0,0,0,0,0,0,0,0
510.0000000520029,1431.061153318927,140.897237692863,9.165585852704135,1.040325782828143,9.427850124712281,0,0,0,0,0,0,0,0
510.0000000520029,1431.061153318927,140.897237692863,9.165585852704135,1.040325782828143,9.427850124712281,0,0,0,0,0,0,0,0
519.0000001041064,1235.604665049831,150.2924540291886,9.162982008344574,155.2945172327067,9.430712533495434,0,0,0,0,0,0,0,0
519.0000001041064,1235.604665049831,150.2924540291886,9.162982008344574,155.2945172327067,9.430712533495434,0,0,0,0,0,0,0,0
520,1434.487952456164,140.8972380374574,9.165585889328623,1.040325380707834,9.427850154654694,0,0,0,0,0,0,0,0
520.0000000530026,1434.487960464535,140.8972368123262,9.165585889473778,1.040325058341675,9.42785015370416,0,0,0,0,0,0,0,0
520.0000000530026,1434.487960464535,140.8972368123262,9.165585889473778,1.040325058341675,9.42785015370416,0,0,0,0,0,0,0,0
529.0000001061043,1239.031714255011,150.2923597558085,9.162981835977472,155.2945172092727,9.430712551568908,0,0,0,0,0,0,0,0
529.0000001061043,1239.031714255011,150.2923597558085,9.162981835977472,155.2945172092727,9.430712551568908,0,0,0,0,0,0,0,0
530,1437.914887672327,140.8971528095468,9.165585741383898,1.040324742268518,9.427850172350952,0,0,0,0,0,0,0,0
530.0000000540014,1437.914895831596,140.897151561331,9.165585741531791,1.040324413827762,9.427850171382509,0,0,0,0,0,0,0,0
530.0000000540014,1437.914895831596,140.897151561331,9.165585741531791,1.040324413827762,9.427850171382509,0,0,0,0,0,0,0,0
539.0000001081049,1242.45813883785,150.2923506222235,9.162981805006476,155.2945172006873,9.430712565590731,0,0,0,0,0,0,0,0
539.0000001081049,1242.45813883785,150.2923506222235,9.162981805006476,155.2945172006873,9.430712565590731,0,0,0,0,0,0,0,0
540,1441.34128198562,140.8971456415665,9.165585716241006,1.040324170108282,9.427850186011419,0,0,0,0,0,0,0,0
540.0000000550029,1441.34129029622,140.8971443701998,9.165585716391643,1.04032383557561,9.427850185025015,0,0,0,0,0,0,0,0
540.0000000550029,1441.34129029622,140.8971443701998,9.165585716391643,1.04032383557561,9.427850185025015,0,0,0,0,0,0,0,0
549.0000001101063,1245.884310091157,150.2923498700205,9.162981806197866,155.2945171997069,9.430712576081435,0,0,0,0,0,0,0,0
549.0000001101063,1245.884310091157,150.2923498700205,9.162981806197866,155.2945171997069,9.430712576081435,0,0,0,0,0,0,0,0
550,1444.76743045761,140.8971450776736,9.165585718610991,1.040323653215253,9.427850196214761,0,0,0,0,0,0,0,0
550.0000000560069,1444.767438919902,140.8971437831006,9.165585718764378,1.040323312576117,9.42785019521035,0,0,0,0,0,0,0,0
550.0000000560069,1444.767438919902,140.8971437831006,9.165585718764378,1.040323312576117,9.42785019521035,0,0,0,0,0,0,0,0
559.0000001121168,1249.31025932914,150.292349802981,9.162981813040519,155.2945171995879,9.430712583826939,0,0,0,0,0,0,0,0
559.0000001121168,1249.31025932914,150.292349802981,9.162981813040519,155.2945171995879,9.430712583826939,0,0,0,0,0,0,0,0
560,1448.193357521428,140.8971450581777,9.16558572554376,1.040323182859568,9.427850203751072,0,0,0,0,0,0,0,0
560.0000000570074,1448.19336613488,140.89714374048,9.165585725699884,1.040322836135378,9.427850202728719,0,0,0,0,0,0,0,0
560.0000000570074,1448.19336613488,140.89714374048,9.165585725699884,1.040322836135378,9.427850202728719,0,0,0,0,0,0,0,0
569.0000001141149,1252.735989142045,150.2923497944067,9.162981819565875,155.2945171994726,9.430712589556528,0,0,0,0,0,0,0,0
569.0000001141149,1252.735989142045,150.2923497944067,9.162981819565875,155.2945171994726,9.430712589556528,0,0,0,0,0,0,0,0
570,1451.619065205945,140.8971450848743,9.165585731943194,1.040322751858965,9.427850209336222,0,0,0,0,0,0,0,0
570.0000000580023,1451.619073969732,140.8971437441778,9.165585732102043,1.040322399082893,9.427850208296022,0,0,0,0,0,0,0,0
570.0000000580023,1451.619073969732,140.8971437441778,9.165585732102043,1.040322399082893,9.427850208296022,0,0,0,0,0,0,0,0
579.0000001161128,1256.161499744919,150.2923497914077,9.162981824776896,155.2945171993602,9.430712593847415,0,0,0,0,0,0,0,0
579.0000001161128,1256.161499744919,150.2923497914077,9.162981824776896,155.2945171993602,9.430712593847415,0,0,0,0,0,0,0,0
580,1455.044553677789,140.8971451167646,9.165585737016134,1.040322354609191,9.42785021353192,0,0,0,0,0,0,0,0
580.0000000590046,1455.04456259301,140.8971437529013,9.165585737177727,1.040321995736967,9.427850212473759,0,0,0,0,0,0,0,0
580.0000000590046,1455.04456259301,140.8971437529013,9.165585737177727,1.040321995736967,9.427850212473759,0,0,0,0,0,0,0,0
589.0000001181091,1259.586791156396,150.2923497895009,9.162981828789524,155.2945171992525,9.430712597127416,0,0,0,0,0,0,0,0
589.0000001181091,1259.586791156396,150.2923497895009,9.162981828789524,155.2945171992525,9.430712597127416,0,0,0,0,0,0,0,0
590,1458.469822952805,140.8971451502618,9.165585740918029,1.04032198647203,9.427850216752448,0,0,0,0,0,0,0,0
590.0000000600035,1458.469832018945,140.8971437633105,9.16558574108236,1.040321621524382,9.427850215676365,0,0,0,0,0,0,0,0
590.0000000600035,1458.469832018945,140.8971437633105,9.16558574108236,1.040321621524382,9.427850215676365,0,0,0,0,0,0,0,0
599.0000001201083,1263.011863381189,150.2923497882789,9.162981831896097,155.2945171991482,9.430712599704984,0,0,0,0,0,0,0,0
599.0000001201083,1263.011863381189,150.2923497882789,9.162981831896097,155.2945171991482,9.430712599704984,0,0,0,0,0,0,0,0
600,1461.894873036065,140.8971451850281,9.165585743942428,1.040321643656099,9.427850219295914,0,0,0,0,0,0,0,0
600.0000000610128,1461.894882254704,140.8971437747471,9.165585744109526,1.040321272569401,9.427850218201733,0,0,0,0,0,0,0,0
600.0000000610128,1461.894882254704,140.8971437747471,9.165585744109526,1.040321272569401,9.427850218201733,0,0,0,0,0,0,0,0
609.0000001221177,1266.436716426086,150.2923497875691,9.162981834355888,155.2945171990481,9.430712601796037,0,0,0,0,0,0,0,0
609.0000001221177,1266.436716426086,150.2923497875691,9.162981834355888,155.2945171990481,9.430712601796037,0,0,0,0,0,0,0,0
610,1465.319703933946,140.8971452210411,9.165585746342311,1.040321323053813,9.427850221370777,0,0,0,0,0,0,0,0
610.0000000620103,1465.319713303297,140.8971437877036,9.165585746512138,1.040320945899964,9.427850220258708,0,0,0,0,0,0,0,0
610.0000000620103,1465.319713303297,140.8971437877036,9.165585746512138,1.040320945899964,9.427850220258708,0,0,0,0,0,0,0,0
619.000000124122,1269.861350299019,150.2923497874207,9.162981836365567,155.2945171989515,9.430712603555522,0,0,0,0,0,0,0,0
619.000000124122,1269.861350299019,150.2923497874207,9.162981836365567,155.2945171989515,9.430712603555522,0,0,0,0,0,0,0,0
620,1468.744315657642,140.8971452579043,9.165585748308503,1.040321021928556,9.427850223126446,0,0,0,0,0,0,0,0
620.0000000630064,1468.744325177501,140.8971438015418,9.16558574848106,1.040320638715842,9.427850221996504,0,0,0,0,0,0,0,0
620.0000000630064,1468.744325177501,140.8971438015418,9.16558574848106,1.040320638715842,9.427850221996504,0,0,0,0,0,0,0,0
629.0000001261153,1273.285765010759,150.2923497876663,9.162981838065809,155.2945171988578,9.430712605088011,0,0,0,0,0,0,0,0
629.0000001261153,1273.285765010759,150.2923497876663,9.162981838065809,155.2945171988578,9.430712605088011,0,0,0,0,0,0,0,0
630,1472.168708219185,140.8971452953123,9.165585749976673,1.040320738034205,9.427850224663324,0,0,0,0,0,0,0,0
630.0000000640073,1472.168717890271,140.8971438158146,9.165585750151969,1.040320348733577,9.427850223515437,0,0,0,0,0,0,0,0
630.0000000640073,1472.168717890271,140.8971438158146,9.165585750151969,1.040320348733577,9.427850223515437,0,0,0,0,0,0,0,0
639.000000128116,1276.709960573088,150.29234978821,9.162981839552719,155.2945171987678,9.430712606462588,0,0,0,0,0,0,0,0
639.000000128116,1276.709960573088,150.29234978821,9.162981839552719,155.2945171987678,9.430712606462588,0,0,0,0,0,0,0,0
640,1475.592881628599,140.8971453334818,9.165585751439195,1.040320469586558,9.427850226048129,0,0,0,0,0,0,0,0
640.0000000650057,1475.592891450535,140.8971438309065,9.165585751617227,1.040320074213218,9.427850224882338,0,0,0,0,0,0,0,0
640.0000000650057,1475.592891450535,140.8971438309065,9.165585751617227,1.040320074213218,9.427850224882338,0,0,0,0,0,0,0,0
649.0000001301098,1280.133960990183,150.2923462511286,9.162981825712517,155.2945158584797,9.430712611406827,0,0,0,0,0,0,0,0
649.0000001301098,1280.133960990183,150.2923462511286,9.162981825712517,155.2945158584797,9.430712611406827,0,0,0,0,0,0,0,0
650,1479.016855306403,140.8971408682475,9.165585739995112,1.040320211145371,9.427850230691238,0,0,0,0,0,0,0,0
650.0000000660033,1479.016865279069,140.8971393426132,9.165585740175874,1.040319809704153,9.42785022950755,0,0,0,0,0,0,0,0
650.0000000660033,1479.016865279069,140.8971393426132,9.165585740175874,1.040319809704153,9.42785022950755,0,0,0,0,0,0,0,0
653.4702199822228,1346.164675198662,135.559306283496,9.166005343169193,155.294477397206,9.395389626257289,0,0,0,0,0,0,0,0
653.4702199822228,1346.164675198662,135.559306283496,9.166005343169193,155.294477397206,9.395389626257289,0,0,0,0,0,0,0,0
659.0000001321068,1283.559051160848,150.2924293246051,9.163918448493199,155.2945172581807,9.430712359073247,0,0,0,0,0,0,0,0
659.0000001321068,1283.559051160848,150.2924293246051,9.163918448493199,155.2945172581807,9.430712359073247,0,0,0,0,0,0,0,0
660,1482.443106829563,140.8972050786378,9.166876130828445,1.040319993577201,9.427850003234573,0,0,0,0,0,0,0,0
660.0000000670057,1482.443116953771,140.8972035298329,9.166876131036956,1.04031958603908,9.427850002032924,0,0,0,0,0,0,0,0
660.0000000670057,1482.443116953771,140.8972035298329,9.166876131036956,1.04031958603908,9.427850002032924,0,0,0,0,0,0,0,0
669.0000001341099,1287.013692538339,150.2923525001318,9.168492493914625,155.2945158621379,9.430712530473897,0,0,0,0,0,0,0,0
669.0000001341099,1287.013692538339,150.2923525001318,9.168492493914625,155.2945158621379,9.430712530473897,0,0,0,0,0,0,0,0
670,1485.90231655992,140.897145804051,9.171612818635834,1.040319749231526,9.427850159272877,0,0,0,0,0,0,0,0
670.0000000680038,1485.902326835264,140.8971442321748,9.171612818857245,1.040319335622042,9.427850158053323,0,0,0,0,0,0,0,0
670.0000000680038,1485.902326835264,140.8971442321748,9.171612818857245,1.040319335622042,9.427850158053323,0,0,0,0,0,0,0,0
679.0000001361038,1290.517778390055,150.2923462662518,9.173567027322818,155.2945158640447,9.430712596060051,0,0,0,0,0,0,0,0
679.0000001361038,1290.517778390055,150.2923462662518,9.173567027322818,155.2945158640447,9.430712596060051,0,0,0,0,0,0,0,0
680,1489.411432570817,140.8971409838458,9.176653704231523,1.040319522168185,9.427850218694765,0,0,0,0,0,0,0,0
680.0000000690135,1489.411442999065,140.897139388632,9.176653704453633,1.040319102417496,9.427850217457099,0,0,0,0,0,0,0,0
680.0000000690135,1489.411442999065,140.897139388632,9.176653704453633,1.040319102417496,9.427850217457099,0,0,0,0,0,0,0,0
689.0000001381196,1294.069916505468,150.2923457601393,9.178091877788111,155.2945158658239,9.430712619492198,0,0,0,0,0,0,0,0
689.0000001381196,1294.069916505468,150.2923457601393,9.178091877788111,155.2945158658239,9.430712619492198,0,0,0,0,0,0,0,0
690,1492.968038015789,140.8971406253653,9.181110301296799,1.040319306342098,9.427850239732669,0,0,0,0,0,0,0,0
690.000000070009,1492.96804859478,140.8971390071399,9.181110301517309,1.040318880535938,9.427850238477152,0,0,0,0,0,0,0,0
690.000000070009,1492.96804859478,140.8971390071399,9.181110301517309,1.040318880535938,9.427850238477152,0,0,0,0,0,0,0,0
699.0000001401189,1297.663639607163,150.2923457241573,9.181934026267989,155.2945158675075,9.430712626743707,0,0,0,0,0,0,0,0
699.0000001401189,1297.663639607163,150.2923457241573,9.181934026267989,155.2945158675075,9.430712626743707,0,0,0,0,0,0,0,0
700,1496.565547111789,140.8971406330974,9.184886881842447,1.040319099755754,9.427850246113083,0,0,0,0,0,0,0,0
700.0000000710111,1496.565557842463,140.8971389917102,9.184886882061488,1.040318667854705,9.427850244839595,0,0,0,0,0,0,0,0
700.0000000710111,1496.565557842463,140.8971389917102,9.184886882061488,1.040318667854705,9.427850244839595,0,0,0,0,0,0,0,0
709.0000001421131,1301.292405729798,150.292345726634,9.185163046727943,155.2945158691127,9.430712628218604,0,0,0,0,0,0,0,0
709.0000001421131,1301.292405729798,150.292345726634,9.185163046727943,155.2945158691127,9.430712628218604,0,0,0,0,0,0,0,0
710,1500.197490785484,140.8971406710833,9.188060114284733,1.040318901325217,9.427850247316982,0,0,0,0,0,0,0,0
710.0000000720026,1500.197501666224,140.8971390067764,9.188060114502852,1.040318463392887,9.427850246025717,0,0,0,0,0,0,0,0
710.0000000720026,1500.197501666224,140.8971390067764,9.188060114502852,1.040318463392887,9.427850246025717,0,0,0,0,0,0,0,0
719.0000001441078,1304.950582501844,150.2923457322869,9.187879290900304,155.2945158706424,9.430712627957602,0,0,0,0,0,0,0,0
719.0000001441078,1304.950582501844,150.2923457322869,9.187879290900304,155.2945158706424,9.430712627957602,0,0,0,0,0,0,0,0
720,1503.858337065823,140.8971407119732,9.190730391053348,1.040318710262865,9.427850247010927,0,0,0,0,0,0,0,0
720.0000000730067,1503.858348098489,140.8971390244574,9.19073039127119,1.040318266223187,9.427850245701654,0,0,0,0,0,0,0,0
720.0000000730067,1503.858348098489,140.8971390244574,9.19073039127119,1.040318266223187,9.427850245701654,0,0,0,0,0,0,0,0
729.0000001461106,1308.633513637813,150.2923457381391,9.190175106160318,155.2945158721099,9.430712627434893,0,0,0,0,0,0,0,0
729.0000001461106,1308.633513637813,150.2923457381391,9.190175106160318,155.2945158721099,9.430712627434893,0,0,0,0,0,0,0,0
730,1507.543521355288,140.8971407535187,9.192988680605467,1.040318525943642,9.427850246520407,0,0,0,0,0,0,0,0
730.0000000740022,1507.54353253855,140.8971390429937,9.192988680823529,1.04031807584916,9.427850245193273,0,0,0,0,0,0,0,0
730.0000000740022,1507.54353253855,140.8971390429937,9.192988680823529,1.04031807584916,9.427850245193273,0,0,0,0,0,0,0,0
739.0000001481073,1312.337394209566,150.2923457440717,9.192128191623409,155.2945158735173,9.430712627123462,0,0,0,0,0,0,0,0
739.0000001481073,1312.337394209566,150.2923457440717,9.192128191623409,155.2945158735173,9.430712627123462,0,0,0,0,0,0,0,0
740,1511.249315715686,140.897140795265,9.194911213212414,1.040318347740375,9.427850246261594,0,0,0,0,0,0,0,0
740.0000000750006,1511.249327049968,140.8971390616625,9.194911213431148,1.040317891573104,9.427850244916561,0,0,0,0,0,0,0,0
740.0000000750006,1511.249327049968,140.8971390616625,9.194911213431148,1.040317891573104,9.427850244916561,0,0,0,0,0,0,0,0
749.0000001501069,1316.059125373065,150.2923457499505,9.193802334086991,155.2945158748715,9.430712627118361,0,0,0,0,0,0,0,0
749.0000001501069,1316.059125373065,150.2923457499505,9.193802334086991,155.2945158748715,9.430712627118361,0,0,0,0,0,0,0,0
750,1514.972684466053,140.8971408373485,9.196560496156234,1.040318175270879,9.42785024630949,0,0,0,0,0,0,0,0
750.000000076005,1514.972695952251,140.8971390805292,9.196560496376028,1.040317712994165,9.427850244946436,0,0,0,0,0,0,0,0
750.000000076005,1514.972695952251,140.8971390805292,9.196560496376028,1.040317712994165,9.427850244946436,0,0,0,0,0,0,0,0
759.000000152112,1319.796185494615,150.2923457558026,9.195249519678507,155.2945158761781,9.43071262739012,0,0,0,0,0,0,0,0
759.000000152112,1319.796185494615,150.2923457558026,9.195249519678507,155.2945158761781,9.43071262739012,0,0,0,0,0,0,0,0
760,1518.711157442536,140.8971408797951,9.197987454658744,1.04031800815043,9.427850246628941,0,0,0,0,0,0,0,0
760.0000000770133,1518.711169081218,140.8971390996697,9.197987454879909,1.040317539740758,9.427850245247807,0,0,0,0,0,0,0,0
760.0000000770133,1518.711169081218,140.8971390996697,9.197987454879909,1.040317539740758,9.427850245247807,0,0,0,0,0,0,0,0
769.0000001541194,1323.546522764413,150.2923457616552,9.196512023426632,155.2945158774356,9.430712627879805,0,0,0,0,0,0,0,0
769.0000001541194,1323.546522764413,150.2923457616552,9.196512023426632,155.2945158774356,9.430712627879805,0,0,0,0,0,0,0,0
770,1522.46272468861,140.8971409225661,9.199233496480185,1.040317846017411,9.42785024716032,0,0,0,0,0,0,0,0
770.0000000780045,1522.462736477189,140.8971391195288,9.199233496702929,1.040317371578494,9.427850245761407,0,0,0,0,0,0,0,0
770.0000000780045,1522.462736477189,140.8971391195288,9.199233496702929,1.040317371578494,9.427850245761407,0,0,0,0,0,0,0,0
779.0000001561082,1327.308467280464,150.2923457675655,9.197624199566398,155.294515878647,9.430712628533803,0,0,0,0,0,0,0,0
779.0000001561082,1327.308467280464,150.2923457675655,9.197624199566398,155.294515878647,9.430712628533803,0,0,0,0,0,0,0,0
780,1526.225750316637,140.8971409651343,9.20033226989171,1.040317688418417,9.427850247850689,0,0,0,0,0,0,0,0
780.0000000790114,1526.225762257474,140.8971391388223,9.200332270116279,1.040317207854826,9.427850246433714,0,0,0,0,0,0,0,0
780.0000000790114,1526.225762257474,140.8971391388223,9.200332270116279,1.040317207854826,9.427850246433714,0,0,0,0,0,0,0,0
789.0000001581122,1331.080650371771,150.292346870425,9.198613962259872,155.294520179322,9.430712628961047,0,0,0,0,0,0,0,0
789.0000001581122,1331.080650371771,150.292346870425,9.198613962259872,155.294520179322,9.430712628961047,0,0,0,0,0,0,0,0
790,1529.998895436798,140.8971425689557,9.201311114724342,1.040317547381359,9.42785024833902,0,0,0,0,0,0,0,0
790.000000080001,1529.998907527258,140.8971407197712,9.201311114950864,1.040317060798877,9.427850246904312,0,0,0,0,0,0,0,0
790.000000080001,1529.998907527258,140.8971407197712,9.201311114950864,1.040317060798877,9.427850246904312,0,0,0,0,0,0,0,0
799.0000001601038,1334.861981975163,150.2923470604809,9.19950398018756,155.2945201767661,9.430712629670756,0,0,0,0,0,0,0,0
799.0000001601038,1334.861981975163,150.2923470604809,9.19950398018756,155.2945201767661,9.430712629670756,0,0,0,0,0,0,0,0
800,1533.781088290164,140.8971427553394,9.202192234034952,1.040317398311123,9.427850249090231,0,0,0,0,0,0,0,0
800.0000000810016,1533.781100531923,140.8971408830248,9.202192234263592,1.040316905641985,9.427850247637581,0,0,0,0,0,0,0,0
800.0000000810016,1533.781100531923,140.8971408830248,9.202192234263592,1.040316905641985,9.427850247637581,0,0,0,0,0,0,0,0
809.0000001621162,1338.651551733285,150.2923470810188,9.200312674383802,155.2945201742957,9.430712630519091,0,0,0,0,0,0,0,0
809.0000001621162,1338.651551733285,150.2923470810188,9.200312674383802,155.2945201742957,9.430712630519091,0,0,0,0,0,0,0,0
810,1537.571438591052,140.8971428103806,9.202993669696413,1.040317253267308,9.427850249971343,0,0,0,0,0,0,0,0
810.0000000820044,1537.571450984415,140.8971409148886,9.202993669927293,1.040316754499063,9.427850248500704,0,0,0,0,0,0,0,0
810.0000000820044,1537.571450984415,140.8971409148886,9.202993669927293,1.040316754499063,9.427850248500704,0,0,0,0,0,0,0,0
819.0000001641054,1342.448622685813,150.292347087691,9.201055007157608,155.294520171909,9.430712631442153,0,0,0,0,0,0,0,0
819.0000001641054,1342.448622685813,150.292347087691,9.201055007157608,155.294520171909,9.430712631442153,0,0,0,0,0,0,0,0
820,1541.36925044712,140.897137372031,9.203730076128078,1.040189183961331,9.427850250917574,0,0,0,0,0,0,0,0
820.0000000830059,1541.36926299191,140.8971354533891,9.203730076361289,1.040188679094435,9.427850249428968,0,0,0,0,0,0,0,0
820.0000000830059,1541.36926299191,140.8971354533891,9.203730076361289,1.040188679094435,9.427850249428968,0,0,0,0,0,0,0,0
829.0000001661143,1346.252593581464,150.292347093486,9.201743131696889,155.2945201688802,9.430712632402592,0,0,0,0,0,0,0,0
829.0000001661143,1346.252593581464,150.292347093486,9.201743131696889,155.2945201688802,9.430712632402592,0,0,0,0,0,0,0,0
830,1545.173881569615,140.8971373736714,9.2044133563518,1.04019762163944,9.427850251894363,0,0,0,0,0,0,0,0
830.0000000840101,1545.173894266226,140.8971354318183,9.204413356587432,1.040197110648057,9.427850250387756,0,0,0,0,0,0,0,0
830.0000000840101,1545.173894266226,140.8971354318183,9.204413356587432,1.040197110648057,9.427850250387756,0,0,0,0,0,0,0,0
839.0000001681162,1350.062972964733,150.2923470995449,9.202386919234391,155.2945201667533,9.430712633384911,0,0,0,0,0,0,0,0
839.0000001681162,1350.062972964733,150.2923470995449,9.202386919234391,155.2945201667533,9.430712633384911,0,0,0,0,0,0,0,0
840,1548.98487807244,140.8971374239692,9.205053178422233,1.040197566226626,9.427850252902147,0,0,0,0,0,0,0,0
840.0000000850004,1548.984890918756,140.8971354592279,9.205053178660307,1.040197049210857,9.427850251377773,0,0,0,0,0,0,0,0
840.0000000850004,1548.984890918756,140.8971354592279,9.205053178660307,1.040197049210857,9.427850251377773,0,0,0,0,0,0,0,0
849.0000001701071,1353.879358553,150.2923471050777,9.202994387184134,155.2945201645879,9.430712634387634,0,0,0,0,0,0,0,0
849.0000001701071,1353.879358553,150.2923471050777,9.202994387184134,155.2945201645879,9.430712634387634,0,0,0,0,0,0,0,0
850,1552.801844782125,140.8971374734978,9.205657394691928,1.040197510602325,9.42785025392917,0,0,0,0,0,0,0,0
850.0000000860109,1552.80185778122,140.8971354853978,9.205657394932555,1.040196987438373,9.42785025238668,0,0,0,0,0,0,0,0
850.0000000860109,1552.80185778122,140.8971354853978,9.205657394932555,1.040196987438373,9.42785025238668,0,0,0,0,0,0,0,0
859.0000001721229,1357.701420460817,150.2923471104304,9.2035720469563,155.2945201624929,9.430712635397695,0,0,0,0,0,0,0,0
859.0000001721229,1357.701420460817,150.2923471104304,9.2035720469563,155.2945201624929,9.430712635397695,0,0,0,0,0,0,0,0
860,1556.624458253505,140.8971375235637,9.206232382472603,1.040197455052068,9.42785025496323,0,0,0,0,0,0,0,0
860.000000087005,1556.624471402885,140.8971355124861,9.206232382715783,1.040196925840186,9.42785025340291,0,0,0,0,0,0,0,0
860.000000087005,1556.624471402885,140.8971355124861,9.206232382715783,1.040196925840186,9.42785025340291,0,0,0,0,0,0,0,0
869.0000001741156,1361.52888760695,150.2923471159327,9.204125186535162,155.2945201604577,9.430712636417059,0,0,0,0,0,0,0,0
869.0000001741156,1361.52888760695,150.2923471159327,9.204125186535162,155.2945201604577,9.430712636417059,0,0,0,0,0,0,0,0
870,1560.452452648202,140.8971375732666,9.20678332081423,1.040197399306903,9.427850256006186,0,0,0,0,0,0,0,0
870.0000000880026,1560.4524659484,140.89713553913,9.206783321060005,1.040196864025639,9.427850254427975,0,0,0,0,0,0,0,0
870.0000000880026,1560.4524659484,140.89713553913,9.206783321060005,1.040196864025639,9.427850254427975,0,0,0,0,0,0,0,0
879.0000001761123,1365.361536667332,150.2923471213552,9.204658100054809,155.2945201584889,9.43071263744036,0,0,0,0,0,0,0,0
879.0000001761123,1365.361536667332,150.2923471213552,9.204658100054809,155.2945201584889,9.43071263744036,0,0,0,0,0,0,0,0
880,1564.285608871872,140.8971380411633,9.207314415338098,1.040194317705321,9.427850257077699,0,0,0,0,0,0,0,0
880.0000000890132,1564.285622324843,140.8971359836686,9.207314415586536,1.04019377628994,9.427850255481369,0,0,0,0,0,0,0,0
880.0000000890132,1564.285622324843,140.8971359836686,9.207314415586536,1.04019377628994,9.427850255481369,0,0,0,0,0,0,0,0
889.0000001781226,1369.199183101423,150.2923471250509,9.205174274316846,155.2945201565247,9.430712638473914,0,0,0,0,0,0,0,0
889.0000001781226,1369.199183101423,150.2923471250509,9.205174274316846,155.2945201565247,9.430712638473914,0,0,0,0,0,0,0,0
890,1568.123745861041,140.8971380911559,9.207829081003487,1.040194291552639,9.427850258133573,0,0,0,0,0,0,0,0
890.0000000900045,1568.123759463884,140.8971360107466,9.207829081254557,1.040193744106357,9.427850256519461,0,0,0,0,0,0,0,0
890.0000000900045,1568.123759463884,140.8971360107466,9.207829081254557,1.040193744106357,9.427850256519461,0,0,0,0,0,0,0,0
899.0000001801178,1373.041673834087,150.2923471304244,9.205676540322468,155.2945201546659,9.430712639504895,0,0,0,0,0,0,0,0
899.0000001801178,1373.041673834087,150.2923471304244,9.205676540322468,155.2945201546659,9.430712639504895,0,0,0,0,0,0,0,0
900,1571.966713339315,140.8971381422343,9.208330090399629,1.040194265089244,9.427850259187442,0,0,0,0,0,0,0,0
900.0000000910026,1571.966727093043,140.8971360387555,9.208330090653369,1.040193711571251,9.427850257555429,0,0,0,0,0,0,0,0
900.0000000910026,1571.966727093043,140.8971360387555,9.208330090653369,1.040193711571251,9.427850257555429,0,0,0,0,0,0,0,0
909.0000001821031,1376.888881374399,150.2923471358428,9.20616719637774,155.2945201528595,9.430712640534766,0,0,0,0,0,0,0,0
909.0000001821031,1376.888881374399,150.2923471358428,9.20616719637774,155.2945201528595,9.430712640534766,0,0,0,0,0,0,0,0
910,1575.814386089552,140.8971381931105,9.208819694405511,1.040194238345626,9.42785026024009,0,0,0,0,0,0,0,0
910.0000000920065,1575.814399995059,140.8971360664256,9.208819694661955,1.040193678719952,9.42785025859007,0,0,0,0,0,0,0,0
910.0000000920065,1575.814399995059,140.8971360664256,9.208819694661955,1.040193678719952,9.42785025859007,0,0,0,0,0,0,0,0
919.0000001841203,1380.740698977279,150.2923471412324,9.206648108117914,155.2945201511044,9.430712641561438,0,0,0,0,0,0,0,0
919.0000001841203,1380.740698977279,150.2923471412324,9.206648108117914,155.2945201511044,9.430712641561438,0,0,0,0,0,0,0,0
920,1579.666659206942,140.8971382447388,9.20929972013441,1.040194211610958,9.427850261290049,0,0,0,0,0,0,0,0
920.0000000930138,1579.666673264724,140.8971360947714,9.209299720393583,1.040193645857539,9.427850259621968,0,0,0,0,0,0,0,0
920.0000000930138,1579.666673264724,140.8971360947714,9.209299720393583,1.040193645857539,9.427850259621968,0,0,0,0,0,0,0,0
929.0000001861192,1384.597036741119,150.292347146715,9.207120789764229,155.2945201493995,9.430712642589523,0,0,0,0,0,0,0,0
929.0000001861192,1384.597036741119,150.292347146715,9.207120789764229,155.2945201493995,9.430712642589523,0,0,0,0,0,0,0,0
930,1583.523444296942,140.897138296008,9.209771650521779,1.040194184590478,9.427850262341275,0,0,0,0,0,0,0,0
930.0000000940073,1583.523458504922,140.8971361230762,9.209771650783647,1.040193612792973,9.427850260655376,0,0,0,0,0,0,0,0
930.0000000940073,1583.523458504922,140.8971361230762,9.209771650783647,1.040193612792973,9.427850260655376,0,0,0,0,0,0,0,0
939.0000001881079,1388.457818436497,150.2923471521929,9.207586470135199,155.2945201477396,9.430712643619225,0,0,0,0,0,0,0,0
939.0000001881079,1388.457818436497,150.2923471521929,9.207586470135199,155.2945201477396,9.430712643619225,0,0,0,0,0,0,0,0
940,1587.384666345147,140.8971383470681,9.210236688977718,1.040194157364836,9.427850263393937,0,0,0,0,0,0,0,0
940.0000000950103,1587.384680704751,140.8971361509537,9.210236689242318,1.04019357946584,9.427850261690054,0,0,0,0,0,0,0,0
940.0000000950103,1587.384680704751,140.8971361509537,9.210236689242318,1.04019357946584,9.427850261690054,0,0,0,0,0,0,0,0
949.000000190124,1392.322978927624,150.2923471576134,9.208046146273857,155.2945201461265,9.430712644647272,0,0,0,0,0,0,0,0
949.000000190124,1392.322978927624,150.2923471576134,9.208046146273857,155.2945201461265,9.430712644647272,0,0,0,0,0,0,0,0
950,1591.250261197429,140.8971383986988,9.21069581191219,1.040194130168268,9.42785026444527,0,0,0,0,0,0,0,0
950.0000000960036,1591.250275707213,140.8971361796226,9.210695812179507,1.040193546225856,9.42785026272357,0,0,0,0,0,0,0,0
950.0000000960036,1591.250275707213,140.8971361796226,9.210695812179507,1.040193546225856,9.42785026272357,0,0,0,0,0,0,0,0
959.0000001921115,1396.192462077955,150.292347163151,9.208500627022767,155.2945201445541,9.430712645678669,0,0,0,0,0,0,0,0
959.0000001921115,1396.192462077955,150.292347163151,9.208500627022767,155.2945201445541,9.430712645678669,0,0,0,0,0,0,0,0
960,1595.120173525846,140.8971384498628,9.211149811415309,1.040194102710736,9.427850265499689,0,0,0,0,0,0,0,0
960.0000000970051,1595.120188187032,140.8971362076382,9.211149811685369,1.040193512675799,9.42785026376003,0,0,0,0,0,0,0,0
960.0000000970051,1595.120188187032,140.8971362076382,9.211149811685369,1.040193512675799,9.42785026376003,0,0,0,0,0,0,0,0
969.0000001941081,1400.06621905439,150.292347168575,9.208950568415894,155.2945201430217,9.430712646708839,0,0,0,0,0,0,0,0
969.0000001941081,1400.06621905439,150.292347168575,9.208950568415894,155.2945201430217,9.430712646708839,0,0,0,0,0,0,0,0
970,1598.994393245507,140.8971309899921,9.211599329958773,1.04004584479705,9.42785026654337,0,0,0,0,0,0,0,0
970.0000000980019,1598.994408057355,140.8971287247316,9.211599330231568,1.040045248827557,9.427850264785832,0,0,0,0,0,0,0,0
970.0000000980019,1598.994408057355,140.8971287247316,9.211599330231568,1.040045248827557,9.427850264785832,0,0,0,0,0,0,0,0
979.0000001961043,1403.944206944571,150.2923471746508,9.209396502432647,155.2945201412547,9.430712647734984,0,0,0,0,0,0,0,0
979.0000001961043,1403.944206944571,150.2923471746508,9.209396502432647,155.2945201412547,9.430712647734984,0,0,0,0,0,0,0,0
980,1602.872801726132,140.8971310467262,9.212044888402005,1.04004598218511,9.42785026759285,0,0,0,0,0,0,0,0
980.0000000990087,1602.872816690189,140.8971287581939,9.212044888677564,1.040045380093132,9.427850265817259,0,0,0,0,0,0,0,0
980.0000000990087,1602.872816690189,140.8971287581939,9.212044888677564,1.040045380093132,9.427850265817259,0,0,0,0,0,0,0,0
989.0000001981191,1407.826387634944,150.2923471800811,9.209838860367567,155.2945201397995,9.43071264876246,0,0,0,0,0,0,0,0
989.0000001981191,1407.826387634944,150.2923471800811,9.209838860367567,155.2945201397995,9.43071264876246,0,0,0,0,0,0,0,0
990,1606.755399421982,140.897131103804,9.212486909118725,1.040046117258898,9.427850268643692,0,0,0,0,0,0,0,0
990.0000001000118,1606.755414537682,140.8971287920864,9.212486909397045,1.040045509067247,9.427850266850115,0,0,0,0,0,0,0,0
990.0000001000118,1606.755414537682,140.8971287920864,9.212486909397045,1.040045509067247,9.427850266850115,0,0,0,0,0,0,0,0
999.000000200119,1411.712726907186,150.2923471855891,9.210277991800478,155.2945201383811,9.430712649792394,0,0,0,0,0,0,0,0
999.000000200119,1411.712726907186,150.2923471855891,9.210277991800478,155.2945201383811,9.430712649792394,0,0,0,0,0,0,0,0
1000,1610.642152464707,140.8971311605573,9.212925734417675,1.040046249953078,9.427850269696792,0,0,0,0,0,0,0,0
1000.000000101013,1610.64216773181,140.8971288256913,9.212925734698747,1.04004563567143,9.427850267885253,0,0,0,0,0,0,0,0
1000.000000101013,1610.64216773181,140.8971288256913,9.212925734698747,1.04004563567143,9.427850267885253,0,0,0,0,0,0,0,0
1009.000000202117,1415.603193697657,150.2923471910757,9.210714180011394,155.2945201369956,9.430712650823098,0,0,0,0,0,0,0,0
1009.000000202117,1415.603193697657,150.2923471910757,9.210714180011394,155.2945201369956,9.430712650823098,0,0,0,0,0,0,0,0
1010,1614.533030070162,140.8971312170508,9.213361641680232,1.040046380382589,9.427850270750511,0,0,0,0,0,0,0,0
1010.000000102007,1614.533045487534,140.8971288592099,9.21336164196404,1.040045760056571,9.427850268921144,0,0,0,0,0,0,0,0
1010.000000102007,1614.533045487534,140.8971288592099,9.21336164196404,1.040045760056571,9.427850268921144,0,0,0,0,0,0,0,0
1019.000000204125,1419.497759498448,150.2923471965898,9.211147654504851,155.2945201356456,9.430712651854579,0,0,0,0,0,0,0,0
1019.000000204125,1419.497759498448,150.2923471965898,9.211147654504851,155.2945201356456,9.430712651854579,0,0,0,0,0,0,0,0
1020,1618.428003955364,140.8971312736915,9.213794855627581,1.040046508720229,9.427850271805163,0,0,0,0,0,0,0,0
1020.00000010302,1618.428019525876,140.8971288924369,9.21379485591418,1.040045882234382,9.427850269957633,0,0,0,0,0,0,0,0
1020.00000010302,1618.428019525876,140.8971288924369,9.21379485591418,1.040045882234382,9.427850269957633,0,0,0,0,0,0,0,0
1029.000000206126,1423.396397873439,150.2923472020512,9.211578601182534,155.2945201343296,9.430712652885118,0,0,0,0,0,0,0,0
1029.000000206126,1423.396397873439,150.2923472020512,9.211578601182534,155.2945201343296,9.430712652885118,0,0,0,0,0,0,0,0
1030,1622.327047870057,140.8971313301403,9.214225558283649,1.040046634965826,9.427850272858752,0,0,0,0,0,0,0,0
1030.000000104013,1622.327063590633,140.8971289259422,9.214225558572986,1.040046002443899,9.427850270993421,0,0,0,0,0,0,0,0
1030.000000104013,1622.327063590633,140.8971289259422,9.214225558572986,1.040046002443899,9.427850270993421,0,0,0,0,0,0,0,0
1039.000000208126,1427.299084063103,150.2923472076125,9.212007170607512,155.2945201330425,9.430712653917711,0,0,0,0,0,0,0,0
1039.000000208126,1427.299084063103,150.2923472076125,9.212007170607512,155.2945201330425,9.430712653917711,0,0,0,0,0,0,0,0
1040,1626.230137205389,140.8971313863032,9.214653897069816,1.040046759127758,9.427850273914368,0,0,0,0,0,0,0,0
1040.000000105015,1626.23015307756,140.8971289589279,9.214653897361917,1.040046120508219,9.427850272031058,0,0,0,0,0,0,0,0
1040.000000105015,1626.23015307756,140.8971289589279,9.214653897361917,1.040046120508219,9.427850272031058,0,0,0,0,0,0,0,0
1049.00000021012,1431.205794668761,150.2923472130601,9.212433484713108,155.2945201317891,9.430712654949099,0,0,0,0,0,0,0,0
1049.00000021012,1431.205794668761,150.2923472130601,9.212433484713108,155.2945201317891,9.430712654949099,0,0,0,0,0,0,0,0
1050,1630.137248681923,140.8971314422233,9.215079991374472,1.040046881326506,9.427850274968563,0,0,0,0,0,0,0,0
1050.00000010601,1630.137264704382,140.8971289918703,9.215079991669318,1.040046236661895,9.427850273067421,0,0,0,0,0,0,0,0
1050.00000010601,1630.137264704382,140.8971289918703,9.215079991669318,1.040046236661895,9.427850273067421,0,0,0,0,0,0,0,0
1059.000000212126,1435.116507390647,150.2923472185777,9.212857642253695,155.294520130564,9.430712655979955,0,0,0,0,0,0,0,0
1059.000000212126,1435.116507390647,150.2923472185777,9.212857642253695,155.294520130564,9.430712655979955,0,0,0,0,0,0,0,0
1060,1634.048360095115,140.8971314984742,9.215503937892866,1.040047001736716,9.427850276022573,0,0,0,0,0,0,0,0
1060.000000107011,1634.048376268929,140.8971290249807,9.215503938190471,1.040046350984167,9.427850274103479,0,0,0,0,0,0,0,0
1060.000000107011,1634.048376268929,140.8971290249807,9.215503938190471,1.040046350984167,9.427850274103479,0,0,0,0,0,0,0,0
1069.000000214125,1439.031200821861,150.2923472241095,9.213279723233786,155.294520129363,9.430712657012096,0,0,0,0,0,0,0,0
1069.000000214125,1439.031200821861,150.2923472241095,9.213279723233786,155.294520129363,9.430712657012096,0,0,0,0,0,0,0,0
1070,1637.963450122173,140.89713155427,9.215925814964459,1.040047120220562,9.42785027707764,0,0,0,0,0,0,0,0
1070.000000108008,1637.963466446723,140.8971290577307,9.215925815264816,1.04004646340496,9.427850275140671,0,0,0,0,0,0,0,0
1070.000000108008,1637.963466446723,140.8971290577307,9.215925815264816,1.04004646340496,9.427850275140671,0,0,0,0,0,0,0,0
1079.000000216118,1442.949854278548,150.2923472296028,9.213699792499133,155.2945201281928,9.430712658043804,0,0,0,0,0,0,0,0
1079.000000216118,1442.949854278548,150.2923472296028,9.213699792499133,155.2945201281928,9.430712658043804,0,0,0,0,0,0,0,0
1080,1641.882498140626,140.8971316100089,9.216345686089452,1.040047236948783,9.427850278132308,0,0,0,0,0,0,0,0
1080.000000109012,1641.882514617014,140.8971290902556,9.216345686392581,1.04004657402588,9.427850276177324,0,0,0,0,0,0,0,0
1080.000000109012,1641.882514617014,140.8971290902556,9.216345686392581,1.04004657402588,9.427850276177324,0,0,0,0,0,0,0,0
1089.000000218116,1446.87244766294,150.2923472350685,9.214117902655202,155.2945201270452,9.430712659073887,0,0,0,0,0,0,0,0
1089.000000218116,1446.87244766294,150.2923472350685,9.214117902655202,155.2945201270452,9.430712659073887,0,0,0,0,0,0,0,0
1090,1645.805484104885,140.8971316657042,9.216763602787738,1.040047351976533,9.427850279185307,0,0,0,0,0,0,0,0
1090.000000110003,1645.805500731082,140.8971291230468,9.2167636030936,1.040046683027906,9.427850277212542,0,0,0,0,0,0,0,0
1090.000000110003,1645.805500731082,140.8971291230468,9.2167636030936,1.040046683027906,9.427850277212542,0,0,0,0,0,0,0,0
1099.00000022011,1450.798961352892,150.2923472406116,9.214534096438667,155.2945201259267,9.430712660105051,0,0,0,0,0,0,0,0
1099.00000022011,1450.798961352892,150.2923472406116,9.214534096438667,155.2945201259267,9.430712660105051,0,0,0,0,0,0,0,0
1100,1649.732388437601,140.8971317210874,9.217179606921606,1.040047465261259,9.42785028023933,0,0,0,0,0,0,0,0
1100.000000111012,1649.732405216357,140.8971291551056,9.217179607230252,1.040046790176291,9.42785027824848,0,0,0,0,0,0,0,0
1100.000000111012,1649.732405216357,140.8971291551056,9.217179607230252,1.040046790176291,9.42785027824848,0,0,0,0,0,0,0,0
1109.000000222119,1454.729376115245,150.2923472460555,9.214948408636928,155.2945201248288,9.430712661133178,0,0,0,0,0,0,0,0
1109.000000222119,1454.729376115245,150.2923472460555,9.214948408636928,155.2945201248288,9.430712661133178,0,0,0,0,0,0,0,0
1110,1653.663191934294,140.8971317768971,9.217593732574322,1.040047577081521,9.427850281290599,0,0,0,0,0,0,0,0
1110.000000112012,1653.663208864202,140.8971291878063,9.21759373288573,1.040046895916899,9.427850279281818,0,0,0,0,0,0,0,0
1110.000000112012,1653.663208864202,140.8971291878063,9.21759373288573,1.040046895916899,9.427850279281818,0,0,0,0,0,0,0,0
1119.00000022412,1458.663673030687,150.2923472516038,9.215360867651585,155.2945201237585,9.430712662163064,0,0,0,0,0,0,0,0
1119.00000022412,1458.663673030687,150.2923472516038,9.215360867651585,155.2945201237585,9.430712662163064,0,0,0,0,0,0,0,0
1120,1657.5978757105,140.8971318323093,9.218006007583273,1.040047687224041,9.427850282343542,0,0,0,0,0,0,0,0
1120.000000113011,1657.597892791423,140.8971292201305,9.218006007897435,1.040046999985295,9.427850280316848,0,0,0,0,0,0,0,0
1120.000000113011,1657.597892791423,140.8971292201305,9.218006007897435,1.040046999985295,9.427850280316848,0,0,0,0,0,0,0,0
1129.00000022612,1462.601833440466,150.2923472571148,9.215771496761988,155.2945201227076,9.430712663193287,0,0,0,0,0,0,0,0
1129.00000022612,1462.601833440466,150.2923472571148,9.215771496761988,155.2945201227076,9.430712663193287,0,0,0,0,0,0,0,0
1130,1661.536421127046,140.8971318877429,9.218416454775186,1.040047795873674,9.427850283396873,0,0,0,0,0,0,0,0
1130.00000011402,1661.536438360565,140.8971292522344,9.218416455092132,1.040047102497195,9.427850281352081,0,0,0,0,0,0,0,0
1130.00000011402,1661.536438360565,140.8971292522344,9.218416455092132,1.040047102497195,9.427850281352081,0,0,0,0,0,0,0,0
1139.000000228131,1466.543838897744,150.2923472626106,9.21618031514973,155.2945201216814,9.430712664222671,0,0,0,0,0,0,0,0
1139.000000228131,1466.543838897744,150.2923472626106,9.21618031514973,155.2945201216814,9.430712664222671,0,0,0,0,0,0,0,0
1140,1665.478809756596,140.8971319431614,9.218825092970627,1.040047903057136,9.427850284449358,0,0,0,0,0,0,0,0
1140.000000115013,1665.478827140305,140.8971292846911,9.218825093290313,1.040047203639714,9.427850282386739,0,0,0,0,0,0,0,0
1140.000000115013,1665.478827140305,140.8971292846911,9.218825093290313,1.040047203639714,9.427850282386739,0,0,0,0,0,0,0,0
1149.000000230122,1470.489671131321,150.2923472681759,9.216587338733511,155.2945201206755,9.430712665254172,0,0,0,0,0,0,0,0
1149.000000230122,1470.489671131321,150.2923472681759,9.216587338733511,155.2945201206755,9.430712665254172,0,0,0,0,0,0,0,0
1150,1669.42502334644,140.8971319982429,9.219231937801503,1.040048008713252,9.427850285503832,0,0,0,0,0,0,0,0
1150.000000116006,1669.425040880203,140.8971293168318,9.219231938123929,1.040047303260415,9.427850283423414,0,0,0,0,0,0,0,0
1150.000000116006,1669.425040880203,140.8971293168318,9.219231938123929,1.040047303260415,9.427850283423414,0,0,0,0,0,0,0,0
1159.000000232109,1474.439312017929,150.2923472736982,9.216992580840504,155.2945201196908,9.430712666286199,0,0,0,0,0,0,0,0
1159.000000232109,1474.439312017929,150.2923472736982,9.216992580840504,155.2945201196908,9.430712666286199,0,0,0,0,0,0,0,0
1160,1673.375043785261,140.8971320530966,9.219637002367518,1.040048112933481,9.427850286558664,0,0,0,0,0,0,0,0
1160.000000117013,1673.375061471312,140.8971293484031,9.219637002692723,1.04004740135535,9.42785028446019,0,0,0,0,0,0,0,0
1160.000000117013,1673.375061471312,140.8971293484031,9.219637002692723,1.04004740135535,9.42785028446019,0,0,0,0,0,0,0,0
1169.000000234128,1478.392743557796,150.2923472791502,9.217396052749574,155.2945201187265,9.430712667314959,0,0,0,0,0,0,0,0
1169.000000234128,1478.392743557796,150.2923472791502,9.217396052749574,155.2945201187265,9.430712667314959,0,0,0,0,0,0,0,0
1170,1677.328853079822,140.8971321084284,9.220040297768469,1.04004821594476,9.427850287610537,0,0,0,0,0,0,0,0
1170.000000118006,1677.328870915997,140.8971293807836,9.220040298096409,1.040047498328445,9.427850285494255,0,0,0,0,0,0,0,0
1170.000000118006,1677.328870915997,140.8971293807836,9.220040298096409,1.040047498328445,9.427850285494255,0,0,0,0,0,0,0,0
1179.000000236118,1482.349947855281,150.292347284743,9.217797764138137,155.2945201177808,9.430712668346537,0,0,0,0,0,0,0,0
1179.000000236118,1482.349947855281,150.292347284743,9.217797764138137,155.2945201177808,9.430712668346537,0,0,0,0,0,0,0,0
1180,1681.286433351501,140.8971321633132,9.220441833542838,1.040048317497525,9.427850288665175,0,0,0,0,0,0,0,0
1180.000000119011,1681.286451339553,140.897129412449,9.220441833873551,1.040047593772506,9.427850286530875,0,0,0,0,0,0,0,0
1180.000000119011,1681.286451339553,140.897129412449,9.220441833873551,1.040047593772506,9.427850286530875,0,0,0,0,0,0,0,0
1189.000000238125,1486.310907108591,150.2923472902359,9.218197723433743,155.2945201168563,9.430712669377032,0,0,0,0,0,0,0,0
1189.000000238125,1486.310907108591,150.2923472902359,9.218197723433743,155.2945201168563,9.430712669377032,0,0,0,0,0,0,0,0
1190,1685.247766802075,140.8971322182849,9.220841618009532,1.040048417813277,9.427850289718673,0,0,0,0,0,0,0,0
1190.000000120004,1685.247784940252,140.8971294444695,9.22084161834298,1.040047688050069,9.427850287566571,0,0,0,0,0,0,0,0
1190.000000120004,1685.247784940252,140.8971294444695,9.22084161834298,1.040047688050069,9.427850287566571,0,0,0,0,0,0,0,0
1199.000000240104,1490.275603594291,150.292347295781,9.218595938102299,155.2945201159472,9.430712670408756,0,0,0,0,0,0,0,0
1199.000000240104,1490.275603594291,150.292347295781,9.218595938102299,155.2945201159472,9.430712670408756,0,0,0,0,0,0,0,0
1200,1689.212835720421,140.8971322727512,9.221239658552214,1.040048516740806,9.427850290773145,0,0,0,0,0,0,0,0
1200.000000121008,1689.212854010476,140.8971294757165,9.221239658888436,1.040047780868889,9.42785028860302,0,0,0,0,0,0,0,0
1200.000000121008,1689.212854010476,140.8971294757165,9.221239658888436,1.040047780868889,9.42785028860302,0,0,0,0,0,0,0,0
1209.00000024212,1494.2440196625,150.2923473012406,9.218992414877855,155.2945201150552,9.430712671437153,0,0,0,0,0,0,0,0
1209.00000024212,1494.2440196625,150.2923473012406,9.218992414877855,155.2945201150552,9.430712671437153,0,0,0,0,0,0,0,0
1210,1693.18162245522,140.8971323278492,9.221635961842303,1.040048614636831,9.427850291824717,0,0,0,0,0,0,0,0
1210.000000122005,1693.181640896019,140.8971295077686,9.221635962181271,1.040047872701834,9.427850289636719,0,0,0,0,0,0,0,0
1210.000000122005,1693.181640896019,140.8971295077686,9.221635962181271,1.040047872701834,9.427850289636719,0,0,0,0,0,0,0,0
1219.000000244106,1498.216137726938,150.292347306826,9.219387159953085,155.2945201141865,9.43071267246804,0,0,0,0,0,0,0,0
1219.000000244106,1498.216137726938,150.292347306826,9.219387159953085,155.2945201141865,9.43071267246804,0,0,0,0,0,0,0,0
1220,1697.154109436326,140.8971323822659,9.222030534027549,1.040048711144545,9.427850292878492,0,0,0,0,0,0,0,0
1220.000000123004,1697.15412802811,140.8971295391025,9.222030534369273,1.040047963136786,9.427850290672586,0,0,0,0,0,0,0,0
1220.000000123004,1697.15412802811,140.8971295391025,9.222030534369273,1.040047963136786,9.427850290672586,0,0,0,0,0,0,0,0
1229.000000246113,1502.191940264684,150.2923473123158,9.219780179124212,155.2945201133261,9.430712673497473,0,0,0,0,0,0,0,0
1229.000000246113,1502.191940264684,150.2923473123158,9.219780179124212,155.2945201133261,9.430712673497473,0,0,0,0,0,0,0,0
1230,1701.130279139138,140.8971324369561,9.222423380871033,1.040048806586614,9.427850293930932,0,0,0,0,0,0,0,0
1230.000000124005,1701.130297882321,140.8971295706471,9.222423381215521,1.040048052489499,9.42785029170707,0,0,0,0,0,0,0,0
1230.000000124005,1701.130297882321,140.8971295706471,9.222423381215521,1.040048052489499,9.42785029170707,0,0,0,0,0,0,0,0
1239.000000248123,1506.171409808442,150.2923473178665,9.220171477910988,155.2945201124873,9.430712674527143,0,0,0,0,0,0,0,0
1239.000000248123,1506.171409808442,150.2923473178665,9.220171477910988,155.2945201124873,9.430712674527143,0,0,0,0,0,0,0,0
1240,1705.110114103442,140.8971324918403,9.222814507870748,1.040048900942461,9.427850294983877,0,0,0,0,0,0,0,0
1240.000000125012,1705.110132998849,140.8971296022594,9.222814508218006,1.040048140722805,9.427850292741956,0,0,0,0,0,0,0,0
1240.000000125012,1705.110132998849,140.8971296022594,9.222814508218006,1.040048140722805,9.427850292741956,0,0,0,0,0,0,0,0
1249.00000025012,1510.154528947308,150.2923473234108,9.220561061653138,155.2945201116585,9.430712675557928,0,0,0,0,0,0,0,0
1249.00000025012,1510.154528947308,150.2923473234108,9.220561061653138,155.2945201116585,9.430712675557928,0,0,0,0,0,0,0,0
1250,1709.093596927644,140.8971325462664,9.223203920352747,1.040048994077912,9.427850296037612,0,0,0,0,0,0,0,0
1250.00000012601,1709.093615974003,140.897129633608,9.22320392070276,1.040048227786871,9.427850293777789,0,0,0,0,0,0,0,0
1250.00000012601,1709.093615974003,140.897129633608,9.22320392070276,1.040048227786871,9.427850293777789,0,0,0,0,0,0,0,0
1259.000000252119,1514.141280324202,150.2923473289305,9.220948935582793,155.2945201108529,9.43071267658839,0,0,0,0,0,0,0,0
1259.000000252119,1514.141280324202,150.2923473289305,9.220948935582793,155.2945201108529,9.43071267658839,0,0,0,0,0,0,0,0
1260,1713.080710255989,140.8971326008308,9.223591623541823,1.040049086182179,9.427850297091171,0,0,0,0,0,0,0,0
1260.000000127009,1713.080729453301,140.897129665095,9.223591623894587,1.040048313819753,9.427850294813434,0,0,0,0,0,0,0,0
1260.000000127009,1713.080729453301,140.897129665095,9.223591623894587,1.040048313819753,9.427850294813434,0,0,0,0,0,0,0,0
1269.000000254118,1518.131646634742,150.2923473344772,9.22133510488514,155.2945201100594,9.430712677619615,0,0,0,0,0,0,0,0
1269.000000254118,1518.131646634742,150.2923473344772,9.22133510488514,155.2945201100594,9.430712677619615,0,0,0,0,0,0,0,0
1270,1717.071436791669,140.897132655232,9.223977622621332,1.040049177189425,9.427850298145414,0,0,0,0,0,0,0,0
1270.000000128015,1717.071456141104,140.8971296962401,9.223977622976868,1.040048398708599,9.427850295849641,0,0,0,0,0,0,0,0
1270.000000128015,1717.071456141104,140.8971296962401,9.223977622976868,1.040048398708599,9.427850295849641,0,0,0,0,0,0,0,0
1279.000000256124,1522.12561062808,150.2923473399918,9.221719574743535,155.2945201092764,9.430712678649851,0,0,0,0,0,0,0,0
1279.000000256124,1522.12561062808,150.2923473399918,9.221719574743535,155.2945201092764,9.430712678649851,0,0,0,0,0,0,0,0
1280,1721.065759287787,140.8971327096226,9.224361922776435,1.040049267177015,9.427850299198646,0,0,0,0,0,0,0,0
1280.000000129006,1721.065778787042,140.8971297277266,9.224361923134703,1.040048482670429,9.427850296885095,0,0,0,0,0,0,0,0
1280.000000129006,1721.065778787042,140.8971297277266,9.224361923134703,1.040048482670429,9.427850296885095,0,0,0,0,0,0,0,0
1289.000000258118,1526.123155105605,150.292347345571,9.222102350376826,155.2945201085124,9.430712679681719,0,0,0,0,0,0,0,0
1289.000000258118,1526.123155105605,150.292347345571,9.222102350376826,155.2945201085124,9.430712679681719,0,0,0,0,0,0,0,0
1290,1725.063643655685,140.8971361985479,9.22474452921997,1.040146257593868,9.427850300253438,0,0,0,0,0,0,0,0
1290.000000130007,1725.063663306343,140.8971331935042,9.224744529580994,1.04014546673469,9.427850297921943,0,0,0,0,0,0,0,0
1290.000000130007,1725.063663306343,140.8971331935042,9.224744529580994,1.04014546673469,9.427850297921943,0,0,0,0,0,0,0,0
1299.000000260107,1530.124262919727,150.2923473510745,9.222483437065614,155.2945201086309,9.430712680712114,0,0,0,0,0,0,0,0
1299.000000260107,1530.124262919727,150.2923473510745,9.222483437065614,155.2945201086309,9.430712680712114,0,0,0,0,0,0,0,0
1300,1729.065106576757,140.8971362479117,9.225125447262071,1.040146227791561,9.42785030130659,0,0,0,0,0,0,0,0
1300.000000131017,1729.065126380227,140.8971332195068,9.225125447625878,1.040145430783868,9.427850298956963,0,0,0,0,0,0,0,0
1300.000000131017,1729.065126380227,140.8971332195068,9.225125447625878,1.040145430783868,9.427850298956963,0,0,0,0,0,0,0,0
1309.000000262133,1534.128916987393,150.2923473566367,9.222862840165922,155.2945201078935,9.43071268173879,0,0,0,0,0,0,0,0
1309.000000262133,1534.128916987393,150.2923473566367,9.222862840165922,155.2945201078935,9.43071268173879,0,0,0,0,0,0,0,0
1310,1733.070114038809,140.8971362975765,9.22550468225664,1.040146198638464,9.427850302356658,0,0,0,0,0,0,0,0
1310.000000132012,1733.070133992651,140.8971332461834,9.225504682623189,1.04014539558046,9.427850299989201,0,0,0,0,0,0,0,0
1310.000000132012,1733.070133992651,140.8971332461834,9.225504682623189,1.04014539558046,9.427850299989201,0,0,0,0,0,0,0,0
1319.00000026412,1538.137100268989,150.2923473623062,9.223240565138997,155.2945201071663,9.430712682770745,0,0,0,0,0,0,0,0
1319.00000026412,1538.137100268989,150.2923473623062,9.223240565138997,155.2945201071663,9.430712682770745,0,0,0,0,0,0,0,0
1320,1737.078649020927,140.8971363463408,9.225882239676038,1.040146169626986,9.427850303411606,0,0,0,0,0,0,0,0
1320.000000133019,1737.078669126997,140.8971332716757,9.225882240045356,1.04014536044398,9.427850301026096,0,0,0,0,0,0,0,0
1320.000000133019,1737.078669126997,140.8971332716757,9.225882240045356,1.04014536044398,9.427850301026096,0,0,0,0,0,0,0,0
1329.000000266121,1542.148795787523,150.2923473677565,9.223616617548176,155.2945201064484,9.430712683800236,0,0,0,0,0,0,0,0
1329.000000266121,1542.148795787523,150.2923473677565,9.223616617548176,155.2945201064484,9.430712683800236,0,0,0,0,0,0,0,0
1330,1741.090694542108,140.8971363953883,9.226258125093468,1.040146141127675,9.427850304464052,0,0,0,0,0,0,0,0
1330.000000134025,1741.090714800338,140.8971332974618,9.226258125465559,1.040145325822432,9.42785030206049,0,0,0,0,0,0,0,0
1330.000000134025,1741.090714800338,140.8971332974618,9.226258125465559,1.040145325822432,9.42785030206049,0,0,0,0,0,0,0,0
1339.000000268129,1546.163986619979,150.2923473732877,9.223991003067859,155.2945201057506,9.430712684828608,0,0,0,0,0,0,0,0
1339.000000268129,1546.163986619979,150.2923473732877,9.223991003067859,155.2945201057506,9.430712684828608,0,0,0,0,0,0,0,0
1340,1745.106233687876,140.8971364445726,9.226632344195338,1.040146113032576,9.42785030551549,0,0,0,0,0,0,0,0
1340.00000013501,1745.106254095035,140.8971333238787,9.226632344570142,1.040145291735112,9.427850303094264,0,0,0,0,0,0,0,0
1340.00000013501,1745.106254095035,140.8971333238787,9.226632344570142,1.040145291735112,9.427850303094264,0,0,0,0,0,0,0,0
1349.000000270134,1550.18265590289,150.2923473789194,9.224363727492948,155.294520105062,9.430712685860517,0,0,0,0,0,0,0,0
1349.000000270134,1550.18265590289,150.2923473789194,9.224363727492948,155.294520105062,9.430712685860517,0,0,0,0,0,0,0,0
1350,1749.125249600515,140.8971364939343,9.227004902788577,1.040146085345397,9.427850306570763,0,0,0,0,0,0,0,0
1350.000000136008,1749.125270158529,140.8971333501786,9.227004903166131,1.040145257978254,9.427850304131642,0,0,0,0,0,0,0,0
1350.000000136008,1749.125270158529,140.8971333501786,9.227004903166131,1.040145257978254,9.427850304131642,0,0,0,0,0,0,0,0
1359.000000272114,1554.204786833455,150.2923473844838,9.224734796735385,155.2945201043854,9.430712686894818,0,0,0,0,0,0,0,0
1359.000000272114,1554.204786833455,150.2923473844838,9.224734796735385,155.2945201043854,9.430712686894818,0,0,0,0,0,0,0,0
1360,1753.147725488666,140.8971365424921,9.227375806796701,1.040146057837492,9.42785030762766,0,0,0,0,0,0,0,0
1360.000000137012,1753.147746198498,140.8971333755277,9.227375807177017,1.04014522436194,9.427850305170542,0,0,0,0,0,0,0,0
1360.000000137012,1753.147746198498,140.8971333755277,9.227375807177017,1.04014522436194,9.427850305170542,0,0,0,0,0,0,0,0
1369.000000274129,1558.230362669396,150.2923473899345,9.22510421681938,155.2945201037186,9.430712687924304,0,0,0,0,0,0,0,0
1369.000000274129,1558.230362669396,150.2923473899345,9.22510421681938,155.2945201037186,9.430712687924304,0,0,0,0,0,0,0,0
1370,1757.173644604926,140.8971365919257,9.227745062254924,1.040146030945955,9.427850308680217,0,0,0,0,0,0,0,0
1370.000000138016,1757.173665466644,140.8971334017418,9.227745062638007,1.040145191359227,9.427850306205078,0,0,0,0,0,0,0,0
1370.000000138016,1757.173665466644,140.8971334017418,9.227745062638007,1.040145191359227,9.427850306205078,0,0,0,0,0,0,0,0
1379.000000276137,1562.259366728463,150.2923473955228,9.225471993888126,155.2945201030648,9.430712688954475,0,0,0,0,0,0,0,0
1379.000000276137,1562.259366728463,150.2923473955228,9.225471993888126,155.2945201030648,9.430712688954475,0,0,0,0,0,0,0,0
1380,1761.202990279741,140.8971366414815,9.228112675318686,1.040146004421541,9.427850309733726,0,0,0,0,0,0,0,0
1380.000000139004,1761.203011290735,140.8971334284776,9.228112675704486,1.040145158828756,9.427850307240874,0,0,0,0,0,0,0,0
1380.000000139004,1761.203011290735,140.8971334284776,9.228112675704486,1.040145158828756,9.427850307240874,0,0,0,0,0,0,0,0
1389.000000278118,1566.291782393003,150.2923474011654,9.225838134201002,155.2945201024189,9.430712689989422,0,0,0,0,0,0,0,0
1389.000000278118,1566.291782393003,150.2923474011654,9.225838134201002,155.2945201024189,9.430712689989422,0,0,0,0,0,0,0,0
1390,1765.235745907147,140.8971366902666,9.228478652258595,1.040145978034642,9.427850310791495,0,0,0,0,0,0,0,0
1390.000000140006,1765.23576706965,140.8971334541012,9.228478652647151,1.040145126345895,9.427850308280684,0,0,0,0,0,0,0,0
1390.000000140006,1765.23576706965,140.8971334541012,9.228478652647151,1.040145126345895,9.427850308280684,0,0,0,0,0,0,0,0
1399.000000280131,1570.327593110693,150.2923474066421,9.226202644120633,155.2945201017857,9.430712691021268,0,0,0,0,0,0,0,0
1399.000000280131,1570.327593110693,150.2923474066421,9.226202644120633,155.2945201017857,9.430712691021268,0,0,0,0,0,0,0,0
1400,1769.271894930487,140.8971367397352,9.228842999446931,1.040145952208317,9.427850311846409,0,0,0,0,0,0,0,0
1400.000000141021,1769.271916246563,140.8971334800928,9.228842999838283,1.040145094340616,9.427850309317376,0,0,0,0,0,0,0,0
1400.000000141021,1769.271916246563,140.8971334800928,9.228842999838283,1.040145094340616,9.427850309317376,0,0,0,0,0,0,0,0
1409.000000282127,1574.366782392134,150.2923474121517,9.226565530113589,155.2945201011634,9.430712692051269,0,0,0,0,0,0,0,0
1409.000000282127,1574.366782392134,150.2923474121517,9.226565530113589,155.2945201011634,9.430712692051269,0,0,0,0,0,0,0,0
1410,1773.311420875637,140.8971367887379,9.229205723360973,1.040145926600398,9.427850312899141,0,0,0,0,0,0,0,0
1410.000000142012,1773.311442341574,140.8971335061862,9.229205723755053,1.040145062703124,9.427850310352342,0,0,0,0,0,0,0,0
1410.000000142012,1773.311442341574,140.8971335061862,9.229205723755053,1.040145062703124,9.427850310352342,0,0,0,0,0,0,0,0
1419.000000284126,1578.409333815017,150.2923474177129,9.226926798747805,155.2945201005512,9.4307126930808,0,0,0,0,0,0,0,0
1419.000000284126,1578.409333815017,150.2923474177129,9.226926798747805,155.2945201005512,9.4307126930808,0,0,0,0,0,0,0,0
1420,1777.354307321588,140.8971368381139,9.229566830578319,1.040145901418134,9.427850313951778,0,0,0,0,0,0,0,0
1420.000000143022,1777.354328940204,140.8971335322219,9.229566830975179,1.040145031377867,9.427850311386869,0,0,0,0,0,0,0,0
1420.000000143022,1777.354328940204,140.8971335322219,9.229566830975179,1.040145031377867,9.427850311386869,0,0,0,0,0,0,0,0
1429.000000286132,1582.455231024767,150.2923474232267,9.227286456685,155.2945200999452,9.430712694109422,0,0,0,0,0,0,0,0
1429.000000286132,1582.455231024767,150.2923474232267,9.227286456685,155.2945200999452,9.430712694109422,0,0,0,0,0,0,0,0
1430,1781.400537922746,140.8971368874348,9.229926327769675,1.040145876557814,9.427850315003431,0,0,0,0,0,0,0,0
1430.000000144016,1781.40055969167,140.8971335585652,9.229926328169269,1.040145000469991,9.42785031242069,0,0,0,0,0,0,0,0
1430.000000144016,1781.40055969167,140.8971335585652,9.229926328169269,1.040145000469991,9.42785031242069,0,0,0,0,0,0,0,0
1439.000000288132,1586.504457733883,150.2923474288121,9.227644510675377,155.2945200993518,9.430712695139469,0,0,0,0,0,0,0,0
1439.000000288132,1586.504457733883,150.2923474288121,9.227644510675377,155.2945200993518,9.430712695139469,0,0,0,0,0,0,0,0
1440,1785.450096398389,140.8971369368205,9.230284221693898,1.04014585203013,9.427850316056611,0,0,0,0,0,0,0,0
1440.00000014502,1785.450118319032,140.8971335847578,9.230284222096252,1.04014496983804,9.427850313455879,0,0,0,0,0,0,0,0
1440.00000014502,1785.450118319032,140.8971335847578,9.230284222096252,1.04014496983804,9.427850313455879,0,0,0,0,0,0,0,0
1449.000000290122,1590.556997724968,150.2923474343582,9.228000967550923,155.2945200987687,9.430712696169836,0,0,0,0,0,0,0,0
1449.000000290122,1590.556997724968,150.2923474343582,9.228000967550923,155.2945200987687,9.430712696169836,0,0,0,0,0,0,0,0
1450,1789.502966539445,140.8971369859582,9.230640519190715,1.040145827762165,9.427850317109829,0,0,0,0,0,0,0,0
1450.00000014601,1789.502988609813,140.8971336110072,9.230640519595797,1.040144939546032,9.427850314491339,0,0,0,0,0,0,0,0
1450.00000014601,1789.502988609813,140.8971336110072,9.230640519595797,1.040144939546032,9.427850314491339,0,0,0,0,0,0,0,0
1459.000000292115,1594.612834849631,150.2923474399022,9.22835583421929,155.294520098191,9.4307126972004,0,0,0,0,0,0,0,0
1459.000000292115,1594.612834849631,150.2923474399022,9.22835583421929,155.294520098191,9.4307126972004,0,0,0,0,0,0,0,0
1460,1793.559132203149,140.897137035095,9.230995227175107,1.040145803816859,9.427850318163269,0,0,0,0,0,0,0,0
1460.000000147007,1793.559154424342,140.8971336370875,9.230995227582932,1.040144909532419,9.427850315526879,0,0,0,0,0,0,0,0
1460.000000147007,1793.559154424342,140.8971336370875,9.230995227582932,1.040144909532419,9.427850315526879,0,0,0,0,0,0,0,0
1469.000000294112,1598.671953030267,150.2923474454314,9.22870911765817,155.2945200976252,9.430712698229906,0,0,0,0,0,0,0,0
1469.000000294112,1598.671953030267,150.2923474454314,9.22870911765817,155.2945200976252,9.430712698229906,0,0,0,0,0,0,0,0
1470,1797.618577318382,140.8971370843098,9.231348352631413,1.04014578020185,9.427850319215645,0,0,0,0,0,0,0,0
1470.000000148008,1797.618599690848,140.8971336631774,9.231348353041991,1.040144879831122,9.427850316561324,0,0,0,0,0,0,0,0
1470.000000148008,1797.618599690848,140.8971336631774,9.231348353041991,1.040144879831122,9.427850316561324,0,0,0,0,0,0,0,0
1479.000000296124,1602.734336260178,150.2923474509661,9.229060824910164,155.2945200970692,9.430712699258285,0,0,0,0,0,0,0,0
1479.000000296124,1602.734336260178,150.2923474509661,9.229060824910164,155.2945200970692,9.430712699258285,0,0,0,0,0,0,0,0
1480,1801.681285883298,140.8971371339728,9.231699902608421,1.040145757011869,9.427850320267243,0,0,0,0,0,0,0,0
1480.000000149003,1801.681308406178,140.8971336898471,9.231699903021733,1.040144850589431,9.427850317595086,0,0,0,0,0,0,0,0
1480.000000149003,1801.681308406178,140.8971336898471,9.231699903021733,1.040144850589431,9.427850317595086,0,0,0,0,0,0,0,0
1489.000000298119,1606.79996860396,150.2923474565891,9.229410963079108,155.2945200965181,9.430712700289703,0,0,0,0,0,0,0,0
1489.000000298119,1606.79996860396,150.2923474565891,9.229410963079108,155.2945200965181,9.430712700289703,0,0,0,0,0,0,0,0
1490,1805.747241974209,140.8971371834695,9.232049884215897,1.040145734065018,9.427850321321859,0,0,0,0,0,0,0,0
1490.000000150005,1805.747264648602,140.8971337161822,9.232049884631966,1.040144821546609,9.427850318631723,0,0,0,0,0,0,0,0
1490.000000150005,1805.747264648602,140.8971337161822,9.232049884631966,1.040144821546609,9.427850318631723,0,0,0,0,0,0,0,0
1499.000000300121,1610.868834199875,150.2923474621468,9.229759539320805,155.2945200959773,9.430712701321788,0,0,0,0,0,0,0,0
1499.000000300121,1610.868834199875,150.2923474621468,9.229759539320805,155.2945200959773,9.430712701321788,0,0,0,0,0,0,0,0
1500,1809.816429735241,140.8971372328728,9.232398304614287,1.040145711400704,9.427850322376939,0,0,0,0,0,0,0,0
1500.000000151017,1809.816452562729,140.8971337421821,9.23239830503314,1.040144792722695,9.427850319668647,0,0,0,0,0,0,0,0
1500.000000151017,1809.816452562729,140.8971337421821,9.23239830503314,1.040144792722695,9.427850319668647,0,0,0,0,0,0,0,0
1509.000000302127,1614.940917258302,150.2923474676433,9.230106560836099,155.2945200954405,9.430712702351444,0,0,0,0,0,0,0,0
1509.000000302127,1614.940917258302,150.2923474676433,9.230106560836099,155.2945200954405,9.430712702351444,0,0,0,0,0,0,0,0
1510,1813.888833383388,140.8971372822926,9.23274517100878,1.040145689047736,9.427850323429499,0,0,0,0,0,0,0,0
1510.000000152,1813.888856359539,140.8971337688766,9.232745171430336,1.040144764388556,9.427850320703575,0,0,0,0,0,0,0,0
1510.000000152,1813.888856359539,140.8971337688766,9.232745171430336,1.040144764388556,9.427850320703575,0,0,0,0,0,0,0,0
1519.000000304103,1619.016202061803,150.2923474732446,9.230452034870943,155.2945200949165,9.430712703383197,0,0,0,0,0,0,0,0
1519.000000304103,1619.016202061803,150.2923474732446,9.230452034870943,155.2945200949165,9.430712703383197,0,0,0,0,0,0,0,0
1520,1817.964393300967,140.8971459823825,9.233090490612106,1.040308884471853,9.427850324482511,0,0,0,0,0,0,0,0
1520.000000153018,1817.964416430951,140.8971424454503,9.233090491036462,1.040307953765616,9.427850321738333,0,0,0,0,0,0,0,0
1520.000000153018,1817.964416430951,140.8971424454503,9.233090491036462,1.040307953765616,9.427850321738333,0,0,0,0,0,0,0,0
1529.000000306145,1623.094672965019,150.2923474788113,9.230795968706435,155.2945200945443,9.430712704408533,0,0,0,0,0,0,0,0
1529.000000306145,1623.094672965019,150.2923474788113,9.230795968706435,155.2945200945443,9.430712704408533,0,0,0,0,0,0,0,0
1530,1822.043181663614,140.8971460325639,9.233434270782968,1.040308852155086,9.427850325531457,0,0,0,0,0,0,0,0
1530.000000154008,1822.043204943292,140.8971424727486,9.233434271210044,1.040307915427136,9.427850322769533,0,0,0,0,0,0,0,0
1530.000000154008,1822.043204943292,140.8971424727486,9.233434271210044,1.040307915427136,9.427850322769533,0,0,0,0,0,0,0,0
1539.000000308115,1627.1763144043,150.2923474846266,9.231138369657694,155.294520094034,9.430712705441936,0,0,0,0,0,0,0,0
1539.000000308115,1627.1763144043,150.2923474846266,9.231138369657694,155.294520094034,9.430712705441936,0,0,0,0,0,0,0,0
1540,1826.125139020034,140.8971460806468,9.233776518803744,1.040308819774258,9.427850326587711,0,0,0,0,0,0,0,0
1540.00000015501,1826.125162451296,140.8971424976594,9.233776519233581,1.040307876948532,9.42785032380781,0,0,0,0,0,0,0,0
1540.00000015501,1826.125162451296,140.8971424976594,9.233776519233581,1.040307876948532,9.42785032380781,0,0,0,0,0,0,0,0
1549.00000031012,1631.261110884726,150.2923474900764,9.231479245066097,155.2945200935349,9.430712706471835,0,0,0,0,0,0,0,0
1549.00000031012,1631.261110884726,150.2923474900764,9.231479245066097,155.2945200935349,9.430712706471835,0,0,0,0,0,0,0,0
1550,1830.210249866525,140.8971461292749,9.234117242016488,1.04030878797367,9.427850327640558,0,0,0,0,0,0,0,0
1550.000000156016,1830.210273449819,140.8971425230471,9.234117242449086,1.040307839032186,9.427850324842627,0,0,0,0,0,0,0,0
1550.000000156016,1830.210273449819,140.8971425230471,9.234117242449086,1.040307839032186,9.427850324842627,0,0,0,0,0,0,0,0
1559.000000312127,1635.349046984048,150.2923474956328,9.231818602292797,155.2945200930355,9.430712707500819,0,0,0,0,0,0,0,0
1559.000000312127,1635.349046984048,150.2923474956328,9.231818602292797,155.2945200930355,9.430712707500819,0,0,0,0,0,0,0,0
1560,1834.298498793639,140.8971461780621,9.23445644778498,1.04030875655097,9.427850328692692,0,0,0,0,0,0,0,0
1560.000000157016,1834.298522528175,140.8971425487148,9.234456448220325,1.040307801525534,9.42785032587682,0,0,0,0,0,0,0,0
1560.000000157016,1834.298522528175,140.8971425487148,9.234456448220325,1.040307801525534,9.42785032587682,0,0,0,0,0,0,0,0
1569.000000314128,1639.440107357105,150.2923475012212,9.232156448720113,155.2945200925489,9.430712708531177,0,0,0,0,0,0,0,0
1569.000000314128,1639.440107357105,150.2923475012212,9.232156448720113,155.2945200925489,9.430712708531177,0,0,0,0,0,0,0,0
1570,1838.389870465747,140.8971462266282,9.234794143493207,1.040308725412027,9.427850329746059,0,0,0,0,0,0,0,0
1570.000000158016,1838.389894351491,140.8971425741666,9.234794143931301,1.04030776430402,9.427850326912257,0,0,0,0,0,0,0,0
1570.000000158016,1838.389894351491,140.8971425741666,9.234794143931301,1.04030776430402,9.427850326912257,0,0,0,0,0,0,0,0
1579.000000316127,1643.534276733854,150.2923475067604,9.23249279174243,155.2945200920699,9.430712709561327,0,0,0,0,0,0,0,0
1579.000000316127,1643.534276733854,150.2923475067604,9.23249279174243,155.2945200920699,9.430712709561327,0,0,0,0,0,0,0,0
1580,1842.484349618194,140.8971462752211,9.235130336536397,1.040308694637049,9.427850330799211,0,0,0,0,0,0,0,0
1580.000000159004,1842.484373653324,140.8971425999237,9.235130336977209,1.040307727519766,9.427850327947692,0,0,0,0,0,0,0,0
1580.000000159004,1842.484373653324,140.8971425999237,9.235130336977209,1.040307727519766,9.427850327947692,0,0,0,0,0,0,0,0
1589.00000031811,1647.631539918191,150.2923475123625,9.232827638763535,155.2945200915927,9.430712710593292,0,0,0,0,0,0,0,0
1589.00000031811,1647.631539918191,150.2923475123625,9.232827638763535,155.2945200915927,9.430712710593292,0,0,0,0,0,0,0,0
1590,1846.581921064613,140.8971463236001,9.235465034319253,1.040308664134798,9.427850331854032,0,0,0,0,0,0,0,0
1590.000000160015,1846.581945252636,140.897142624931,9.235465034762843,1.040307690867175,9.427850328984375,0,0,0,0,0,0,0,0
1590.000000160015,1846.581945252636,140.897142624931,9.235465034762843,1.040307690867175,9.427850328984375,0,0,0,0,0,0,0,0
1599.000000320116,1651.731881790753,150.2923475178258,9.233160997189945,155.2945200911269,9.430712711621469,0,0,0,0,0,0,0,0
1599.000000320116,1651.731881790753,150.2923475178258,9.233160997189945,155.2945200911269,9.430712711621469,0,0,0,0,0,0,0,0
1600,1850.682569688444,140.8971463723003,9.235798244248063,1.040308634079565,9.427850332905129,0,0,0,0,0,0,0,0
1600.000000161019,1850.682594028363,140.8971426504118,9.235798244694415,1.040307654701706,9.427850330017462,0,0,0,0,0,0,0,0
1600.000000161019,1850.682594028363,140.8971426504118,9.235798244694415,1.040307654701706,9.427850330017462,0,0,0,0,0,0,0,0
1609.000000322124,1655.83528730493,150.2923475233813,9.233492874430683,155.2945200906637,9.430712712648928,0,0,0,0,0,0,0,0
1609.000000322124,1655.83528730493,150.2923475233813,9.233492874430683,155.2945200906637,9.430712712648928,0,0,0,0,0,0,0,0
1610,1854.786280453128,140.8971464211425,9.236129973732272,1.040308604375905,9.427850333955751,0,0,0,0,0,0,0,0
1610.000000162005,1854.786304942091,140.8971426764708,9.236129974181331,1.040307619002594,9.427850331050411,0,0,0,0,0,0,0,0
1610.000000162005,1854.786304942091,140.8971426764708,9.236129974181331,1.040307619002594,9.427850331050411,0,0,0,0,0,0,0,0
1619.000000324125,1659.941741490064,150.2923475290418,9.233823277896143,155.2945200902095,9.430712713680489,0,0,0,0,0,0,0,0
1619.000000324125,1659.941741490064,150.2923475290418,9.233823277896143,155.2945200902095,9.430712713680489,0,0,0,0,0,0,0,0
1620,1858.893038396966,140.8971464699164,9.236460230182116,1.040308574958667,9.427850335010552,0,0,0,0,0,0,0,0
1620.000000163023,1858.893063039819,140.8971427017204,9.236460230633977,1.040307583394905,9.427850332086949,0,0,0,0,0,0,0,0
1620.000000163023,1858.893063039819,140.8971427017204,9.236460230633977,1.040307583394905,9.427850332086949,0,0,0,0,0,0,0,0
1629.000000326134,1664.05122945226,150.2923475345285,9.234152214987411,155.2945200897609,9.430712714710152,0,0,0,0,0,0,0,0
1629.000000326134,1664.05122945226,150.2923475345285,9.234152214987411,155.2945200897609,9.430712714710152,0,0,0,0,0,0,0,0
1630,1863.002828630971,140.8971465187624,9.236789020997225,1.040308545917181,9.42785033606325,0,0,0,0,0,0,0,0
1630.000000164016,1863.002853423935,140.8971427276203,9.236789021451809,1.040307548315091,9.427850333121851,0,0,0,0,0,0,0,0
1630.000000164016,1863.002853423935,140.8971427276203,9.236789021451809,1.040307548315091,9.427850333121851,0,0,0,0,0,0,0,0
1639.000000328116,1668.163736369624,150.2923475401291,9.23447969309689,155.2945200893172,9.430712715741633,0,0,0,0,0,0,0,0
1639.000000328116,1668.163736369624,150.2923475401291,9.23447969309689,155.2945200893172,9.430712715741633,0,0,0,0,0,0,0,0
1640,1867.115636345613,140.8971465671987,9.237116353569478,1.040308517061482,9.427850337117601,0,0,0,0,0,0,0,0
1640.000000165005,1867.115661288138,140.8971427531945,9.23711635402678,1.04030751344319,9.42785033415846,0,0,0,0,0,0,0,0
1640.000000165005,1867.115661288138,140.8971427531945,9.23711635402678,1.04030751344319,9.42785033415846,0,0,0,0,0,0,0,0
1649.000000330121,1672.279247497206,150.2923475457057,9.234805719605221,155.2945200888805,9.430712716773188,0,0,0,0,0,0,0,0
1649.000000330121,1672.279247497206,150.2923475457057,9.234805719605221,155.2945200888805,9.430712716773188,0,0,0,0,0,0,0,0
1650,1871.231446797401,140.8971466160184,9.237442235277838,1.040308488626476,9.42785033817221,0,0,0,0,0,0,0,0
1650.000000166003,1871.231471890896,140.8971427789367,9.237442235737882,1.040307478935279,9.427850335195165,0,0,0,0,0,0,0,0
1650.000000166003,1871.231471890896,140.8971427789367,9.237442235737882,1.040307478935279,9.427850335195165,0,0,0,0,0,0,0,0
1659.000000332106,1676.397748163967,150.2923475512654,9.235130301877881,155.2945200884474,9.430712717805193,0,0,0,0,0,0,0,0
1659.000000332106,1676.397748163967,150.2923475512654,9.235130301877881,155.2945200884474,9.430712717805193,0,0,0,0,0,0,0,0
1660,1875.350245328287,140.8971466643817,9.237766673486256,1.04030846038161,9.427850339226891,0,0,0,0,0,0,0,0
1660.000000167006,1875.350270573406,140.8971428041227,9.237766673949057,1.040307444591229,9.427850336231865,0,0,0,0,0,0,0,0
1660.000000167006,1875.350270573406,140.8971428041227,9.237766673949057,1.040307444591229,9.427850336231865,0,0,0,0,0,0,0,0
1669.000000334138,1680.519223773738,150.2923475567814,9.235453447260669,155.2945200880228,9.430712718833989,0,0,0,0,0,0,0,0
1669.000000334138,1680.519223773738,150.2923475567814,9.235453447260669,155.2945200880228,9.430712718833989,0,0,0,0,0,0,0,0
1670,1879.472017338803,140.8971467139079,9.238089675538232,1.04030843275722,9.427850340279223,0,0,0,0,0,0,0,0
1670.000000168033,1879.472042739257,140.8971428299039,9.238089676003852,1.040307410718293,9.427850337265779,0,0,0,0,0,0,0,0
1670.000000168033,1879.472042739257,140.8971428299039,9.238089676003852,1.040307410718293,9.427850337265779,0,0,0,0,0,0,0,0
1679.000000336139,1684.643659803799,150.2923475623352,9.235775163081506,155.2945200876029,9.430712719863083,0,0,0,0,0,0,0,0
1679.000000336139,1684.643659803799,150.2923475623352,9.235775163081506,155.2945200876029,9.430712719863083,0,0,0,0,0,0,0,0
1680,1883.596748326149,140.8971467627568,9.238411248760098,1.040308405246733,9.427850341331393,0,0,0,0,0,0,0,0
1680.000000169004,1883.596773873381,140.8971428563165,9.238411249228385,1.040307377303617,9.42785033830053,0,0,0,0,0,0,0,0
1680.000000169004,1883.596773873381,140.8971428563165,9.238411249228385,1.040307377303617,9.42785033830053,0,0,0,0,0,0,0,0
1689.000000338124,1688.771041805322,150.292347568055,9.236095456648281,155.2945200871875,9.430712720897974,0,0,0,0,0,0,0,0
1689.000000338124,1688.771041805322,150.292347568055,9.236095456648281,155.2945200871875,9.430712720897974,0,0,0,0,0,0,0,0
1690,1887.724423847481,140.8971468112634,9.238731400457592,1.040308377910023,9.427850342389256,0,0,0,0,0,0,0,0
1690.000000170017,1887.724449547987,140.8971428813934,9.238731400928661,1.040307343801335,9.427850339340226,0,0,0,0,0,0,0,0
1690.000000170017,1887.724449547987,140.8971428813934,9.238731400928661,1.040307343801335,9.427850339340226,0,0,0,0,0,0,0,0
1699.000000340149,1692.901355406386,150.2923475735165,9.236414335238596,155.2945200867779,9.430712721928872,0,0,0,0,0,0,0,0
1699.000000340149,1692.901355406386,150.2923475735165,9.236414335238596,155.2945200867779,9.430712721928872,0,0,0,0,0,0,0,0
1700,1891.855029528255,140.8971468605662,9.239050137904522,1.040308351127622,9.427850343443385,0,0,0,0,0,0,0,0
1700.000000171021,1891.855055380593,140.8971429074874,9.239050138378353,1.040307310911445,9.427850340376345,0,0,0,0,0,0,0,0
1700.000000171021,1891.855055380593,140.8971429074874,9.239050138378353,1.040307310911445,9.427850340376345,0,0,0,0,0,0,0,0
1709.000000342132,1697.034586304259,150.2923475791228,9.236731806104196,155.2945200863768,9.430712722961541,0,0,0,0,0,0,0,0
1709.000000342132,1697.034586304259,150.2923475791228,9.236731806104196,155.2945200863768,9.430712722961541,0,0,0,0,0,0,0,0
1710,1895.988551085478,140.897146909141,9.239367468350828,1.040308324413467,9.427850344498875,0,0,0,0,0,0,0,0
1710.00000017202,1895.988577088857,140.8971429329742,9.239367468827401,1.040307278121608,9.427850341413926,0,0,0,0,0,0,0,0
1710.00000017202,1895.988577088857,140.8971429329742,9.239367468827401,1.040307278121608,9.427850341413926,0,0,0,0,0,0,0,0
1719.000000344136,1701.170720272722,150.2923475846596,9.237047876467846,155.2945200859774,9.430712723992455,0,0,0,0,0,0,0,0
1719.000000344136,1701.170720272722,150.2923475846596,9.237047876467846,155.2945200859774,9.430712723992455,0,0,0,0,0,0,0,0
1720,1900.12497429235,140.8971469579963,9.239683399015719,1.040308298071494,9.427850345552756,0,0,0,0,0,0,0,0
1720.000000173001,1900.12500044409,140.8971429591514,9.239683399494986,1.040307245811824,9.427850342450203,0,0,0,0,0,0,0,0
1720.000000173001,1900.12500044409,140.8971429591514,9.239683399494986,1.040307245811824,9.427850342450203,0,0,0,0,0,0,0,0
1729.000000346111,1705.309743156493,150.2923475902867,9.237362553522818,155.294520085583,9.430712725026011,0,0,0,0,0,0,0,0
1729.000000346111,1705.309743156493,150.2923475902867,9.237362553522818,155.294520085583,9.430712725026011,0,0,0,0,0,0,0,0
1730,1904.264285007694,140.8971470062345,9.239997937089786,1.040308271830099,9.427850346608883,0,0,0,0,0,0,0,0
1730.000000174006,1904.264311311403,140.8971429841597,9.239997937571815,1.040307213457403,9.427850343488311,0,0,0,0,0,0,0,0
1730.000000174006,1904.264311311403,140.8971429841597,9.239997937571815,1.040307213457403,9.427850343488311,0,0,0,0,0,0,0,0
1739.000000348117,1709.451640875473,150.292347595721,9.237675844426077,155.2945200851943,9.4307127260541,0,0,0,0,0,0,0,0
1739.000000348117,1709.451640875473,150.292347595721,9.237675844426077,155.2945200851943,9.4307127260541,0,0,0,0,0,0,0,0
1740,1908.406469148573,140.8971470551413,9.240311089725726,1.040308246084064,9.427850347659829,0,0,0,0,0,0,0,0
1740.000000175003,1908.40649560298,140.897143010031,9.240311090210492,1.04030718164951,9.427850344521376,0,0,0,0,0,0,0,0
1740.000000175003,1908.40649560298,140.897143010031,9.240311090210492,1.04030718164951,9.427850344521376,0,0,0,0,0,0,0,0
1749.000000350139,1713.596399418315,150.2923476013481,9.237987756302385,155.2945200848097,9.43071272708282,0,0,0,0,0,0,0,0
1749.000000350139,1713.596399418315,150.2923476013481,9.237987756302385,155.2945200848097,9.43071272708282,0,0,0,0,0,0,0,0
1750,1912.551512713547,140.8971471046549,9.240622864045646,1.040308220732298,9.427850348712129,0,0,0,0,0,0,0,0
1750.000000176013,1912.551539320646,140.8971430362043,9.240622864533183,1.040307150155672,9.427850345555576,0,0,0,0,0,0,0,0
1750.000000176013,1912.551539320646,140.8971430362043,9.240622864533183,1.040307150155672,9.427850345555576,0,0,0,0,0,0,0,0
1759.000000352133,1717.744004848428,150.2923476069483,9.238298296244091,155.2945200844307,9.430712728114472,0,0,0,0,0,0,0,0
1759.000000352133,1717.744004848428,150.2923476069483,9.238298296244091,155.2945200844307,9.430712728114472,0,0,0,0,0,0,0,0
1760,1916.699401780773,140.8971471534184,9.240933267138228,1.04030819545881,9.427850349766761,0,0,0,0,0,0,0,0
1760.000000177004,1916.699428537747,140.8971430620585,9.240933267628483,1.040307118853514,9.427850346592425,0,0,0,0,0,0,0,0
1760.000000177004,1916.699428537747,140.8971430620585,9.240933267628483,1.040307118853514,9.427850346592425,0,0,0,0,0,0,0,0
1769.000000354108,1721.89444330019,150.2923476125091,9.238607471303236,155.2945200840566,9.430712729146787,0,0,0,0,0,0,0,0
1769.000000354108,1721.89444330019,150.2923476125091,9.238607471303236,155.2945200840566,9.430712729146787,0,0,0,0,0,0,0,0
1770,1920.850122489693,140.8971472017355,9.241242306051422,1.040308170343633,9.42785035082162,0,0,0,0,0,0,0,0
1770.000000178023,1920.850149400804,140.8971430868146,9.241242306544478,1.040307087538177,9.427850347629017,0,0,0,0,0,0,0,0
1770.000000178023,1920.850149400804,140.8971430868146,9.241242306544478,1.040307087538177,9.427850347629017,0,0,0,0,0,0,0,0
1779.00000035615,1726.047700979816,150.2923476179267,9.238915288488878,155.2945200836904,9.430712730171678,0,0,0,0,0,0,0,0
1779.00000035615,1726.047700979816,150.2923476179267,9.238915288488878,155.2945200836904,9.430712730171678,0,0,0,0,0,0,0,0
1780,1925.003661040776,140.897147251476,9.2415499877897,1.040308145897769,9.427850351869964,0,0,0,0,0,0,0,0
1780.000000179006,1925.003688100524,140.897143113835,9.241549988285454,1.040307057113427,9.427850348659723,0,0,0,0,0,0,0,0
1780.000000179006,1925.003688100524,140.897143113835,9.241549988285454,1.040307057113427,9.427850348659723,0,0,0,0,0,0,0,0
1789.000000358114,1730.203764160613,150.2923476236877,9.239221754779289,155.2945200833221,9.430712731204789,0,0,0,0,0,0,0,0
1789.000000358114,1730.203764160613,150.2923476236877,9.239221754779289,155.2945200833221,9.430712731204789,0,0,0,0,0,0,0,0
1790,1929.160003736312,140.897147299735,9.241856319329143,1.040308121252761,9.427850352925836,0,0,0,0,0,0,0,0
1790.000000180012,1929.160030948134,140.8971431388483,9.241856319827658,1.040307026351234,9.427850349697568,0,0,0,0,0,0,0,0
1790.000000180012,1929.160030948134,140.8971431388483,9.241856319827658,1.040307026351234,9.427850349697568,0,0,0,0,0,0,0,0
1799.000000360124,1734.362619192852,150.2923476291139,9.239526877107155,155.2945200829618,9.430712732233054,0,0,0,0,0,0,0,0
1799.000000360124,1734.362619192852,150.2923476291139,9.239526877107155,155.2945200829618,9.430712732233054,0,0,0,0,0,0,0,0
1800,1933.319136913768,140.8971473489211,9.242161307596453,1.040308097178415,9.427850353977147,0,0,0,0,0,0,0,0
1800.000000181008,1933.319164276187,140.8971431650147,9.242161308097703,1.040306996219169,9.427850350731015,0,0,0,0,0,0,0,0
1800.000000181008,1933.319164276187,140.8971431650147,9.242161308097703,1.040306996219169,9.427850350731015,0,0,0,0,0,0,0,0
1809.000000362118,1738.524252490461,150.2923476347389,9.239830662363754,155.294520082607,9.430712733263267,0,0,0,0,0,0,0,0
1809.000000362118,1738.524252490461,150.2923476347389,9.239830662363754,155.294520082607,9.430712733263267,0,0,0,0,0,0,0,0
1810,1937.481047005305,140.8971473978009,9.242464959479845,1.040308073239336,9.427850355030403,0,0,0,0,0,0,0,0
1810.000000182017,1937.481074520315,140.89714319057,9.242464959983865,1.040306966142157,9.427850351766173,0,0,0,0,0,0,0,0
1810.000000182017,1937.481074520315,140.89714319057,9.242464959983865,1.040306966142157,9.427850351766173,0,0,0,0,0,0,0,0
1819.000000364134,1742.688650541111,150.2923476402699,9.240133117398893,155.2945200822561,9.430712734291864,0,0,0,0,0,0,0,0
1819.000000364134,1742.688650541111,150.2923476402699,9.240133117398893,155.2945200822561,9.430712734291864,0,0,0,0,0,0,0,0
1820,1941.645720499364,140.8971474470494,9.242767281824301,1.040308049666705,9.427850356082189,0,0,0,0,0,0,0,0
1820.000000183008,1941.645748164284,140.8971432169039,9.242767282331043,1.040306936539463,9.427850352800178,0,0,0,0,0,0,0,0
1820.000000183008,1941.645748164284,140.8971432169039,9.242767282331043,1.040306936539463,9.427850352800178,0,0,0,0,0,0,0,0
1829.000000366113,1746.855799899064,150.2923476458967,9.24043424902065,155.2945200819105,9.430712735323693,0,0,0,0,0,0,0,0
1829.000000366113,1746.855799899064,150.2923476458967,9.24043424902065,155.2945200819105,9.430712735323693,0,0,0,0,0,0,0,0
1830,1945.813143965663,140.8971474955316,9.243068281434136,1.040308026123609,9.427850357136746,0,0,0,0,0,0,0,0
1830.000000184017,1945.81317178321,140.8971432420563,9.243068281943646,1.040306906857047,9.427850353836636,0,0,0,0,0,0,0,0
1830.000000184017,1945.81317178321,140.8971432420563,9.243068281943646,1.040306906857047,9.427850353836636,0,0,0,0,0,0,0,0
1839.000000368122,1751.025687189981,150.2923476513426,9.240734063989793,155.2945200815619,9.430712736350708,0,0,0,0,0,0,0,0
1839.000000368122,1751.025687189981,150.2923476513426,9.240734063989793,155.2945200815619,9.430712736350708,0,0,0,0,0,0,0,0
1840,1949.983304025638,140.8971475446851,9.24336796506479,1.040308003041593,9.42785035818677,0,0,0,0,0,0,0,0
1840.00000018502,1949.98333199478,140.8971432680378,9.24336796557705,1.0403068776772,9.42785035486868,0,0,0,0,0,0,0,0
1840.00000018502,1949.98333199478,140.8971432680378,9.24336796557705,1.0403068776772,9.42785035486868,0,0,0,0,0,0,0,0
1849.000000370141,1755.198299104374,150.2923476569529,9.241032569024759,155.2945200812208,9.430712737378423,0,0,0,0,0,0,0,0
1849.000000370141,1755.198299104374,150.2923476569529,9.241032569024759,155.2945200812208,9.430712737378423,0,0,0,0,0,0,0,0
1850,1954.1561873806,140.8971475942155,9.243666339431048,1.040307980267071,9.427850359237961,0,0,0,0,0,0,0,0
1850.000000186015,1954.156215500202,140.8971432945694,9.24366633994604,1.040306848850483,9.427850355902031,0,0,0,0,0,0,0,0
1850.000000186015,1954.156215500202,140.8971432945694,9.24366633994604,1.040306848850483,9.427850355902031,0,0,0,0,0,0,0,0
1859.000000372139,1759.37362240263,150.2923476626291,9.241329770803281,155.2945200808855,9.430712738411302,0,0,0,0,0,0,0,0
1859.000000372139,1759.37362240263,150.2923476626291,9.241329770803281,155.2945200808855,9.430712738411302,0,0,0,0,0,0,0,0
1860,1958.331780802706,140.8971476432663,9.243963411206309,1.040307957594611,9.427850360294061,0,0,0,0,0,0,0,0
1860.000000187001,1958.331809071361,140.8971433208371,9.243963411724007,1.040306820182529,9.427850356940453,0,0,0,0,0,0,0,0
1860.000000187001,1958.331809071361,140.8971433208371,9.243963411724007,1.040306820182529,9.427850356940453,0,0,0,0,0,0,0,0
1869.000000374112,1763.551643912904,150.2923476682467,9.241625675955317,155.2945200805523,9.430712739447241,0,0,0,0,0,0,0,0
1869.000000374112,1763.551643912904,150.2923476682467,9.241625675955317,155.2945200805523,9.430712739447241,0,0,0,0,0,0,0,0
1870,1962.510071126639,140.897147691753,9.244259187015576,1.040307935023015,9.427850361352636,0,0,0,0,0,0,0,0
1870.000000188017,1962.510099549021,140.8971433458259,9.244259187536063,1.040306791427352,9.427850357980804,0,0,0,0,0,0,0,0
1870.000000188017,1962.510099549021,140.8971433458259,9.244259187536063,1.040306791427352,9.427850357980804,0,0,0,0,0,0,0,0
1879.000000376137,1767.732350530646,150.2923476736635,9.241920291058923,155.2945200802253,9.43071274047616,0,0,0,0,0,0,0,0
1879.000000376137,1767.732350530646,150.2923476736635,9.241920291058923,155.2945200802253,9.43071274047616,0,0,0,0,0,0,0,0
1880,1966.691045243627,140.8971477412081,9.24455367343155,1.040307912983999,9.427850362404646,0,0,0,0,0,0,0,0
1880.000000189037,1966.691073820217,140.8971433717093,9.244553673954837,1.040306763185391,9.427850359014514,0,0,0,0,0,0,0,0
1880.000000189037,1966.691073820217,140.8971433717093,9.244553673954837,1.040306763185391,9.427850359014514,0,0,0,0,0,0,0,0
1889.00000037816,1771.915729214858,150.2923476792313,9.242213622650176,155.2945200799043,9.430712741503754,0,0,0,0,0,0,0,0
1889.00000037816,1771.915729214858,150.2923476792313,9.242213622650176,155.2945200799043,9.430712741503754,0,0,0,0,0,0,0,0
1890,1970.874690126964,140.8971477907793,9.24484687698672,1.040307891175343,9.427850363455601,0,0,0,0,0,0,0,0
1890.00000019001,1970.874718850752,140.8971433987812,9.244846877512678,1.040306735455917,9.427850360048017,0,0,0,0,0,0,0,0
1890.00000019001,1970.874718850752,140.8971433987812,9.244846877512678,1.040306735455917,9.427850360048017,0,0,0,0,0,0,0,0
1899.000000380137,1776.101766991663,150.292347685006,9.242505677226257,155.294520079583,9.430712742539681,0,0,0,0,0,0,0,0
1899.000000380137,1776.101766991663,150.292347685006,9.242505677226257,155.294520079583,9.430712742539681,0,0,0,0,0,0,0,0
1900,1975.060992816352,140.8971478394477,9.245138804174283,1.040307869319771,9.427850364514525,0,0,0,0,0,0,0,0
1900.000000191003,1975.061021690258,140.8971434245035,9.245138804702961,1.040306707561973,9.427850361089137,0,0,0,0,0,0,0,0
1900.000000191003,1975.061021690258,140.8971434245035,9.245138804702961,1.040306707561973,9.427850361089137,0,0,0,0,0,0,0,0
1909.000000382107,1780.290450956029,150.2923476904944,9.242796461232198,155.2945200792646,9.430712743574166,0,0,0,0,0,0,0,0
1909.000000382107,1780.290450956029,150.2923476904944,9.242796461232198,155.2945200792646,9.430712743574166,0,0,0,0,0,0,0,0
1910,1979.249940406615,140.8971478877831,9.245429461433295,1.040307847661064,9.42785036557131,0,0,0,0,0,0,0,0
1910.000000192027,1979.249969435315,140.897143449178,9.245429461964783,1.040306679676806,9.427850362127566,0,0,0,0,0,0,0,0
1910.000000192027,1979.249969435315,140.897143449178,9.245429461964783,1.040306679676806,9.427850362127566,0,0,0,0,0,0,0,0
1919.00000038415,1784.481768264916,150.2923476958732,9.243085981059581,155.2945200789532,9.430712744598653,0,0,0,0,0,0,0,0
1919.00000038415,1784.481768264916,150.2923476958732,9.243085981059581,155.2945200789532,9.430712744598653,0,0,0,0,0,0,0,0
1920,1983.441520049316,140.8971479377602,9.245718855150379,1.040307826682832,9.427850366619209,0,0,0,0,0,0,0,0
1920.000000193015,1983.441549227447,140.8971434763142,9.245718855684579,1.040306652687857,9.427850363157747,0,0,0,0,0,0,0,0
1920.000000193015,1983.441549227447,140.8971434763142,9.245718855684579,1.040306652687857,9.427850363157747,0,0,0,0,0,0,0,0
1929.000000386123,1788.675706137229,150.2923477016418,9.243374243065279,155.2945200786405,9.430712745630601,0,0,0,0,0,0,0,0
1929.000000386123,1788.675706137229,150.2923477016418,9.243374243065279,155.2945200786405,9.430712745630601,0,0,0,0,0,0,0,0
1930,1987.635718992535,140.8971479863601,9.246006991679788,1.040307805485833,9.427850367674033,0,0,0,0,0,0,0,0
1930.000000194005,1987.63574832034,140.8971435020363,9.246006992216705,1.04030662547046,9.427850364194812,0,0,0,0,0,0,0,0
1930.000000194005,1987.63574832034,140.8971435020363,9.246006992216705,1.04030662547046,9.427850364194812,0,0,0,0,0,0,0,0
1939.000000388145,1792.872251862085,150.2923477072003,9.24366125355753,155.2945200783338,9.430712746662001,0,0,0,0,0,0,0,0
1939.000000388145,1792.872251862085,150.2923477072003,9.24366125355753,155.2945200783338,9.430712746662001,0,0,0,0,0,0,0,0
1940,1991.832524513072,140.897148035894,9.246293877323545,1.040307784797644,9.427850368728782,0,0,0,0,0,0,0,0
1940.000000195028,1991.832553995706,140.897143527904,9.246293877863272,1.040306598554424,9.427850365231206,0,0,0,0,0,0,0,0
1940.000000195028,1991.832553995706,140.897143527904,9.246293877863272,1.040306598554424,9.427850365231206,0,0,0,0,0,0,0,0
1949.000000390158,1797.071392788397,150.2923477127251,9.243947018794364,155.2945200780296,9.430712747692125,0,0,0,0,0,0,0,0
1949.000000390158,1797.071392788397,150.2923477127251,9.243947018794364,155.2945200780296,9.430712747692125,0,0,0,0,0,0,0,0
1950,1996.031923974469,140.8971480852523,9.246579518335333,1.040307764288635,9.427850369782064,0,0,0,0,0,0,0,0
1950.000000196008,1996.03195360523,140.897143554621,9.246579518877741,1.040306572087247,9.427850366266918,0,0,0,0,0,0,0,0
1950.000000196008,1996.03195360523,140.897143554621,9.246579518877741,1.040306572087247,9.427850366266918,0,0,0,0,0,0,0,0
1959.00000039214,1801.273116327841,150.2923477184242,9.244231544991347,155.2945200777298,9.430712748727213,0,0,0,0,0,0,0,0
1959.00000039214,1801.273116327841,150.2923477184242,9.244231544991347,155.2945200777298,9.430712748727213,0,0,0,0,0,0,0,0
1960,2000.233904798308,140.8971481340774,9.246863920926687,1.040307743818488,9.427850370840032,0,0,0,0,0,0,0,0
1960.000000197024,2000.233934582696,140.897143579964,9.246863921471883,1.040306545437655,9.427850367306677,0,0,0,0,0,0,0,0
1960.000000197024,2000.233934582696,140.897143579964,9.246863921471883,1.040306545437655,9.427850367306677,0,0,0,0,0,0,0,0
1969.000000394137,1805.477409958434,150.2923477238503,9.24451483831367,155.2945200774339,9.430712749757147,0,0,0,0,0,0,0,0
1969.000000394137,1805.477409958434,150.2923477238503,9.24451483831367,155.2945200774339,9.430712749757147,0,0,0,0,0,0,0,0
1970,2004.438454461299,140.8971481831117,9.2471470912571,1.040307723675068,9.427850371892697,0,0,0,0,0,0,0,0
1970.000000198023,2004.438484396803,140.8971436058997,9.247147091805036,1.040306519215745,9.427850368341415,0,0,0,0,0,0,0,0
1970.000000198023,2004.438484396803,140.8971436058997,9.247147091805036,1.040306519215745,9.427850368341415,0,0,0,0,0,0,0,0
1979.000000396135,1809.684261215975,150.2923477294194,9.244796904880886,155.2945200771422,9.43071275078565,0,0,0,0,0,0,0,0
1979.000000396135,1809.684261215975,150.2923477294194,9.244796904880886,155.2945200771422,9.43071275078565,0,0,0,0,0,0,0,0
1980,2008.645560508897,140.897148232207,9.247429035442291,1.040307703728867,9.427850372944141,0,0,0,0,0,0,0,0
1980.000000199023,2008.645590595588,140.897143631886,9.247429035992969,1.040306493188287,9.427850369374928,0,0,0,0,0,0,0,0
1980.000000199023,2008.645590595588,140.897143631886,9.247429035992969,1.040306493188287,9.427850369374928,0,0,0,0,0,0,0,0
1989.000000398143,1813.893657700614,150.2923477349876,9.245077750769957,155.2945200768507,9.43071275181382,0,0,0,0,0,0,0,0
1989.000000398143,1813.893657700614,150.2923477349876,9.245077750769957,155.2945200768507,9.43071275181382,0,0,0,0,0,0,0,0
1990,2012.855210545732,140.8971482814891,9.247709759554615,1.040307684040827,9.427850373995438,0,0,0,0,0,0,0,0
1990.000000200007,2012.855240781307,140.8971436584111,9.247709760107995,1.040306467511649,9.427850370408571,0,0,0,0,0,0,0,0
1990.000000200007,2012.855240781307,140.8971436584111,9.247709760107995,1.040306467511649,9.427850370408571,0,0,0,0,0,0,0,0
1999.000000400125,1818.105587072743,150.2923477406454,9.245357382013612,155.294520076564,9.430712752845817,0,0,0,0,0,0,0,0
1999.000000400125,1818.105587072743,150.2923477406454,9.245357382013612,155.294520076564,9.430712752845817,0,0,0,0,0,0,0,0
2000,2017.067392242626,140.8971483303786,9.24798926962252,1.040307664438596,9.427850375050374,0,0,0,0,0,0,0,0
2000.000000201032,2017.067422633066,140.8971436836293,9.247989270178705,1.040306441680179,9.427850371445139,0,0,0,0,0,0,0,0
2000.000000201032,2017.067422633066,140.8971436836293,9.247989270178705,1.040306441680179,9.427850371445139,0,0,0,0,0,0,0,0
2009.000000402153,1822.320037055903,150.2923477460849,9.245635804594082,155.2945200762813,9.430712753872349,0,0,0,0,0,0,0,0
2009.000000402153,1822.320037055903,150.2923477460849,9.245635804594082,155.2945200762813,9.430712753872349,0,0,0,0,0,0,0,0
2010,2021.28209331992,140.8971483800096,9.248267571622737,1.04030764528158,9.427850376100109,0,0,0,0,0,0,0,0
2010.000000202,2021.282123856839,140.8971437108713,9.248267572181581,1.04030641663137,9.427850372477499,0,0,0,0,0,0,0,0
2010.000000202,2021.282123856839,140.8971437108713,9.248267572181581,1.04030641663137,9.427850372477499,0,0,0,0,0,0,0,0
2019.000000404103,1826.536995429368,150.2923477518229,9.245913024454316,155.2945200760015,9.430712754906732,0,0,0,0,0,0,0,0
2019.000000404103,1826.536995429368,150.2923477518229,9.245913024454316,155.2945200760015,9.430712754906732,0,0,0,0,0,0,0,0
2020,2025.499301580105,140.8971484282261,9.248544671495305,1.040307625893655,9.427850377156989,0,0,0,0,0,0,0,0
2020.000000203017,2025.499332270823,140.8971437355793,9.248544672056939,1.040306391057077,9.427850373516144,0,0,0,0,0,0,0,0
2020.000000203017,2025.499332270823,140.8971437355793,9.248544672056939,1.040306391057077,9.427850373516144,0,0,0,0,0,0,0,0
2029.000000406136,1830.756450039112,150.2923477571785,9.246189047485771,155.2945200757192,9.430712755932079,0,0,0,0,0,0,0,0
2029.000000406136,1830.756450039112,150.2923477571785,9.246189047485771,155.2945200757192,9.430712755932079,0,0,0,0,0,0,0,0
2030,2029.719004851351,140.8971484780385,9.248820575125144,1.040307607204752,9.427850378205578,0,0,0,0,0,0,0,0
2030.000000204008,2029.71903569195,140.8971437624824,9.248820575689495,1.040306366339462,9.427850374546958,0,0,0,0,0,0,0,0
2030.000000204008,2029.71903569195,140.8971437624824,9.248820575689495,1.040306366339462,9.427850374546958,0,0,0,0,0,0,0,0
2039.000000408128,1834.978388782717,150.2923477629113,9.246463879540366,155.2945200754476,9.430712756962871,0,0,0,0,0,0,0,0
2039.000000408128,1834.978388782717,150.2923477629113,9.246463879540366,155.2945200754476,9.430712756962871,0,0,0,0,0,0,0,0
2040,2033.941191056697,140.8971485271576,9.249095288361749,1.040307588457086,9.4278503792595,0,0,0,0,0,0,0,0
2040.000000205019,2033.941222050067,140.8971437882507,9.249095288928869,1.040306341446915,9.427850375582771,0,0,0,0,0,0,0,0
2040.000000205019,2033.941222050067,140.8971437882507,9.249095288928869,1.040306341446915,9.427850375582771,0,0,0,0,0,0,0,0
2049.000000410135,1839.202799623878,150.292347768426,9.246737526425992,155.2945200751741,9.430712757992143,0,0,0,0,0,0,0,0
2049.000000410135,1839.202799623878,150.292347768426,9.246737526425992,155.2945200751741,9.430712757992143,0,0,0,0,0,0,0,0
2050,2038.165848156137,140.8971485765016,9.249368817007456,1.040307570007023,9.427850380311865,0,0,0,0,0,0,0,0
2050.000000206031,2038.165879302551,140.8971438142018,9.249368817577349,1.040306316840904,9.427850376616981,0,0,0,0,0,0,0,0
2050.000000206031,2038.165879302551,140.8971438142018,9.249368817577349,1.040306316840904,9.427850376616981,0,0,0,0,0,0,0,0
2059.000000412138,1843.429670580775,150.2923477739727,9.247009993904083,155.2945200749051,9.430712759020341,0,0,0,0,0,0,0,0
2059.000000412138,1843.429670580775,150.2923477739727,9.247009993904083,155.2945200749051,9.430712759020341,0,0,0,0,0,0,0,0
2060,2042.392964177764,140.8971486256777,9.24964116681965,1.040307551702576,9.427850381363021,0,0,0,0,0,0,0,0
2060.000000207031,2042.392995475469,140.8971438402531,9.249641167392291,1.04030629245104,9.427850377650197,0,0,0,0,0,0,0,0
2060.000000207031,2042.392995475469,140.8971438402531,9.249641167392291,1.04030629245104,9.427850377650197,0,0,0,0,0,0,0,0
2069.000000414151,1847.658989730967,150.2923477795315,9.24728128769444,155.2945200746389,9.430712760048227,0,0,0,0,0,0,0,0
2069.000000414151,1847.658989730967,150.2923477795315,9.24728128769444,155.2945200746389,9.430712760048227,0,0,0,0,0,0,0,0
2070,2046.622527200638,140.8971486753232,9.249912343513831,1.040307533713485,9.427850382414272,0,0,0,0,0,0,0,0
2070.000000208015,2046.622558647161,140.8971438671522,9.24991234408917,1.040306268476106,9.427850378683793,0,0,0,0,0,0,0,0
2070.000000208015,2046.622558647161,140.8971438671522,9.24991234408917,1.040306268476106,9.427850378683793,0,0,0,0,0,0,0,0
2079.000000416148,1851.890745208721,150.2923477852607,9.247551413477042,155.2945200743778,9.430712761082313,0,0,0,0,0,0,0,0
2079.000000416148,1851.890745208721,150.2923477852607,9.247551413477042,155.2945200743778,9.430712761082313,0,0,0,0,0,0,0,0
2080,2050.854525371608,140.8971487245388,9.250182352766256,1.040307515768129,9.427850383471554,0,0,0,0,0,0,0,0
2080.000000209014,2050.854556969217,140.8971438932745,9.25018235334433,1.040306244453628,9.427850379723161,0,0,0,0,0,0,0,0
2080.000000209014,2050.854556969217,140.8971438932745,9.25018235334433,1.040306244453628,9.427850379723161,0,0,0,0,0,0,0,0
2089.000000418119,1856.124925208506,150.2923477907893,9.247820376886271,155.2945200741154,9.430712762116441,0,0,0,0,0,0,0,0
2089.000000418119,1856.124925208506,150.2923477907893,9.247820376886271,155.2945200741154,9.430712762116441,0,0,0,0,0,0,0,0
2090,2055.088946889889,140.8971487731326,9.250451200206262,1.040307497887705,9.427850384528107,0,0,0,0,0,0,0,0
2090.000000210025,2055.088978640371,140.8971439185018,9.250451200787111,1.040306220424166,9.427850380761592,0,0,0,0,0,0,0,0
2090.000000210025,2055.088978640371,140.8971439185018,9.250451200787111,1.040306220424166,9.427850380761592,0,0,0,0,0,0,0,0
2099.000000420134,1860.36151797966,150.2923477962131,9.248088183508818,155.2945200738549,9.430712763143394,0,0,0,0,0,0,0,0
2099.000000420134,1860.36151797966,150.2923477962131,9.248088183508818,155.2945200738549,9.430712763143394,0,0,0,0,0,0,0,0
2100,2059.325780001558,140.8971488225566,9.250718891416032,1.040307480435096,9.427850385577974,0,0,0,0,0,0,0,0
2100.000000211021,2059.325811902645,140.8971439449061,9.250718891999611,1.040306196913795,9.427850381793595,0,0,0,0,0,0,0,0
2100.000000211021,2059.325811902645,140.8971439449061,9.250718891999611,1.040306196913795,9.427850381793595,0,0,0,0,0,0,0,0
2109.000000422137,1864.600511826305,150.2923478018477,9.248354838895981,155.2945200735991,9.430712764171536,0,0,0,0,0,0,0,0
2109.000000422137,1864.600511826305,150.2923478018477,9.248354838895981,155.2945200735991,9.430712764171536,0,0,0,0,0,0,0,0
2110,2063.565013022846,140.897148872107,9.25098543194378,1.040307463158422,9.427850386629419,0,0,0,0,0,0,0,0
2110.000000212003,2063.565045072408,140.8971439717627,9.250985432530049,1.040306173665102,9.427850382827437,0,0,0,0,0,0,0,0
2110.000000212003,2063.565045072408,140.8971439717627,9.250985432530049,1.040306173665102,9.427850382827437,0,0,0,0,0,0,0,0
2119.000000424103,1868.84189511104,150.292347807503,9.248620348561861,155.2945200733487,9.430712765204873,0,0,0,0,0,0,0,0
2119.000000424103,1868.84189511104,150.292347807503,9.248620348561861,155.2945200733487,9.430712765204873,0,0,0,0,0,0,0,0
2120,2067.806634329688,140.8971489204243,9.251250827299561,1.04030744573937,9.427850387685185,0,0,0,0,0,0,0,0
2120.000000213005,2067.806666530749,140.8971439969236,9.251250827888573,1.040306150152328,9.427850383865231,0,0,0,0,0,0,0,0
2120.000000213005,2067.806666530749,140.8971439969236,9.251250827888573,1.040306150152328,9.427850383865231,0,0,0,0,0,0,0,0
2129.000000426128,1873.085656252968,150.2923478129692,9.248884717971626,155.2945200730973,9.430712766232089,0,0,0,0,0,0,0,0
2129.000000426128,1873.085656252968,150.2923478129692,9.248884717971626,155.2945200730973,9.430712766232089,0,0,0,0,0,0,0,0
2130,2072.050632327429,140.8971489702692,9.251515082943207,1.040307428940979,9.427850388735685,0,0,0,0,0,0,0,0
2130.000000214021,2072.050664682189,140.8971440232758,9.251515083535008,1.040306127171702,9.427850384897505,0,0,0,0,0,0,0,0
2130.000000214021,2072.050664682189,140.8971440232758,9.251515083535008,1.040306127171702,9.427850384897505,0,0,0,0,0,0,0,0
2139.000000428121,1877.331783723249,150.2923478185359,9.249147952553352,155.2945200728465,9.430712767259728,0,0,0,0,0,0,0,0
2139.000000428121,1877.331783723249,150.2923478185359,9.249147952553352,155.2945200728465,9.430712767259728,0,0,0,0,0,0,0,0
2140,2076.29699550781,140.897149019598,9.251778204299914,1.040307412167448,9.427850389786411,0,0,0,0,0,0,0,0
2140.000000215016,2076.297028013109,140.8971440495955,9.251778204894443,1.04030610434317,9.427850385930373,0,0,0,0,0,0,0,0
2140.000000215016,2076.297028013109,140.8971440495955,9.251778204894443,1.04030610434317,9.427850385930373,0,0,0,0,0,0,0,0
2149.000000430129,1881.580266049769,150.2923478241422,9.249410057697542,155.2945200726006,9.430712768288881,0,0,0,0,0,0,0,0
2149.000000430129,1881.580266049769,150.2923478241422,9.249410057697542,155.2945200726006,9.430712768288881,0,0,0,0,0,0,0,0
2150,2080.545712399757,140.8971490690338,9.252040196756065,1.040307395593425,9.427850390838751,0,0,0,0,0,0,0,0
2150.000000216045,2080.54574506068,140.8971440752443,9.252040197353413,1.040306081509462,9.427850386964259,0,0,0,0,0,0,0,0
2150.000000216045,2080.54574506068,140.8971440752443,9.252040197353413,1.040306081509462,9.427850386964259,0,0,0,0,0,0,0,0
2159.000000432176,1885.831091815454,150.2923478296428,9.249671038752219,155.2945200723599,9.430712769314887,0,0,0,0,0,0,0,0
2159.000000432176,1885.831091815454,150.2923478296428,9.249671038752219,155.2945200723599,9.430712769314887,0,0,0,0,0,0,0,0
2160,2084.796771586181,140.8971491192719,9.252301065655248,1.040307379429442,9.427850391888445,0,0,0,0,0,0,0,0
2160.000000217006,2084.796804392347,140.8971441032825,9.252301066255226,1.040306059503455,9.427850387996731,0,0,0,0,0,0,0,0
2160.000000217006,2084.796804392347,140.8971441032825,9.252301066255226,1.040306059503455,9.427850387996731,0,0,0,0,0,0,0,0
2169.000000434122,1890.084249653383,150.2923478355407,9.24993090103411,155.2945200721184,9.430712770354488,0,0,0,0,0,0,0,0
2169.000000434122,1890.084249653383,150.2923478355407,9.24993090103411,155.2945200721184,9.430712770354488,0,0,0,0,0,0,0,0
2170,2089.050161725712,140.8971491676906,9.252560816312,1.040307362879376,9.427850392950779,0,0,0,0,0,0,0,0
2170.000000218003,2089.050194682693,140.89714412865,9.252560816914713,1.040306036887321,9.427850389041184,0,0,0,0,0,0,0,0
2170.000000218003,2089.050194682693,140.89714412865,9.252560816914713,1.040306036887321,9.427850389041184,0,0,0,0,0,0,0,0
2179.000000436111,1894.339728258111,150.292347840952,9.250189649812798,155.2945200718781,9.430712771388697,0,0,0,0,0,0,0,0
2179.000000436111,1894.339728258111,150.292347840952,9.250189649812798,155.2945200718781,9.430712771388697,0,0,0,0,0,0,0,0
2180,2093.305871498194,140.897149216548,9.252819453989687,1.040307346720336,9.427850394007384,0,0,0,0,0,0,0,0
2180.000000219014,2093.305904607982,140.8971441541514,9.252819454595173,1.040306014581997,9.42785039007966,0,0,0,0,0,0,0,0
2180.000000219014,2093.305904607982,140.8971441541514,9.252819454595173,1.040306014581997,9.42785039007966,0,0,0,0,0,0,0,0
2189.000000438122,1898.597516370242,150.2923478464068,9.250447290315652,155.2945200716437,9.430712772416191,0,0,0,0,0,0,0,0
2189.000000438122,1898.597516370242,150.2923478464068,9.250447290315652,155.2945200716437,9.430712772416191,0,0,0,0,0,0,0,0
2190,2097.563889651583,140.8971492660134,9.253076983912639,1.040307330885162,9.427850395057733,0,0,0,0,0,0,0,0
2190.000000220014,2097.563922912598,140.8971441805024,9.253076984520863,1.040305992664157,9.427850391112083,0,0,0,0,0,0,0,0
2190.000000220014,2097.563922912598,140.8971441805024,9.253076984520863,1.040305992664157,9.427850391112083,0,0,0,0,0,0,0,0
2199.000000440117,1902.857602784926,150.292347851998,9.250703827740617,155.2945200714099,9.430712773443556,0,0,0,0,0,0,0,0
2199.000000440117,1902.857602784926,150.292347851998,9.250703827740617,155.2945200714099,9.430712773443556,0,0,0,0,0,0,0,0
2200,2101.824204990785,140.8971493154871,9.253333411275859,1.040307315193597,9.427850396108242,0,0,0,0,0,0,0,0
2200.000000221004,2101.824238401513,140.8971442070931,9.253333411886793,1.040305970950774,9.427850392144837,0,0,0,0,0,0,0,0
2200.000000221004,2101.824238401513,140.8971442070931,9.253333411886793,1.040305970950774,9.427850392144837,0,0,0,0,0,0,0,0
2209.00000044211,1907.119976350784,150.2923478576364,9.250959267251154,155.2945200711792,9.430712774473951,0,0,0,0,0,0,0,0
2209.00000044211,1907.119976350784,150.2923478576364,9.250959267251154,155.2945200711792,9.430712774473951,0,0,0,0,0,0,0,0
2210,2106.086806370814,140.8971493647076,9.253588741239096,1.040307299594798,9.42785039716167,0,0,0,0,0,0,0,0
2210.000000222006,2106.086839933111,140.8971442331468,9.253588741852781,1.040305949255476,9.42785039318029,0,0,0,0,0,0,0,0
2210.000000222006,2106.086839933111,140.8971442331468,9.253588741852781,1.040305949255476,9.42785039318029,0,0,0,0,0,0,0,0
2219.000000444121,1911.384625969066,150.2923478631876,9.251213613970661,155.2945200709484,9.430712775503626,0,0,0,0,0,0,0,0
2219.000000444121,1911.384625969066,150.2923478631876,9.251213613970661,155.2945200709484,9.430712775503626,0,0,0,0,0,0,0,0
2220,2110.351682694415,140.8971494141192,9.253842978921583,1.040307284233905,9.427850398214384,0,0,0,0,0,0,0,0
2220.000000223009,2110.351716408352,140.8971442593811,9.25384297953801,1.040305927795317,9.427850394215024,0,0,0,0,0,0,0,0
2220.000000223009,2110.351716408352,140.8971442593811,9.25384297953801,1.040305927795317,9.427850394215024,0,0,0,0,0,0,0,0
2229.000000446121,1915.651540591454,150.2923478687679,9.251466872985867,155.2945200707204,9.43071277653336,0,0,0,0,0,0,0,0
2229.000000446121,1915.651540591454,150.2923478687679,9.251466872985867,155.2945200707204,9.43071277653336,0,0,0,0,0,0,0,0
2230,2114.618822920397,140.8971494635266,9.254096129406708,1.040307269032178,9.427850399267166,0,0,0,0,0,0,0,0
2230.000000224003,2114.618856784735,140.8971442858002,9.254096130025861,1.04030590654411,9.427850395249967,0,0,0,0,0,0,0,0
2230.000000224003,2114.618856784735,140.8971442858002,9.254096130025861,1.04030590654411,9.427850395249967,0,0,0,0,0,0,0,0
2239.000000448114,1919.920709221487,150.2923478743821,9.251719049349298,155.2945200704988,9.430712777564455,0,0,0,0,0,0,0,0
2239.000000448114,1919.920709221487,150.2923478743821,9.251719049349298,155.2945200704988,9.430712777564455,0,0,0,0,0,0,0,0
2240,2118.888216059135,140.8971495126718,9.254348197743557,1.040307253918425,9.427850400321157,0,0,0,0,0,0,0,0
2240.000000225007,2118.888250075319,140.8971443117366,9.254348198365461,1.040305885322791,9.427850396285955,0,0,0,0,0,0,0,0
2240.000000225007,2118.888250075319,140.8971443117366,9.254348198365461,1.040305885322791,9.427850396285955,0,0,0,0,0,0,0,0
2249.000000450108,1924.192120914634,150.2923478798944,9.251970148076714,155.2945200702764,9.430712778593277,0,0,0,0,0,0,0,0
2249.000000450108,1924.192120914634,150.2923478798944,9.251970148076714,155.2945200702764,9.430712778593277,0,0,0,0,0,0,0,0
2250,2123.159851167013,140.8971495620679,9.25459918894405,1.040307239055321,9.427850401372957,0,0,0,0,0,0,0,0
2250.000000226013,2123.159885335249,140.8971443378923,9.25459918956871,1.040305864343821,9.42785039731972,0,0,0,0,0,0,0,0
2250.000000226013,2123.159885335249,140.8971443378923,9.25459918956871,1.040305864343821,9.42785039731972,0,0,0,0,0,0,0,0
2259.000000452122,1928.465764775547,150.2923478854558,9.252220174149652,155.2945200700512,9.430712779621199,0,0,0,0,0,0,0,0
2259.000000452122,1928.465764775547,150.2923478854558,9.252220174149652,155.2945200700512,9.430712779621199,0,0,0,0,0,0,0,0
2260,2127.433717355323,140.8971496116086,9.254849107986573,1.040307224382219,9.427850402424003,0,0,0,0,0,0,0,0
2260.000000227002,2127.433751673137,140.8971443645709,9.254849108613941,1.040305843654427,9.427850398353025,0,0,0,0,0,0,0,0
2260.000000227002,2127.433751673137,140.8971443645709,9.254849108613941,1.040305843654427,9.427850398353025,0,0,0,0,0,0,0,0
2269.000000454144,1932.741629959368,150.2923478911521,9.252469132518513,155.2945200698326,9.430712780652764,0,0,0,0,0,0,0,0
2269.000000454144,1932.741629959368,150.2923478911521,9.252469132518513,155.2945200698326,9.430712780652764,0,0,0,0,0,0,0,0
2270,2131.709803783378,140.8971496615052,9.255097959818412,1.040307209936679,9.427850403479102,0,0,0,0,0,0,0,0
2270.00000022803,2131.709838256681,140.8971443907015,9.2550979604486,1.040305822954721,9.42785039938969,0,0,0,0,0,0,0,0
2270.00000022803,2131.709838256681,140.8971443907015,9.2550979604486,1.040305822954721,9.42785039938969,0,0,0,0,0,0,0,0
2279.000000456147,1937.019705673481,150.2923478966543,9.252717028097909,155.2945200696186,9.430712781683237,0,0,0,0,0,0,0,0
2279.000000456147,1937.019705673481,150.2923478966543,9.252717028097909,155.2945200696186,9.430712781683237,0,0,0,0,0,0,0,0
2280,2135.988099666687,140.8971497109735,9.255345749350315,1.040307195577518,9.427850404532602,0,0,0,0,0,0,0,0
2280.00000022902,2135.988134289707,140.8971444172868,9.255345749983213,1.040305802573733,9.42785040042544,0,0,0,0,0,0,0,0
2280.00000022902,2135.988134289707,140.8971444172868,9.255345749983213,1.040305802573733,9.42785040042544,0,0,0,0,0,0,0,0
2289.000000458144,1941.299981171649,150.2923479023075,9.252963865768846,155.2945200694018,9.430712782715855,0,0,0,0,0,0,0,0
2289.000000458144,1941.299981171649,150.2923479023075,9.252963865768846,155.2945200694018,9.430712782715855,0,0,0,0,0,0,0,0
2290,2140.268594262598,140.897149760537,9.255592481460397,1.040307181370456,9.4278504055884,0,0,0,0,0,0,0,0
2290.000000230004,2140.268629034438,140.8971444441038,9.255592482095988,1.040305782380802,9.427850401463584,0,0,0,0,0,0,0,0
2290.000000230004,2140.268629034438,140.8971444441038,9.255592482095988,1.040305782380802,9.427850401463584,0,0,0,0,0,0,0,0
2299.000000460134,1945.582445759241,150.2923479079449,9.253209650381812,155.2945200691877,9.430712783751883,0,0,0,0,0,0,0,0
2299.000000460134,1945.582445759241,150.2923479079449,9.253209650381812,155.2945200691877,9.430712783751883,0,0,0,0,0,0,0,0
2300,2144.551276883553,140.8971498097159,9.255838160995859,1.040307167220074,9.427850406647277,0,0,0,0,0,0,0,0
2300.00000023102,2144.551311809097,140.8971444697901,9.255838161634237,1.040305762048166,9.427850402504241,0,0,0,0,0,0,0,0
2300.00000023102,2144.551311809097,140.8971444697901,9.255838161634237,1.040305762048166,9.427850402504241,0,0,0,0,0,0,0,0
2309.000000462153,1949.867088791021,150.2923479134306,9.253454386749796,155.2945200689801,9.43071278478315,0,0,0,0,0,0,0,0
2309.000000462153,1949.867088791021,150.2923479134306,9.253454386749796,155.2945200689801,9.43071278478315,0,0,0,0,0,0,0,0
2310,2148.836136882401,140.8971498594229,9.256082792765783,1.040307153397403,9.427850407701611,0,0,0,0,0,0,0,0
2310.000000232009,2148.836171957524,140.897144496635,9.256082793406872,1.040305742209197,9.427850403540829,0,0,0,0,0,0,0,0
2310.000000232009,2148.836171957524,140.897144496635,9.256082793406872,1.040305742209197,9.427850403540829,0,0,0,0,0,0,0,0
2319.000000464138,1954.153899667468,150.2923479191171,9.253698079657907,155.2945200687701,9.430712785817331,0,0,0,0,0,0,0,0
2319.000000464138,1954.153899667468,150.2923479191171,9.253698079657907,155.2945200687701,9.430712785817331,0,0,0,0,0,0,0,0
2320,2153.123163673263,140.8971499086385,9.25632638155315,1.040307139554985,9.427850408758664,0,0,0,0,0,0,0,0
2320.000000233019,2153.123198901058,140.8971445225156,9.256326382197003,1.040305722226012,9.427850404579772,0,0,0,0,0,0,0,0
2320.000000233019,2153.123198901058,140.8971445225156,9.256326382197003,1.040305722226012,9.427850404579772,0,0,0,0,0,0,0,0
2329.000000466131,1958.4428678416,150.2923479245742,9.253940733858608,155.2945200685653,9.430712786847598,0,0,0,0,0,0,0,0
2329.000000466131,1958.4428678416,150.2923479245742,9.253940733858608,155.2945200685653,9.430712786847598,0,0,0,0,0,0,0,0
2330,2157.412346707257,140.8971499579933,9.256568932106429,1.040307125950595,9.42785040981172,0,0,0,0,0,0,0,0
2330.000000234011,2157.412382085112,140.8971445489348,9.256568932752996,1.040305702585961,9.427850405615031,0,0,0,0,0,0,0,0
2330.000000234011,2157.412382085112,140.8971445489348,9.256568932752996,1.040305702585961,9.427850405615031,0,0,0,0,0,0,0,0
2339.000000468116,1962.733982810431,150.2923479301724,9.254182354073341,155.2945200683574,9.430712787877741,0,0,0,0,0,0,0,0
2339.000000468116,1962.733982810431,150.2923479301724,9.254182354073341,155.2945200683574,9.430712787877741,0,0,0,0,0,0,0,0
2340,2161.703675491667,140.8971500069908,9.256810449144641,1.040307112375293,9.427850410864528,0,0,0,0,0,0,0,0
2340.000000235045,2161.703711025907,140.8971445740296,9.256810449794044,1.040305682720527,9.427850406649309,0,0,0,0,0,0,0,0
2340.000000235045,2161.703711025907,140.8971445740296,9.256810449794044,1.040305682720527,9.427850406649309,0,0,0,0,0,0,0,0
2349.000000470168,1967.027234122563,150.2923479355483,9.254422944990671,155.2945200681548,9.430712788898983,0,0,0,0,0,0,0,0
2349.000000470168,1967.027234122563,150.2923479355483,9.254422944990671,155.2945200681548,9.430712788898983,0,0,0,0,0,0,0,0
2350,2165.997139565489,140.8971500574908,9.257050937352345,1.040307099390684,9.42785041190937,0,0,0,0,0,0,0,0
2350.000000236048,2165.997175251371,140.8971446013524,9.257050938004493,1.040305663636637,9.42785040767615,0,0,0,0,0,0,0,0
2350.000000236048,2165.997175251371,140.8971446013524,9.257050938004493,1.040305663636637,9.42785040767615,0,0,0,0,0,0,0,0
2359.000000472153,1971.322611368688,150.292347941279,9.254662511276265,155.2945200679547,9.430712789927101,0,0,0,0,0,0,0,0
2359.000000472153,1971.322611368688,150.292347941279,9.254662511276265,155.2945200679547,9.430712789927101,0,0,0,0,0,0,0,0
2360,2170.292728545078,140.897150106824,9.257290401394041,1.040307086173044,9.427850412960673,0,0,0,0,0,0,0,0
2360.000000237008,2170.292764376139,140.8971446284962,9.257290402048817,1.040305644579718,9.427850408710245,0,0,0,0,0,0,0,0
2360.000000237008,2170.292764376139,140.8971446284962,9.257290402048817,1.040305644579718,9.427850408710245,0,0,0,0,0,0,0,0
2369.000000474153,1975.62010419138,150.2923479470549,9.254901057567659,155.294520067753,9.430712790963199,0,0,0,0,0,0,0,0
2369.000000474153,1975.62010419138,150.2923479470549,9.254901057567659,155.294520067753,9.430712790963199,0,0,0,0,0,0,0,0
2370,2174.590432066106,140.8971501564796,9.257528845903515,1.04030707318132,9.427850414020224,0,0,0,0,0,0,0,0
2370.000000238007,2174.59046804819,140.897144655069,9.257528846561028,1.040305625513605,9.427850409751898,0,0,0,0,0,0,0,0
2370.000000238007,2174.59046804819,140.897144655069,9.257528846561028,1.040305625513605,9.427850409751898,0,0,0,0,0,0,0,0
2379.000000476127,1979.919702279965,150.2923479526233,9.255138588466703,155.2945200675577,9.43071279200112,0,0,0,0,0,0,0,0
2379.000000476127,1979.919702279965,150.2923479526233,9.255138588466703,155.2945200675577,9.43071279200112,0,0,0,0,0,0,0,0
2380,2178.890239829192,140.8971502052142,9.257766275479103,1.040307060135001,9.427850415080531,0,0,0,0,0,0,0,0
2380.000000239017,2178.890275964087,140.8971446804476,9.257766276139382,1.040305606320981,9.427850410794079,0,0,0,0,0,0,0,0
2380.000000239017,2178.890275964087,140.8971446804476,9.257766276139382,1.040305606320981,9.427850410794079,0,0,0,0,0,0,0,0
2389.000000478127,1984.221395369241,150.2923479580209,9.255375108539814,155.2945200673627,9.430712793030754,0,0,0,0,0,0,0,0
2389.000000478127,1984.221395369241,150.2923479580209,9.255375108539814,155.2945200673627,9.430712793030754,0,0,0,0,0,0,0,0
2390,2183.192141563837,140.8971502545783,9.258002694683837,1.040307047434118,9.427850416132765,0,0,0,0,0,0,0,0
2390.00000024004,2183.1921778534,140.897144706172,9.258002695346917,1.04030558739911,9.427850411827965,0,0,0,0,0,0,0,0
2390.00000024004,2183.1921778534,140.897144706172,9.258002695346917,1.04030558739911,9.427850411827965,0,0,0,0,0,0,0,0
2399.000000480165,1988.525173238594,150.2923479635289,9.255610622328557,155.2945200671658,9.430712794054619,0,0,0,0,0,0,0,0
2399.000000480165,1988.525173238594,150.2923479635289,9.255610622328557,155.2945200671658,9.430712794054619,0,0,0,0,0,0,0,0
2400,2187.49612705451,140.8971503047578,9.258238108057236,1.040307035069044,9.427850417180045,0,0,0,0,0,0,0,0
2400.000000241033,2187.496163494341,140.8971447333842,9.25823810872304,1.04030556899007,9.427850412857435,0,0,0,0,0,0,0,0
2400.000000241033,2187.496163494341,140.8971447333842,9.25823810872304,1.04030556899007,9.427850412857435,0,0,0,0,0,0,0,0
2409.000000482153,1992.831025713741,150.2923479692517,9.255845134355498,155.294520066973,9.430712795084453,0,0,0,0,0,0,0,0
2409.000000482153,1992.831025713741,150.2923479692517,9.255845134355498,155.294520066973,9.430712795084453,0,0,0,0,0,0,0,0
2410,2191.802186141858,140.8971503542636,9.258472520119989,1.040307022625603,9.427850418233151,0,0,0,0,0,0,0,0
2410.000000242003,2191.802222728312,140.89714476048,9.258472520788439,1.040305550649259,9.427850413893152,0,0,0,0,0,0,0,0
2410.000000242003,2191.802222728312,140.89714476048,9.258472520788439,1.040305550649259,9.427850413893152,0,0,0,0,0,0,0,0
2419.000000484121,1997.138942668301,150.2923479749271,9.256078649114524,155.2945200667853,9.430712796120327,0,0,0,0,0,0,0,0
2419.000000484121,1997.138942668301,150.2923479749271,9.256078649114524,155.2945200667853,9.430712796120327,0,0,0,0,0,0,0,0
2420,2196.110308703144,140.8971504029993,9.258705935362599,1.040307010130144,9.427850419291611,0,0,0,0,0,0,0,0
2420.000000243027,2196.110345444541,140.8971447855338,9.258705936033859,1.040305531921746,9.427850414933239,0,0,0,0,0,0,0,0
2420.000000243027,2196.110345444541,140.8971447855338,9.258705936033859,1.040305531921746,9.427850414933239,0,0,0,0,0,0,0,0
2429.00000048614,2001.448914022028,150.2923479802683,9.256311171061165,155.2945200665959,9.430712797146745,0,0,0,0,0,0,0,0
2429.00000048614,2001.448914022028,150.2923479802683,9.256311171061165,155.2945200665959,9.430712797146745,0,0,0,0,0,0,0,0
2430,2200.420484649002,140.897150452785,9.258938358236525,1.0403069981219,9.427850420340928,0,0,0,0,0,0,0,0
2430.000000244002,2200.42052153778,140.8971448127938,9.258938358910452,1.040305513985705,9.427850415965073,0,0,0,0,0,0,0,0
2430.000000244002,2200.42052153778,140.8971448127938,9.258938358910452,1.040305513985705,9.427850415965073,0,0,0,0,0,0,0,0
2439.000000488119,2005.760929733927,150.2923479860049,9.256542704631091,155.2945200664075,9.430712798178375,0,0,0,0,0,0,0,0
2439.000000488119,2005.760929733927,150.2923479860049,9.256542704631091,155.2945200664075,9.430712798178375,0,0,0,0,0,0,0,0
2440,2204.732703958136,140.8971505019651,9.259169793176719,1.040306986011509,9.427850421395492,0,0,0,0,0,0,0,0
2440.000000245002,2204.732740998144,140.8971448388596,9.259169793853385,1.04030549579262,9.427850417001704,0,0,0,0,0,0,0,0
2440.000000245002,2204.732740998144,140.8971448388596,9.259169793853385,1.04030549579262,9.427850417001704,0,0,0,0,0,0,0,0
2449.000000490119,2010.074979814738,150.2923479915451,9.256773254233703,155.2945200662207,9.430712799208424,0,0,0,0,0,0,0,0
2449.000000490119,2010.074979814738,150.2923479915451,9.256773254233703,155.2945200662207,9.430712799208424,0,0,0,0,0,0,0,0
2450,2209.046956636005,140.8971505514887,9.259400244588763,1.040306974169813,9.427850422448515,0,0,0,0,0,0,0,0
2450.000000246032,2209.046993831781,140.8971448645752,9.25940024526825,1.040305477685674,9.427850418036259,0,0,0,0,0,0,0,0
2450.000000246032,2209.046993831781,140.8971448645752,9.25940024526825,1.040305477685674,9.427850418036259,0,0,0,0,0,0,0,0
2459.000000492136,2014.391054316579,150.2923479969798,9.257002824247522,155.2945200660353,9.43071280023304,0,0,0,0,0,0,0,0
2459.000000492136,2014.391054316579,150.2923479969798,9.257002824247522,155.2945200660353,9.43071280023304,0,0,0,0,0,0,0,0
2460,2213.363232740779,140.897150601194,9.259629716848519,1.040306962534768,9.42785042349613,0,0,0,0,0,0,0,0
2460.000000247011,2213.363270084692,140.8971448916392,9.259629717530686,1.040305460092403,9.427850419066313,0,0,0,0,0,0,0,0
2460.000000247011,2213.363270084692,140.8971448916392,9.259629717530686,1.040305460092403,9.427850419066313,0,0,0,0,0,0,0,0
2469.000000494128,2018.709143333969,150.2923480027007,9.25723141903104,155.294520065853,9.43071280126261,0,0,0,0,0,0,0,0
2469.000000494128,2018.709143333969,150.2923480027007,9.25723141903104,155.294520065853,9.43071280126261,0,0,0,0,0,0,0,0
2470,2217.681522376137,140.8971506507125,9.259858214312956,1.040306950928807,9.427850424548925,0,0,0,0,0,0,0,0
2470.00000024801,2217.681559871077,140.8971449180749,9.259858214997857,1.040305442412044,9.427850420101194,0,0,0,0,0,0,0,0
2470.00000024801,2217.681559871077,140.8971449180749,9.259858214997857,1.040305442412044,9.427850420101194,0,0,0,0,0,0,0,0
2479.000000496113,2023.029237009856,150.2923480082526,9.257459042916551,155.2945200656722,9.430712802293039,0,0,0,0,0,0,0,0
2479.000000496113,2023.029237009856,150.2923480082526,9.257459042916551,155.2945200656722,9.430712802293039,0,0,0,0,0,0,0,0
2480,2222.001815687062,140.8971506999905,9.260085741311013,1.040306939427055,9.427850425602193,0,0,0,0,0,0,0,0
2480.000000249009,2222.001853333095,140.8971449442597,9.260085741998649,1.040305424833126,9.427850421136547,0,0,0,0,0,0,0,0
2480.000000249009,2222.001853333095,140.8971449442597,9.260085741998649,1.040305424833126,9.427850421136547,0,0,0,0,0,0,0,0
2489.000000498111,2027.351325528261,150.2923480137855,9.257685700206904,155.2945200654931,9.430712803321859,0,0,0,0,0,0,0,0
2489.000000498111,2027.351325528261,150.2923480137855,9.257685700206904,155.2945200654931,9.430712803321859,0,0,0,0,0,0,0,0
2490,2226.32410286146,140.8971507492389,9.26031230214296,1.040306928056057,9.427850426653754,0,0,0,0,0,0,0,0
2490.000000250026,2226.3241406612,140.8971449700155,9.260312302833375,1.040305407279855,9.427850422169877,0,0,0,0,0,0,0,0
2490.000000250026,2226.3241406612,140.8971449700155,9.260312302833375,1.040305407279855,9.427850422169877,0,0,0,0,0,0,0,0
2499.000000500165,2031.675399117381,150.2923480193091,9.257911395179459,155.2945200653145,9.430712804346401,0,0,0,0,0,0,0,0
2499.000000500165,2031.675399117381,150.2923480193091,9.257911395179459,155.2945200653145,9.430712804346401,0,0,0,0,0,0,0,0
2500,2230.648374120746,140.897150800163,9.260537901083485,1.040306917260029,9.42785042770231,0,0,0,0,0,0,0,0
2500.000000251018,2230.648412070548,140.8971449980039,9.260537901776617,1.04030539044815,9.427850423200637,0,0,0,0,0,0,0,0
2500.000000251018,2230.648412070548,140.8971449980039,9.260537901776617,1.04030539044815,9.427850423200637,0,0,0,0,0,0,0,0
2509.000000502131,2036.001448046604,150.292348025116,9.258136132095856,155.2945200651397,9.430712805381996,0,0,0,0,0,0,0,0
2509.000000502131,2036.001448046604,150.292348025116,9.258136132095856,155.2945200651397,9.430712805381996,0,0,0,0,0,0,0,0
2510,2234.974619764117,140.8971508491388,9.260762542393351,1.04030690602807,9.427850428760813,0,0,0,0,0,0,0,0
2510.000000252016,2234.974657864807,140.897145023918,9.260762543089216,1.04030537314732,9.427850424241253,0,0,0,0,0,0,0,0
2510.000000252016,2234.974657864807,140.897145023918,9.260762543089216,1.04030537314732,9.427850424241253,0,0,0,0,0,0,0,0
2519.000000504125,2040.329462633747,150.2923480306072,9.258359915186107,155.2945200649655,9.430712806414864,0,0,0,0,0,0,0,0
2519.000000504125,2040.329462633747,150.2923480306072,9.258359915186107,155.2945200649655,9.430712806414864,0,0,0,0,0,0,0,0
2520,2239.302830094779,140.8971508985044,9.260986230298213,1.04030689509082,9.427850429816413,0,0,0,0,0,0,0,0
2520.000000253015,2239.302868346633,140.8971450501797,9.26098623099681,1.040305356130135,9.427850425278928,0,0,0,0,0,0,0,0
2520.000000253015,2239.302868346633,140.8971450501797,9.26098623099681,1.040305356130135,9.427850425278928,0,0,0,0,0,0,0,0
2529.000000506135,2044.659433234359,150.2923480361528,9.258582748653339,155.294520064791,9.430712807445506,0,0,0,0,0,0,0,0
2529.000000506135,2044.659433234359,150.2923480361528,9.258582748653339,155.294520064791,9.430712807445506,0,0,0,0,0,0,0,0
2530,2243.632995474669,140.8971509482768,9.261208968999386,1.040306884380781,9.427850430870151,0,0,0,0,0,0,0,0
2530.000000254021,2243.633033878717,140.8971450766907,9.261208969700739,1.040305339298671,9.427850426314613,0,0,0,0,0,0,0,0
2530.000000254021,2243.633033878717,140.8971450766907,9.261208969700739,1.040305339298671,9.427850426314613,0,0,0,0,0,0,0,0
2539.000000508148,2048.991350248133,150.2923480417691,9.258804636680946,155.2945200646194,9.43071280847621,0,0,0,0,0,0,0,0
2539.000000508148,2048.991350248133,150.2923480417691,9.258804636680946,155.2945200646194,9.43071280847621,0,0,0,0,0,0,0,0
2540,2247.965106310423,140.8971509980557,9.261430762678229,1.040306873786743,9.427850431924,0,0,0,0,0,0,0,0
2540.000000255002,2247.965144862815,140.8971451037968,9.261430763382267,1.040305322738102,9.427850427350874,0,0,0,0,0,0,0,0
2540.000000255002,2247.965144862815,140.8971451037968,9.261430763382267,1.040305322738102,9.427850427350874,0,0,0,0,0,0,0,0
2549.000000510118,2053.325204117042,150.292348047449,9.259025583431649,155.2945200644475,9.430712809511322,0,0,0,0,0,0,0,0
2549.000000510118,2053.325204117042,150.292348047449,9.259025583431649,155.2945200644475,9.430712809511322,0,0,0,0,0,0,0,0
2550,2252.299153053938,140.8971510469631,9.261651615495399,1.040306863078287,9.427850432981716,0,0,0,0,0,0,0,0
2550.00000025602,2252.299191760177,140.8971451291904,9.261651616202226,1.040305305841835,9.427850428390345,0,0,0,0,0,0,0,0
2550.00000025602,2252.299191760177,140.8971451291904,9.261651616202226,1.040305305841835,9.427850428390345,0,0,0,0,0,0,0,0
2559.000000512143,2057.660985327451,150.2923480528503,9.25924559303818,155.2945200642784,9.430712810538695,0,0,0,0,0,0,0,0
2559.000000512143,2057.660985327451,150.2923480528503,9.25924559303818,155.2945200642784,9.430712810538695,0,0,0,0,0,0,0,0
2560,2256.635126179666,140.897151097148,9.261871531580022,1.040306852889096,9.427850434032294,0,0,0,0,0,0,0,0
2560.000000257023,2256.635165037618,140.8971451561875,9.261871532289593,1.040305289550577,9.427850429422934,0,0,0,0,0,0,0,0
2560.000000257023,2256.635165037618,140.8971451561875,9.261871532289593,1.040305289550577,9.427850429422934,0,0,0,0,0,0,0,0
2569.000000514165,2061.998684402412,150.2923480585484,9.25946466961485,155.2945200641122,9.430712811569171,0,0,0,0,0,0,0,0
2569.000000514165,2061.998684402412,150.2923480585484,9.25946466961485,155.2945200641122,9.430712811569171,0,0,0,0,0,0,0,0
2570,2260.973016226911,140.8971511472935,9.262090515045626,1.040306842754963,9.427850435086324,0,0,0,0,0,0,0,0
2570.000000258018,2260.973055235339,140.8971451833344,9.262090515757921,1.040305273364164,9.427850430459118,0,0,0,0,0,0,0,0
2570.000000258018,2260.973055235339,140.8971451833344,9.262090515757921,1.040305273364164,9.427850430459118,0,0,0,0,0,0,0,0
2579.000000516123,2066.338291911175,150.2923480641882,9.25968281725712,155.2945200639441,9.43071281260432,0,0,0,0,0,0,0,0
2579.000000516123,2066.338291911175,150.2923480641882,9.25968281725712,155.2945200639441,9.43071281260432,0,0,0,0,0,0,0,0
2580,2265.312813776878,140.8971511958778,9.262308569985207,1.040306832344927,9.427850436143819,0,0,0,0,0,0,0,0
2580.000000259023,2265.312852937364,140.8971452086782,9.262308570700249,1.040305256838231,9.42785043149858,0,0,0,0,0,0,0,0
2580.000000259023,2265.312852937364,140.8971452086782,9.262308570700249,1.040305256838231,9.42785043149858,0,0,0,0,0,0,0,0
2589.00000051814,2070.679798464298,150.292348069585,9.259900040028798,155.2945200637807,9.430712813631368,0,0,0,0,0,0,0,0
2589.00000051814,2070.679798464298,150.292348069585,9.259900040028798,155.2945200637807,9.430712813631368,0,0,0,0,0,0,0,0
2590,2269.65450942422,140.897151245796,9.262525700459021,1.040306822461476,9.427850437193852,0,0,0,0,0,0,0,0
2590.00000026002,2269.654548735526,140.8971452355452,9.262525701176793,1.04030524088867,9.427850432530731,0,0,0,0,0,0,0,0
2590.00000026002,2269.654548735526,140.8971452355452,9.262525701176793,1.04030524088867,9.427850432530731,0,0,0,0,0,0,0,0
2599.000000520149,2075.023194709329,150.2923480752585,9.260116341976611,155.2945200636151,9.430712814660463,0,0,0,0,0,0,0,0
2599.000000520149,2075.023194709329,150.2923480752585,9.260116341976611,155.2945200636151,9.430712814660463,0,0,0,0,0,0,0,0
2600,2273.99809383262,140.8971512956846,9.262741910513087,1.040306812635283,9.427850438246301,0,0,0,0,0,0,0,0
2600.000000261042,2273.998133298391,140.8971452618254,9.262741911233654,1.040305224849767,9.427850433564862,0,0,0,0,0,0,0,0
2600.000000261042,2273.998133298391,140.8971452618254,9.262741911233654,1.040305224849767,9.427850433564862,0,0,0,0,0,0,0,0
2609.000000522163,2079.368471339583,150.2923480807839,9.260331727127001,155.2945200634559,9.43071281568832,0,0,0,0,0,0,0,0
2609.000000522163,2079.368471339583,150.2923480807839,9.260331727127001,155.2945200634559,9.43071281568832,0,0,0,0,0,0,0,0
2610,2278.343557696468,140.897151345615,9.262957204171013,1.040306802973563,9.427850439297412,0,0,0,0,0,0,0,0
2610.00000026201,2278.343597308659,140.8971452893773,9.26295720489423,1.040305209298958,9.427850434598607,0,0,0,0,0,0,0,0
2610.00000026201,2278.343597308659,140.8971452893773,9.26295720489423,1.040305209298958,9.427850434598607,0,0,0,0,0,0,0,0
2619.000000524125,2083.715619084947,150.2923480865572,9.260546199486713,155.2945200632918,9.430712816724094,0,0,0,0,0,0,0,0
2619.000000524125,2083.715619084947,150.2923480865572,9.260546199486713,155.2945200632918,9.430712816724094,0,0,0,0,0,0,0,0
2620,2282.6908917592,140.8971513944984,9.263171585438256,1.040306793107015,9.427850440355835,0,0,0,0,0,0,0,0
2620.000000263011,2282.690931522763,140.8971453151254,9.26317158616421,1.040305193344168,9.427850435639082,0,0,0,0,0,0,0,0
2620.000000263011,2282.690931522763,140.8971453151254,9.26317158616421,1.040305193344168,9.427850435639082,0,0,0,0,0,0,0,0
2629.00000052615,2088.064628720929,150.2923480920367,9.260759763035294,155.2945200631329,9.430712817755202,0,0,0,0,0,0,0,0
2629.00000052615,2088.064628720929,150.2923480920367,9.260759763035294,155.2945200631329,9.430712817755202,0,0,0,0,0,0,0,0
2630,2287.040086781463,140.8971514447298,9.263385058290647,1.040306783775589,9.427850441410254,0,0,0,0,0,0,0,0
2630.000000264054,2287.040126702721,140.8971453412545,9.263385059019456,1.040305177670028,9.427850436674801,0,0,0,0,0,0,0,0
2630.000000264054,2287.040126702721,140.8971453412545,9.263385059019456,1.040305177670028,9.427850436674801,0,0,0,0,0,0,0,0
2639.000000528189,2092.415491058806,150.2923480975499,9.260972421730001,155.2945200629761,9.430712818782602,0,0,0,0,0,0,0,0
2639.000000528189,2092.415491058806,150.2923480975499,9.260972421730001,155.2945200629761,9.430712818782602,0,0,0,0,0,0,0,0
2640,2291.391133587329,140.8971514952652,9.263597626684078,1.040306774633735,9.427850442461274,0,0,0,0,0,0,0,0
2640.00000026504,2291.391173657759,140.8971453689909,9.263597627415582,1.040305162528443,9.427850437708134,0,0,0,0,0,0,0,0
2640.00000026504,2291.391173657759,140.8971453689909,9.263597627415582,1.040305162528443,9.427850437708134,0,0,0,0,0,0,0,0
2649.000000530152,2096.768196950029,150.2923481033118,9.261184179515727,155.2945200628161,9.430712819818176,0,0,0,0,0,0,0,0
2649.000000530152,2096.768196950029,150.2923481033118,9.261184179515727,155.2945200628161,9.430712819818176,0,0,0,0,0,0,0,0
2650,2295.744023046382,140.8971515441432,9.263809294562458,1.040306765126403,9.427850443519473,0,0,0,0,0,0,0,0
2650.000000266017,2295.744063264608,140.8971453952802,9.263809295296642,1.0403051470767,9.427850438748806,0,0,0,0,0,0,0,0
2650.000000266017,2295.744063264608,140.8971453952802,9.263809295296642,1.0403051470767,9.427850438748806,0,0,0,0,0,0,0,0
2659.000000532144,2101.122737289983,150.2923481088518,9.261395040311834,155.2945200626619,9.430712820852525,0,0,0,0,0,0,0,0
2659.000000532144,2101.122737289983,150.2923481088518,9.261395040311834,155.2945200626619,9.430712820852525,0,0,0,0,0,0,0,0
2660,2300.098746042077,140.8971515933624,9.264020065841658,1.040306755871087,9.427850444576423,0,0,0,0,0,0,0,0
2660.000000267014,2300.098786410987,140.8971454214692,9.264020066578565,1.040305131760799,9.427850439787884,0,0,0,0,0,0,0,0
2660.000000267014,2300.098786410987,140.8971454214692,9.264020066578565,1.040305131760799,9.427850439787884,0,0,0,0,0,0,0,0
2669.000000534124,2105.479103010391,150.2923481143508,9.261605008013584,155.294520062505,9.430712821883258,0,0,0,0,0,0,0,0
2669.000000534124,2105.479103010391,150.2923481143508,9.261605008013584,155.294520062505,9.430712821883258,0,0,0,0,0,0,0,0
2670,2304.455293514379,140.8971516424331,9.264229944415129,1.040306746700852,9.427850445629565,0,0,0,0,0,0,0,0
2670.000000268041,2304.455334038647,140.8971454467949,9.264229945154849,1.040305116341891,9.427850440822612,0,0,0,0,0,0,0,0
2670.000000268041,2304.455334038647,140.8971454467949,9.264229945154849,1.040305116341891,9.427850440822612,0,0,0,0,0,0,0,0
2679.000000536153,2109.837285083673,150.2923481197593,9.261814086495189,155.2945200623526,9.430712822904725,0,0,0,0,0,0,0,0
2679.000000536153,2109.837285083673,150.2923481197593,9.261814086495189,155.2945200623526,9.430712822904725,0,0,0,0,0,0,0,0
2680,2308.813656430115,140.8971516927674,9.264438934154784,1.040306737997871,9.427850446674308,0,0,0,0,0,0,0,0
2680.000000269047,2308.813697106511,140.8971454738783,9.264438934897251,1.040305101520238,9.427850441849314,0,0,0,0,0,0,0,0
2680.000000269047,2308.813697106511,140.8971454738783,9.264438934897251,1.040305101520238,9.427850441849314,0,0,0,0,0,0,0,0
2689.000000538167,2114.197274518851,150.2923481254336,9.262022279618991,155.2945200622007,9.430712823929895,0,0,0,0,0,0,0,0
2689.000000538167,2114.197274518851,150.2923481254336,9.262022279618991,155.2945200622007,9.430712823929895,0,0,0,0,0,0,0,0
2690,2313.173825814325,140.8971517428414,9.26464703892233,1.040306729286455,9.427850447723056,0,0,0,0,0,0,0,0
2690.000000270003,2313.173866635357,140.8971455018471,9.264647039667414,1.040305086991643,9.42785044288091,0,0,0,0,0,0,0,0
2690.000000270003,2313.173866635357,140.8971455018471,9.264647039667414,1.040305086991643,9.42785044288091,0,0,0,0,0,0,0,0
2699.00000054012,2118.559062366378,150.2923481312645,9.262229591232231,155.29452006205,9.430712824966925,0,0,0,0,0,0,0,0
2699.00000054012,2118.559062366378,150.2923481312645,9.262229591232231,155.29452006205,9.430712824966925,0,0,0,0,0,0,0,0
2700,2317.535792728278,140.8971517914965,9.264854262563139,1.040306720282935,9.427850448782689,0,0,0,0,0,0,0,0
2700.000000271031,2317.535833704806,140.8971455267362,9.264854263311037,1.040305071733916,9.427850443922102,0,0,0,0,0,0,0,0
2700.000000271031,2317.535833704806,140.8971455267362,9.264854263311037,1.040305071733916,9.427850443922102,0,0,0,0,0,0,0,0
2709.000000542153,2122.922639719552,150.2923481365454,9.262436025147943,155.2945200618998,9.430712825992982,0,0,0,0,0,0,0,0
2709.000000542153,2122.922639719552,150.2923481365454,9.262436025147943,155.2945200618998,9.430712825992982,0,0,0,0,0,0,0,0
2710,2321.89954824504,140.897151841774,9.265060608885811,1.040306711933912,9.427850449831867,0,0,0,0,0,0,0,0
2710.000000272019,2321.899589370946,140.8971455541832,9.265060609636413,1.040305057376858,9.427850444953567,0,0,0,0,0,0,0,0
2710.000000272019,2321.899589370946,140.8971455541832,9.265060609636413,1.040305057376858,9.427850444953567,0,0,0,0,0,0,0,0
2719.000000544137,2127.287997700911,150.292348142287,9.262641585165495,155.2945200617485,9.430712827024356,0,0,0,0,0,0,0,0
2719.000000544137,2127.287997700911,150.292348142287,9.262641585165495,155.2945200617485,9.430712827024356,0,0,0,0,0,0,0,0
2720,2326.265083513215,140.8971518911991,9.265266081690278,1.04030670337949,9.427850450886243,0,0,0,0,0,0,0,0
2720.000000273038,2326.265124793242,140.8971455800525,9.265266082443668,1.040305042623547,9.427850445989669,0,0,0,0,0,0,0,0
2720.000000273038,2326.265124793242,140.8971455800525,9.265266082443668,1.040305042623547,9.427850445989669,0,0,0,0,0,0,0,0
2729.000000546144,2131.655127480478,150.2923481477467,9.262846275065725,155.294520061601,9.430712828051329,0,0,0,0,0,0,0,0
2729.000000546144,2131.655127480478,150.2923481477467,9.262846275065725,155.294520061601,9.430712828051329,0,0,0,0,0,0,0,0
2730,2330.632389694304,140.8971519409842,9.265470684754025,1.040306695087057,9.427850451936216,0,0,0,0,0,0,0,0
2730.000000274011,2330.632431121511,140.8971456073435,9.265470685510078,1.04030502841159,9.427850447022188,0,0,0,0,0,0,0,0
2730.000000274011,2330.632431121511,140.8971456073435,9.265470685510078,1.04030502841159,9.427850447022188,0,0,0,0,0,0,0,0
2739.000000548149,2136.024020259915,150.2923481534731,9.263050098612041,155.2945200614539,9.430712829083607,0,0,0,0,0,0,0,0
2739.000000548149,2136.024020259915,150.2923481534731,9.263050098612041,155.2945200614539,9.430712829083607,0,0,0,0,0,0,0,0
2740,2335.001457998072,140.8971519909762,9.265674421839655,1.040306686905593,9.427850452991894,0,0,0,0,0,0,0,0
2740.000000275024,2335.001499578438,140.8971456339269,9.265674422598474,1.040305014069959,9.427850448059708,0,0,0,0,0,0,0,0
2740.000000275024,2335.001499578438,140.8971456339269,9.265674422598474,1.040305014069959,9.427850448059708,0,0,0,0,0,0,0,0
2749.000000550142,2140.394667283994,150.2923481590384,9.26325305954844,155.2945200613092,9.430712830116358,0,0,0,0,0,0,0,0
2749.000000550142,2140.394667283994,150.2923481590384,9.26325305954844,155.2945200613092,9.430712830116358,0,0,0,0,0,0,0,0
2750,2339.372279676191,140.8971520403086,9.265877296688609,1.040306678695453,9.42785045404738,0,0,0,0,0,0,0,0
2750.000000276023,2339.372321407586,140.8971456601766,9.265877297450162,1.040304999785399,9.427850449097276,0,0,0,0,0,0,0,0
2750.000000276023,2339.372321407586,140.8971456601766,9.265877297450162,1.040304999785399,9.427850449097276,0,0,0,0,0,0,0,0
2759.00000055214,2144.767059832806,150.2923481645725,9.26345516159649,155.2945200611668,9.430712831146527,0,0,0,0,0,0,0,0
2759.00000055214,2144.767059832806,150.2923481645725,9.26345516159649,155.2945200611668,9.430712831146527,0,0,0,0,0,0,0,0
2760,2343.744846005795,140.89715209013,9.26607931302042,1.040306670726888,9.427850455100582,0,0,0,0,0,0,0,0
2760.000000277011,2343.744887886705,140.8971456871464,9.266079313784678,1.040304985803264,9.427850450132754,0,0,0,0,0,0,0,0
2760.000000277011,2343.744887886705,140.8971456871464,9.266079313784678,1.040304985803264,9.427850450132754,0,0,0,0,0,0,0,0
2769.000000554149,2149.141189223541,150.2923481702534,9.263656408462872,155.2945200610233,9.430712832179317,0,0,0,0,0,0,0,0
2769.000000554149,2149.141189223541,150.2923481702534,9.263656408462872,155.2945200610233,9.430712832179317,0,0,0,0,0,0,0,0
2770,2348.119148311869,140.8971521399869,9.266280474540546,1.040306662845019,9.42785045615658,0,0,0,0,0,0,0,0
2770.000000278018,2348.119190345115,140.8971457137208,9.26628047530756,1.040304971794417,9.427850451170693,0,0,0,0,0,0,0,0
2770.000000278018,2348.119190345115,140.8971457137208,9.26628047530756,1.040304971794417,9.427850451170693,0,0,0,0,0,0,0,0
2779.000000556151,2153.517046813276,150.2923481758126,9.263856803835665,155.2945200608822,9.430712833211819,0,0,0,0,0,0,0,0
2779.000000556151,2153.517046813276,150.2923481758126,9.263856803835665,155.2945200608822,9.430712833211819,0,0,0,0,0,0,0,0
2780,2352.495177953766,140.8971521898576,9.266480784934799,1.040306655103987,9.427850457212164,0,0,0,0,0,0,0,0
2780.000000279016,2352.495220137903,140.8971457405299,9.266480785704541,1.040304957984494,9.427850452208382,0,0,0,0,0,0,0,0
2780.000000279016,2352.495220137903,140.8971457405299,9.266480785704541,1.040304957984494,9.427850452208382,0,0,0,0,0,0,0,0
2789.000000558136,2157.894623994273,150.2923481814203,9.26405635138395,155.2945200607403,9.430712834245254,0,0,0,0,0,0,0,0
2789.000000558136,2157.894623994273,150.2923481814203,9.26405635138395,155.2945200607403,9.430712834245254,0,0,0,0,0,0,0,0
2790,2356.872926332639,140.8971522391088,9.266680247870733,1.040306647292679,9.427850458268246,0,0,0,0,0,0,0,0
2790.000000280026,2356.872968669524,140.8971457664355,9.266680248643235,1.040304944029612,9.427850453246345,0,0,0,0,0,0,0,0
2790.000000280026,2356.872968669524,140.8971457664355,9.266680248643235,1.040304944029612,9.427850453246345,0,0,0,0,0,0,0,0
2799.000000560157,2162.273912197856,150.2923481868994,9.264255054756472,155.2945200606027,9.430712835273424,0,0,0,0,0,0,0,0
2799.000000560157,2162.273912197856,150.2923481868994,9.264255054756472,155.2945200606027,9.430712835273424,0,0,0,0,0,0,0,0
2800,2361.252384872623,140.8971522892403,9.266878866994666,1.040306639848185,9.427850459319568,0,0,0,0,0,0,0,0
2800.000000281015,2361.252427359094,140.8971457937049,9.266878867769879,1.04030493056878,9.427850454279929,0,0,0,0,0,0,0,0
2800.000000281015,2361.252427359094,140.8971457937049,9.266878867769879,1.04030493056878,9.427850454279929,0,0,0,0,0,0,0,0
2809.000000562139,2166.654902889311,150.2923481925868,9.264452917588928,155.2945200604634,9.430712836305641,0,0,0,0,0,0,0,0
2809.000000562139,2166.654902889311,150.2923481925868,9.264452917588928,155.2945200604634,9.430712836305641,0,0,0,0,0,0,0,0
2810,2365.633545055401,140.8971523386223,9.26707664594166,1.040306632267435,9.427850460374666,0,0,0,0,0,0,0,0
2810.000000282016,2365.633587693176,140.8971458199621,9.267076646719604,1.04030491690254,9.427850455317085,0,0,0,0,0,0,0,0
2810.000000282016,2365.633587693176,140.8971458199621,9.267076646719604,1.04030491690254,9.427850455317085,0,0,0,0,0,0,0,0
2819.000000564124,2171.037587574653,150.2923481981013,9.264649943497409,155.2945200603293,9.430712837335529,0,0,0,0,0,0,0,0
2819.000000564124,2171.037587574653,150.2923481981013,9.264649943497409,155.2945200603293,9.430712837335529,0,0,0,0,0,0,0,0
2820,2370.016398383688,140.8971523879679,9.267273588325114,1.040306624817067,9.427850461427196,0,0,0,0,0,0,0,0
2820.00000028302,2370.016441173319,140.8971458460989,9.267273589105805,1.040304903344555,9.427850456351605,0,0,0,0,0,0,0,0
2820.00000028302,2370.016441173319,140.8971458460989,9.267273589105805,1.040304903344555,9.427850456351605,0,0,0,0,0,0,0,0
2829.000000566161,2175.421957793608,150.2923482036512,9.264846136077971,155.294520060189,9.430712838362178,0,0,0,0,0,0,0,0
2829.000000566161,2175.421957793608,150.2923482036512,9.264846136077971,155.294520060189,9.430712838362178,0,0,0,0,0,0,0,0
2830,2374.400936393235,140.8971524386345,9.267469697739386,1.040306617812925,9.427850462477533,0,0,0,0,0,0,0,0
2830.000000284008,2374.400979332381,140.8971458739139,9.267469698522781,1.040304890326837,9.427850457384222,0,0,0,0,0,0,0,0
2830.000000284008,2374.400979332381,140.8971458739139,9.267469698522781,1.040304890326837,9.427850457384222,0,0,0,0,0,0,0,0
2839.000000568122,2179.808005121979,150.2923482093975,9.2650414989168,155.2945200600515,9.430712839397112,0,0,0,0,0,0,0,0
2839.000000568122,2179.808005121979,150.2923482093975,9.2650414989168,155.2945200600515,9.430712839397112,0,0,0,0,0,0,0,0
2840,2378.787150684512,140.8971524875546,9.267664977770124,1.040306610410461,9.427850463535055,0,0,0,0,0,0,0,0
2840.000000285009,2378.787193775031,140.8971458996988,9.267664978556256,1.040304876836116,9.427850458423787,0,0,0,0,0,0,0,0
2840.000000285009,2378.787193775031,140.8971458996988,9.267664978556256,1.040304876836116,9.427850458423787,0,0,0,0,0,0,0,0
2849.000000570116,2184.195721176094,150.2923482148123,9.265236035575473,155.2945200599184,9.430712840426384,0,0,0,0,0,0,0,0
2849.000000570116,2184.195721176094,150.2923482148123,9.265236035575473,155.2945200599184,9.430712840426384,0,0,0,0,0,0,0,0
2850,2383.175032859157,140.897152537044,9.267859431975426,1.040306603327983,9.427850464586937,0,0,0,0,0,0,0,0
2850.000000286012,2383.175076101257,140.8971459260213,9.267859432764297,1.040304863657082,9.427850459457696,0,0,0,0,0,0,0,0
2850.000000286012,2383.175076101257,140.8971459260213,9.267859432764297,1.040304863657082,9.427850459457696,0,0,0,0,0,0,0,0
2859.000000572163,2188.585097603006,150.2923482203996,9.265429749597619,155.2945200597869,9.430712841453202,0,0,0,0,0,0,0,0
2859.000000572163,2188.585097603006,150.2923482203996,9.265429749597619,155.2945200597869,9.430712841453202,0,0,0,0,0,0,0,0
2860,2387.56457456682,140.8971525877167,9.268053063898014,1.040306596623622,9.427850465637466,0,0,0,0,0,0,0,0
2860.00000028703,2387.564617962975,140.8971459531488,9.268053064689669,1.040304850756588,9.42785046048996,0,0,0,0,0,0,0,0
2860.00000028703,2387.564617962975,140.8971459531488,9.268053064689669,1.040304850756588,9.42785046048996,0,0,0,0,0,0,0,0
2869.000000574162,2192.97612608814,150.2923482260631,9.265622644516679,155.2945200596535,9.430712842483668,0,0,0,0,0,0,0,0
2869.000000574162,2192.97612608814,150.2923482260631,9.265622644516679,155.2945200596535,9.430712842483668,0,0,0,0,0,0,0,0
2870,2391.955767508888,140.8971526375909,9.268245877070186,1.040306589794309,9.427850466691218,0,0,0,0,0,0,0,0
2870.000000288034,2391.955811056897,140.897145979814,9.26824587786459,1.040304837819653,9.427850461525702,0,0,0,0,0,0,0,0
2870.000000288034,2391.955811056897,140.897145979814,9.26824587786459,1.040304837819653,9.427850461525702,0,0,0,0,0,0,0,0
2879.000000576146,2197.368798353558,150.292348231621,9.26581472384693,155.2945200595215,9.430712843514755,0,0,0,0,0,0,0,0
2879.000000576146,2197.368798353558,150.292348231621,9.26581472384693,155.2945200595215,9.430712843514755,0,0,0,0,0,0,0,0
2880,2396.348603407168,140.8971526870857,9.268437875003984,1.040306582986486,9.427850467745108,0,0,0,0,0,0,0,0
2880.000000289005,2396.348647101944,140.8971460068778,9.268437875801039,1.040304825108892,9.427850462562194,0,0,0,0,0,0,0,0
2880.000000289005,2396.348647101944,140.8971460068778,9.268437875801039,1.040304825108892,9.427850462562194,0,0,0,0,0,0,0,0
2889.000000578148,2201.763106154722,150.2923482373181,9.266005991085313,155.2945200593892,9.430712844549268,0,0,0,0,0,0,0,0
2889.000000578148,2201.763106154722,150.2923482373181,9.266005991085313,155.2945200593892,9.430712844549268,0,0,0,0,0,0,0,0
2890,2400.74307401751,140.8971527369085,9.26862906119492,1.040306576337854,9.427850468802772,0,0,0,0,0,0,0,0
2890.00000029003,2400.743117867374,140.8971460329977,9.268629061994785,1.040304812222635,9.427850463601468,0,0,0,0,0,0,0,0
2890.00000029003,2400.743117867374,140.8971460329977,9.268629061994785,1.040304812222635,9.427850463601468,0,0,0,0,0,0,0,0
2899.000000580164,2206.159041285636,150.2923482427883,9.266196449709728,155.294520059261,9.430712845579684,0,0,0,0,0,0,0,0
2899.000000580164,2206.159041285636,150.2923482427883,9.266196449709728,155.294520059261,9.430712845579684,0,0,0,0,0,0,0,0
2900,2405.139171136117,140.8971527869274,9.268819439118584,1.0403065698847,9.427850469856256,0,0,0,0,0,0,0,0
2900.00000029101,2405.139215134191,140.8971460603648,9.268819439921124,1.040304799808455,9.427850464637373,0,0,0,0,0,0,0,0
2900.00000029101,2405.139215134191,140.8971460603648,9.268819439921124,1.040304799808455,9.427850464637373,0,0,0,0,0,0,0,0
2909.000000582122,2210.556595571203,150.2923482484844,9.266386103184884,155.2945200591304,9.430712846614343,0,0,0,0,0,0,0,0
2909.000000582122,2210.556595571203,150.2923482484844,9.266386103184884,155.2945200591304,9.430712846614343,0,0,0,0,0,0,0,0
2910,2409.536886602415,140.8971528358747,9.269009012239145,1.040306563201867,9.427850470913366,0,0,0,0,0,0,0,0
2910.000000292006,2409.536930751107,140.8971460862923,9.26900901304441,1.040304787067788,9.427850465676627,0,0,0,0,0,0,0,0
2910.000000292006,2409.536930751107,140.8971460862923,9.26900901304441,1.040304787067788,9.427850465676627,0,0,0,0,0,0,0,0
2919.000000584114,2214.955760876396,150.2923482539312,9.266574954956319,155.2945200590027,9.430712847643521,0,0,0,0,0,0,0,0
2919.000000584114,2214.955760876396,150.2923482539312,9.266574954956319,155.2945200590027,9.430712847643521,0,0,0,0,0,0,0,0
2920,2413.936212272886,140.8971528851469,9.269197783999356,1.04030655675217,9.42785047196497,0,0,0,0,0,0,0,0
2920.000000293016,2413.936256574259,140.8971461122295,9.269197784807382,1.040304774477274,9.427850466710124,0,0,0,0,0,0,0,0
2920.000000293016,2413.936256574259,140.8971461122295,9.269197784807382,1.040304774477274,9.427850466710124,0,0,0,0,0,0,0,0
2929.00000058612,2219.356529097238,150.2923482594085,9.266763008451894,155.2945200588764,9.430712848666845,0,0,0,0,0,0,0,0
2929.00000058612,2219.356529097238,150.2923482594085,9.266763008451894,155.2945200588764,9.430712848666845,0,0,0,0,0,0,0,0
2930,2418.337140046356,140.8971529351037,9.269385757825852,1.040306550575152,9.427850473011327,0,0,0,0,0,0,0,0
2930.000000294007,2418.337184497659,140.8971461392718,9.26938575863659,1.040304762270078,9.427850467738695,0,0,0,0,0,0,0,0
2930.000000294007,2418.337184497659,140.8971461392718,9.26938575863659,1.040304762270078,9.427850467738695,0,0,0,0,0,0,0,0
2939.000000588147,2223.758892164547,150.2923482651083,9.266950267090252,155.2945200587495,9.430712849693494,0,0,0,0,0,0,0,0
2939.000000588147,2223.758892164547,150.2923482651083,9.266950267090252,155.2945200587495,9.430712849693494,0,0,0,0,0,0,0,0
2940,2422.7396618598,140.8971529855104,9.26957293713645,1.04030654456559,9.42785047406168,0,0,0,0,0,0,0,0
2940.000000295058,2422.739706470109,140.8971461653765,9.269572937950061,1.040304749865225,9.427850468770199,0,0,0,0,0,0,0,0
2940.000000295058,2422.739706470109,140.8971461653765,9.269572937950061,1.040304749865225,9.427850468770199,0,0,0,0,0,0,0,0
2949.000000590184,2228.162842047346,150.2923482705563,9.26713673427172,155.2945200586256,9.430712850717081,0,0,0,0,0,0,0,0
2949.000000590184,2228.162842047346,150.2923482705563,9.26713673427172,155.2945200586256,9.430712850717081,0,0,0,0,0,0,0,0
2950,2427.143769684241,140.897153036155,9.269759325328979,1.040306538766936,9.427850475108912,0,0,0,0,0,0,0,0
2950.000000296002,2427.14381443733,140.8971461941996,9.269759326145167,1.040304738324058,9.427850469800504,0,0,0,0,0,0,0,0
2950.000000296002,2427.14381443733,140.8971461941996,9.269759326145167,1.040304738324058,9.427850469800504,0,0,0,0,0,0,0,0
2959.000000592159,2232.568370742247,150.2923482765652,9.267322413387015,155.2945200585017,9.430712851757416,0,0,0,0,0,0,0,0
2959.000000592159,2232.568370742247,150.2923482765652,9.267322413387015,155.2945200585017,9.430712851757416,0,0,0,0,0,0,0,0
2960,2431.549455533977,140.8971530856022,9.269944925794398,1.04030653263177,9.427850476172548,0,0,0,0,0,0,0,0
2960.000000297004,2431.549500438578,140.8971462204904,9.269944926613331,1.040304726095095,9.42785047084617,0,0,0,0,0,0,0,0
2960.000000297004,2431.549500438578,140.8971462204904,9.269944926613331,1.040304726095095,9.42785047084617,0,0,0,0,0,0,0,0
2969.000000594128,2236.975470290465,150.292348282003,9.267507307803491,155.2945200583786,9.43071285279564,0,0,0,0,0,0,0,0
2969.000000594128,2236.975470290465,150.292348282003,9.267507307803491,155.2945200583786,9.43071285279564,0,0,0,0,0,0,0,0
2970,2435.956711441914,140.8971531346104,9.270129741896026,1.040306526593763,9.427850477232951,0,0,0,0,0,0,0,0
2970.000000298008,2435.956756498302,140.8971462463003,9.2701297427177,1.040304713952227,9.427850471888581,0,0,0,0,0,0,0,0
2970.000000298008,2435.956756498302,140.8971462463003,9.2701297427177,1.040304713952227,9.427850471888581,0,0,0,0,0,0,0,0
2979.000000596159,2241.384132758763,150.2923482875214,9.267691420864756,155.2945200582595,9.430712853826696,0,0,0,0,0,0,0,0
2979.000000596159,2241.384132758763,150.2923482875214,9.267691420864756,155.2945200582595,9.430712853826696,0,0,0,0,0,0,0,0
2980,2440.365529469238,140.8971531851468,9.270313776976272,1.040306521033102,9.427850478287333,0,0,0,0,0,0,0,0
2980.000000299002,2440.365574676038,140.8971462738485,9.270313777800666,1.040304702342023,9.427850472925115,0,0,0,0,0,0,0,0
2980.000000299002,2440.365574676038,140.8971462738485,9.270313777800666,1.040304702342023,9.427850472925115,0,0,0,0,0,0,0,0
2989.000000598133,2245.794350249604,150.292348293206,9.267874755910499,155.2945200581378,9.430712854861886,0,0,0,0,0,0,0,0
2989.000000598133,2245.794350249604,150.292348293206,9.267874755910499,155.2945200581378,9.430712854861886,0,0,0,0,0,0,0,0
2990,2444.775901740419,140.897153234444,9.270497034374703,1.040306515207423,9.427850479345201,0,0,0,0,0,0,0,0
2990.000000300026,2444.775947102031,140.8971462994848,9.270497035201895,1.040304690289777,9.427850473964636,0,0,0,0,0,0,0,0
2990.000000300026,2444.775947102031,140.8971462994848,9.270497035201895,1.040304690289777,9.427850473964636,0,0,0,0,0,0,0,0
2999.000000600154,2250.206114902681,150.2923482986305,9.268057316260236,155.2945200580179,9.430712855889361,0,0,0,0,0,0,0,0
2999.000000600154,2250.206114902681,150.2923482986305,9.268057316260236,155.2945200580179,9.430712855889361,0,0,0,0,0,0,0,0
3000,2449.187820382574,140.8971532845471,9.270679517407828,1.040306509737256,9.427850480395668,0,0,0,0,0,0,0,0
3000.000000301015,2449.187865893842,140.8971463267154,9.270679518237724,1.040304678800492,9.427850474997353,0,0,0,0,0,0,0,0
3000.000000301015,2449.187865893842,140.8971463267154,9.270679518237724,1.040304678800492,9.427850474997353,0,0,0,0,0,0,0,0
3009.000000602141,2254.619418886169,150.292348304271,9.26823910522174,155.2945200578947,9.430712856919403,0,0,0,0,0,0,0,0
3009.000000602141,2254.619418886169,150.292348304271,9.26823910522174,155.2945200578947,9.430712856919403,0,0,0,0,0,0,0,0
3010,2453.601277579853,140.8971533339655,9.270861229383263,1.040306504138469,9.427850481448496,0,0,0,0,0,0,0,0
3010.000000302041,2453.601323246208,140.897146352431,9.270861230215962,1.040304666964073,9.427850476031793,0,0,0,0,0,0,0,0
3010.000000302041,2453.601323246208,140.897146352431,9.270861230215962,1.040304666964073,9.427850476031793,0,0,0,0,0,0,0,0
3019.000000604159,2259.0342544068,150.2923483096962,9.2684201260851,155.2945200577779,9.430712857942838,0,0,0,0,0,0,0,0
3019.000000604159,2259.0342544068,150.2923483096962,9.2684201260851,155.2945200577779,9.430712857942838,0,0,0,0,0,0,0,0
3020,2458.016265528789,140.8971533844231,9.271042173588384,1.04030650309615,9.427850482495129,0,0,0,0,0,0,0,0
3020.000000303017,2458.016311342782,140.8971463803258,9.271042174423753,1.040304660100597,9.427850477060918,0,0,0,0,0,0,0,0
3020.000000303017,2458.016311342782,140.8971463803258,9.271042174423753,1.040304660100597,9.427850477060918,0,0,0,0,0,0,0,0
3029.000000606124,2263.450613699192,150.2923483154489,9.268600382130494,155.2945200576583,9.430712858973523,0,0,0,0,0,0,0,0
3029.000000606124,2263.450613699192,150.2923483154489,9.268600382130494,155.2945200576583,9.430712858973523,0,0,0,0,0,0,0,0
3030,2462.432776484174,140.8971534338261,9.271222353303434,1.040306504820883,9.427850483548573,0,0,0,0,0,0,0,0
3030.000000304032,2462.432822451673,140.8971464062678,9.271222354141578,1.040304655651975,9.427850478096161,0,0,0,0,0,0,0,0
3030.000000304032,2462.432822451673,140.8971464062678,9.271222354141578,1.040304655651975,9.427850478096161,0,0,0,0,0,0,0,0
3039.000000608168,2267.868489037702,150.2923483208899,9.268779876617943,155.2945200575396,9.430712859998167,0,0,0,0,0,0,0,0
3039.000000608168,2267.868489037702,150.2923483208899,9.268779876617943,155.2945200575396,9.430712859998167,0,0,0,0,0,0,0,0
3040,2466.850802701547,140.8971534849373,9.271401771785071,1.040306507120441,9.427850484596863,0,0,0,0,0,0,0,0
3040.00000030503,2466.85084881994,140.8971464343172,9.271401772625943,1.04030465188328,9.427850479126564,0,0,0,0,0,0,0,0
3040.00000030503,2466.85084881994,140.8971464343172,9.271401772625943,1.04030465188328,9.427850479126564,0,0,0,0,0,0,0,0
3049.000000610169,2272.287872722761,150.2923483266478,9.268958612796572,155.2945200574263,9.430712861030296,0,0,0,0,0,0,0,0
3049.000000610169,2272.287872722761,150.2923483266478,9.268958612796572,155.2945200574263,9.430712861030296,0,0,0,0,0,0,0,0
3050,2471.270336505229,140.897153535186,9.271580432282704,1.040306509191209,9.427850485652359,0,0,0,0,0,0,0,0
3050.00000030604,2471.270382776303,140.897146461231,9.271580433126335,1.040304647813883,9.427850480163942,0,0,0,0,0,0,0,0
3050.00000030604,2471.270382776303,140.897146461231,9.271580433126335,1.040304647813883,9.427850480163942,0,0,0,0,0,0,0,0
3059.000000612199,2276.708757093688,150.2923483322348,9.269136593899413,155.2945200573092,9.430712862062903,0,0,0,0,0,0,0,0
3059.000000612199,2276.708757093688,150.2923483322348,9.269136593899413,155.2945200573092,9.430712862062903,0,0,0,0,0,0,0,0
3060,2475.6913702258,140.897153585959,9.271758338026675,1.040306511494997,9.427850486708493,0,0,0,0,0,0,0,0
3060.000000307005,2475.691416642956,140.897146489678,9.271758338872948,1.040304644243026,9.427850481202757,0,0,0,0,0,0,0,0
3060.000000307005,2475.691416642956,140.897146489678,9.271758338872948,1.040304644243026,9.427850481202757,0,0,0,0,0,0,0,0
3069.000000614154,2281.131134517714,150.2923483380668,9.269313823146753,155.294520057195,9.430712863105581,0,0,0,0,0,0,0,0
3069.000000614154,2281.131134517714,150.2923483380668,9.269313823146753,155.294520057195,9.430712863105581,0,0,0,0,0,0,0,0
3070,2480.11389624899,140.8971536353123,9.271935492236915,1.040306513435583,9.427850487773775,0,0,0,0,0,0,0,0
3070.000000308013,2480.113942818483,140.8971465157489,9.271935493085939,1.040304640057277,9.427850482249976,0,0,0,0,0,0,0,0
3070.000000308013,2480.113942818483,140.8971465157489,9.271935493085939,1.040304640057277,9.427850482249976,0,0,0,0,0,0,0,0
3079.00000061613,2285.554997400894,150.292348343429,9.269490303736644,155.2945200570788,9.430712864140396,0,0,0,0,0,0,0,0
3079.00000061613,2285.554997400894,150.292348343429,9.269490303736644,155.2945200570788,9.430712864140396,0,0,0,0,0,0,0,0
3080,2484.537906970924,140.897153684604,9.272111898108202,1.040306515517291,9.427850488830554,0,0,0,0,0,0,0,0
3080.000000309004,2484.537953690349,140.8971465421261,9.272111898959935,1.040304636109454,9.427850483288974,0,0,0,0,0,0,0,0
3080.000000309004,2484.537953690349,140.8971465421261,9.272111898959935,1.040304636109454,9.427850483288974,0,0,0,0,0,0,0,0
3089.000000618126,2289.980338175118,150.2923483489081,9.269666038851289,155.2945200569667,9.430712865168164,0,0,0,0,0,0,0,0
3089.000000618126,2289.980338175118,150.2923483489081,9.269666038851289,155.2945200569667,9.430712865168164,0,0,0,0,0,0,0,0
3090,2488.963394825338,140.8971537345838,9.272287558822143,1.040306517816048,9.427850489880941,0,0,0,0,0,0,0,0
3090.000000310015,2488.963441697651,140.8971465687393,9.272287559676641,1.040304632259748,9.427850484321235,0,0,0,0,0,0,0,0
3090.000000310015,2488.963441697651,140.8971465687393,9.272287559676641,1.040304632259748,9.427850484321235,0,0,0,0,0,0,0,0
3099.000000620162,2294.407149307208,150.2923483544707,9.269841031665177,155.2945200568578,9.430712866192268,0,0,0,0,0,0,0,0
3099.000000620162,2294.407149307208,150.2923483544707,9.269841031665177,155.2945200568578,9.430712866192268,0,0,0,0,0,0,0,0
3100,2493.390352279675,140.8971537856171,9.272462477552148,1.04030652043291,9.4278504909287,0,0,0,0,0,0,0,0
3100.000000311061,2493.390399310168,140.8971465955967,9.272462478409503,1.040304628515178,9.427850485350236,0,0,0,0,0,0,0,0
3100.000000311061,2493.390399310168,140.8971465955967,9.272462478409503,1.040304628515178,9.427850485350236,0,0,0,0,0,0,0,0
3109.000000622176,2298.83542329668,150.2923483599706,9.270015285340776,155.2945200567428,9.430712867214876,0,0,0,0,0,0,0,0
3109.000000622176,2298.83542329668,150.2923483599706,9.270015285340776,155.2945200567428,9.430712867214876,0,0,0,0,0,0,0,0
3110,2497.818771846821,140.897153836018,9.272636657459394,1.040306522954465,9.427850491974539,0,0,0,0,0,0,0,0
3110.000000312024,2497.818819022983,140.8971466237347,9.272636658319382,1.040304625178682,9.42785048637881,0,0,0,0,0,0,0,0
3110.000000312024,2497.818819022983,140.8971466237347,9.272636658319382,1.040304625178682,9.42785048637881,0,0,0,0,0,0,0,0
3119.000000624148,2303.265152672542,150.2923483657676,9.270188803029511,155.2945200566336,9.430712868246712,0,0,0,0,0,0,0,0
3119.000000624148,2303.265152672542,150.2923483657676,9.270188803029511,155.2945200566336,9.430712868246712,0,0,0,0,0,0,0,0
3120,2502.248646061124,140.8971538857885,9.272810101694553,1.040306525309767,9.427850493029453,0,0,0,0,0,0,0,0
3120.000000313027,2502.248693389005,140.8971466503174,9.27281010255728,1.040304621432541,9.427850487415729,0,0,0,0,0,0,0,0
3120.000000313027,2502.248693389005,140.8971466503174,9.27281010255728,1.040304621432541,9.427850487415729,0,0,0,0,0,0,0,0
3129.000000626156,2307.69633000079,150.2923483712688,9.27036158786272,155.2945200565221,9.430712869276793,0,0,0,0,0,0,0,0
3129.000000626156,2307.69633000079,150.2923483712688,9.27036158786272,155.2945200565221,9.430712869276793,0,0,0,0,0,0,0,0
3130,2506.679967481291,140.8971539359868,9.272982813386042,1.040306527895672,9.427850494082534,0,0,0,0,0,0,0,0
3130.000000314064,2506.680014965912,140.8971466765606,9.272982814251607,1.040304617715096,9.427850488450222,0,0,0,0,0,0,0,0
3130.000000314064,2506.680014965912,140.8971466765606,9.272982814251607,1.040304617715096,9.427850488450222,0,0,0,0,0,0,0,0
3139.000000628219,2312.128947874934,150.2923483767532,9.270533642952859,155.2945200564157,9.430712870301347,0,0,0,0,0,0,0,0
3139.000000628219,2312.128947874934,150.2923483767532,9.270533642952859,155.2945200564157,9.430712870301347,0,0,0,0,0,0,0,0
3140,2511.112728699507,140.8971539875508,9.273154795645024,1.040306530900013,9.427850495131073,0,0,0,0,0,0,0,0
3140.000000315029,2511.112776330208,140.8971467057986,9.273154796513227,1.040304614844791,9.427850489481438,0,0,0,0,0,0,0,0
3140.000000315029,2511.112776330208,140.8971467057986,9.273154796513227,1.040304614844791,9.427850489481438,0,0,0,0,0,0,0,0
3149.000000630171,2316.562998917955,150.2923483827146,9.270704971411613,155.2945200563053,9.430712871341699,0,0,0,0,0,0,0,0
3149.000000630171,2316.562998917955,150.2923483827146,9.270704971411613,155.2945200563053,9.430712871341699,0,0,0,0,0,0,0,0
3150,2515.546922368501,140.8971540368705,9.273326051583958,1.040306533275225,9.427850496194251,0,0,0,0,0,0,0,0
3150.000000316003,2515.546970146384,140.8971467326243,9.27332605245482,1.040304611301105,9.427850490527167,0,0,0,0,0,0,0,0
3150.000000316003,2515.546970146384,140.8971467326243,9.27332605245482,1.040304611301105,9.427850490527167,0,0,0,0,0,0,0,0
3159.000000632167,2320.998475792173,150.2923483882738,9.270875576329331,155.2945200561991,9.430712872381696,0,0,0,0,0,0,0,0
3159.000000632167,2320.998475792173,150.2923483882738,9.270875576329331,155.2945200561991,9.430712872381696,0,0,0,0,0,0,0,0
3160,2519.982541129713,140.8971540868119,9.273496584289303,1.040306535952211,9.427850497256966,0,0,0,0,0,0,0,0
3160.000000317002,2519.982589058697,140.8971467594724,9.273496585162894,1.040304607901539,9.427850491571968,0,0,0,0,0,0,0,0
3160.000000317002,2519.982589058697,140.8971467594724,9.273496585162894,1.040304607901539,9.427850491571968,0,0,0,0,0,0,0,0
3169.000000634157,2325.435371184875,150.292348393811,9.271045460776403,155.2945200560926,9.430712873418402,0,0,0,0,0,0,0,0
3169.000000634157,2325.435371184875,150.292348393811,9.271045460776403,155.2945200560926,9.430712873418402,0,0,0,0,0,0,0,0
3170,2524.419577678958,140.8971541368967,9.273666396830572,1.040306538727265,9.42785049831639,0,0,0,0,0,0,0,0
3170.000000318011,2524.419625760624,140.8971467862223,9.27366639770692,1.040304604536427,9.427850492613286,0,0,0,0,0,0,0,0
3170.000000318011,2524.419625760624,140.8971467862223,9.27366639770692,1.040304604536427,9.427850492613286,0,0,0,0,0,0,0,0
3179.000000636129,2329.873677816346,150.2923483992833,9.27121462781256,155.2945200559852,9.430712874450307,0,0,0,0,0,0,0,0
3179.000000636129,2329.873677816346,150.2923483992833,9.27121462781256,155.2945200559852,9.430712874450307,0,0,0,0,0,0,0,0
3180,2528.858024744977,140.8971541862657,9.273835492266395,1.040306541382557,9.427850499370422,0,0,0,0,0,0,0,0
3180.000000319016,2528.858072978568,140.8971468123718,9.273835493145491,1.040304601081978,9.42785049364929,0,0,0,0,0,0,0,0
3180.000000319016,2528.858072978568,140.8971468123718,9.273835493145491,1.040304601081978,9.42785049364929,0,0,0,0,0,0,0,0
3189.000000638151,2334.313388437552,150.2923484047543,9.271383080483888,155.2945200558784,9.430712875474562,0,0,0,0,0,0,0,0
3189.000000638151,2334.313388437552,150.2923484047543,9.271383080483888,155.2945200558784,9.430712875474562,0,0,0,0,0,0,0,0
3190,2533.297875069815,140.8971542368143,9.274003873641313,1.040306544403213,9.427850500417776,0,0,0,0,0,0,0,0
3190.000000320015,2533.297923454507,140.8971468398272,9.274003874523135,1.040304598026081,9.427850494678735,0,0,0,0,0,0,0,0
3190.000000320015,2533.297923454507,140.8971468398272,9.274003874523135,1.040304598026081,9.427850494678735,0,0,0,0,0,0,0,0
3199.000000640129,2338.754495829249,150.2923484103918,9.271550821829544,155.2945200557769,9.430712876501063,0,0,0,0,0,0,0,0
3199.000000640129,2338.754495829249,150.2923484103918,9.271550821829544,155.2945200557769,9.430712876501063,0,0,0,0,0,0,0,0
3200,2537.739121451477,140.8971542865308,9.274171543994179,1.040306547225942,9.427850501467056,0,0,0,0,0,0,0,0
3200.000000321025,2537.739169988919,140.8971468661983,9.274171544878765,1.040304594705878,9.427850495709903,0,0,0,0,0,0,0,0
3200.000000321025,2537.739169988919,140.8971468661983,9.274171544878765,1.040304594705878,9.427850495709903,0,0,0,0,0,0,0,0
3209.000000642131,2343.196992806071,150.2923484158329,9.271717854872172,155.2945200556703,9.430712877523344,0,0,0,0,0,0,0,0
3209.000000642131,2343.196992806071,150.2923484158329,9.271717854872172,155.2945200556703,9.430712877523344,0,0,0,0,0,0,0,0
3210,2542.181756697121,140.8971543366955,9.27433850634522,1.040306550260556,9.427850502512301,0,0,0,0,0,0,0,0
3210.000000322028,2542.181805386215,140.8971468931855,9.274338507232549,1.040304591641813,9.427850496737165,0,0,0,0,0,0,0,0
3210.000000322028,2542.181805386215,140.8971468931855,9.274338507232549,1.040304591641813,9.427850496737165,0,0,0,0,0,0,0,0
3219.000000644156,2347.640872209481,150.2923484214651,9.27188418262087,155.2945200555694,9.430712878546428,0,0,0,0,0,0,0,0
3219.000000644156,2347.640872209481,150.2923484214651,9.27188418262087,155.2945200555694,9.430712878546428,0,0,0,0,0,0,0,0
3220,2546.625773652728,140.8971543874373,9.274504763702819,1.040306553463014,9.42785050355897,0,0,0,0,0,0,0,0
3220.000000323037,2546.625822494505,140.8971469205923,9.274504764592908,1.040304588704104,9.42785049776573,0,0,0,0,0,0,0,0
3220.000000323037,2546.625822494505,140.8971469205923,9.274504764592908,1.040304588704104,9.42785049776573,0,0,0,0,0,0,0,0
3229.000000646146,2352.086126914076,150.2923484270714,9.272049808074556,155.2945200554664,9.430712879573157,0,0,0,0,0,0,0,0
3229.000000646146,2352.086126914076,150.2923484270714,9.272049808074556,155.2945200554664,9.430712879573157,0,0,0,0,0,0,0,0
3230,2551.071165203066,140.8971544374719,9.274670319064615,1.040306556536753,9.427850504608804,0,0,0,0,0,0,0,0
3230.000000324001,2551.071214190579,140.8971469483536,9.274670319957332,1.040304585917026,9.42785049879828,0,0,0,0,0,0,0,0
3230.000000324001,2551.071214190579,140.8971469483536,9.274670319957332,1.040304585917026,9.42785049879828,0,0,0,0,0,0,0,0
3239.00000064814,2356.532749823227,150.2923484328137,9.272214734218137,155.2945200553651,9.430712880606693,0,0,0,0,0,0,0,0
3239.00000064814,2356.532749823227,150.2923484328137,9.272214734218137,155.2945200553651,9.430712880606693,0,0,0,0,0,0,0,0
3240,2555.517924249798,140.8971544876677,9.274835175414168,1.040306559679404,9.427850505665617,0,0,0,0,0,0,0,0
3240.000000325039,2555.517973394394,140.8971469745417,9.274835176309725,1.040304582742497,9.42785049983647,0,0,0,0,0,0,0,0
3240.000000325039,2555.517973394394,140.8971469745417,9.274835176309725,1.040304582742497,9.42785049983647,0,0,0,0,0,0,0,0
3249.000000650151,2360.980733874071,150.2923484381894,9.272378964016795,155.2945200552636,9.430712881634147,0,0,0,0,0,0,0,0
3249.000000650151,2360.980733874071,150.2923484381894,9.272378964016795,155.2945200552636,9.430712881634147,0,0,0,0,0,0,0,0
3250,2559.966043731478,140.89715453781,9.274999335714259,1.040306562934425,9.427850506715842,0,0,0,0,0,0,0,0
3250.000000326036,2559.966093026763,140.8971470016538,9.27499933661254,1.04030457993756,9.427850500868827,0,0,0,0,0,0,0,0
3250.000000326036,2559.966093026763,140.8971470016538,9.27499933661254,1.04030457993756,9.427850500868827,0,0,0,0,0,0,0,0
3259.00000065218,2365.430072027915,150.2923484438467,9.272542500424361,155.2945200551596,9.430712882661938,0,0,0,0,0,0,0,0
3259.00000065218,2365.430072027915,150.2923484438467,9.272542500424361,155.2945200551596,9.430712882661938,0,0,0,0,0,0,0,0
3260,2564.415516610285,140.8971545888178,9.275162802918439,1.040306566411386,9.427850507767351,0,0,0,0,0,0,0,0
3260.000000327014,2564.415566053508,140.8971470300519,9.27516280381939,1.040304577465197,9.427850501902793,0,0,0,0,0,0,0,0
3260.000000327014,2564.415566053508,140.8971470300519,9.27516280381939,1.040304577465197,9.427850501902793,0,0,0,0,0,0,0,0
3269.000000654141,2369.880757279366,150.2923484496349,9.272705346390342,155.2945200550629,9.430712883699485,0,0,0,0,0,0,0,0
3269.000000654141,2369.880757279366,150.2923484496349,9.272705346390342,155.2945200550629,9.430712883699485,0,0,0,0,0,0,0,0
3270,2568.866335898728,140.8971546382725,9.275325579975558,1.040306569504524,9.427850508827616,0,0,0,0,0,0,0,0
3270.000000328007,2568.86638549209,140.8971470565604,9.275325580879226,1.040304574520504,9.427850502945251,0,0,0,0,0,0,0,0
3270.000000328007,2568.86638549209,140.8971470565604,9.275325580879226,1.040304574520504,9.427850502945251,0,0,0,0,0,0,0,0
3279.000000656134,2374.332782655258,150.2923484551107,9.272867504842608,155.294520054961,9.430712884733321,0,0,0,0,0,0,0,0
3279.000000656134,2374.332782655258,150.2923484551107,9.272867504842608,155.294520054961,9.430712884733321,0,0,0,0,0,0,0,0
3280,2573.318494610694,140.8971546882024,9.275487669810563,1.04030657283924,9.427850509884076,0,0,0,0,0,0,0,0
3280.000000329034,2573.318544359489,140.8971470827349,9.275487670717032,1.040304571604419,9.427850503983281,0,0,0,0,0,0,0,0
3280.000000329034,2573.318544359489,140.8971470827349,9.275487670717032,1.040304571604419,9.427850503983281,0,0,0,0,0,0,0,0
3289.00000065817,2378.786141208385,150.2923484605549,9.273028978692272,155.2945200548625,9.430712885759499,0,0,0,0,0,0,0,0
3289.00000065817,2378.786141208385,150.2923484605549,9.273028978692272,155.2945200548625,9.430712885759499,0,0,0,0,0,0,0,0
3290,2577.771985800177,140.8971547391332,9.275649075333538,1.040306576494119,9.427850510933593,0,0,0,0,0,0,0,0
3290.000000330035,2577.772035700349,140.8971471105304,9.275649076242745,1.040304569171681,9.427850505014849,0,0,0,0,0,0,0,0
3290.000000330035,2577.772035700349,140.8971471105304,9.275649076242745,1.040304569171681,9.427850505014849,0,0,0,0,0,0,0,0
3299.000000660165,2383.240826020188,150.2923484662888,9.273189770847042,155.2945200547643,9.430712886790213,0,0,0,0,0,0,0,0
3299.000000660165,2383.240826020188,150.2923484662888,9.273189770847042,155.2945200547643,9.430712886790213,0,0,0,0,0,0,0,0
3300,2582.226802564379,140.8971547894015,9.275809799452299,1.040306579964936,9.42785051198752,0,0,0,0,0,0,0,0
3300.000000331053,2582.226852618539,140.897147137264,9.275809800364289,1.040304566449779,9.427850506050515,0,0,0,0,0,0,0,0
3300.000000331053,2582.226852618539,140.897147137264,9.275809800364289,1.040304566449779,9.427850506050515,0,0,0,0,0,0,0,0
3309.000000662182,2387.696830206147,150.2923484718018,9.273349884200254,155.2945200546689,9.430712887818977,0,0,0,0,0,0,0,0
3309.000000662182,2387.696830206147,150.2923484718018,9.273349884200254,155.2945200546689,9.430712887818977,0,0,0,0,0,0,0,0
3310,2586.682938013259,140.8971548398303,9.275969845057766,1.040306583573993,9.427850513039457,0,0,0,0,0,0,0,0
3310.000000332043,2586.682988217076,140.8971471648204,9.27596984597246,1.040304564040366,9.427850507084706,0,0,0,0,0,0,0,0
3310.000000332043,2586.682988217076,140.8971471648204,9.27596984597246,1.040304564040366,9.427850507084706,0,0,0,0,0,0,0,0
3319.000000664188,2392.154146906441,150.2923484774866,9.273509321632044,155.2945200545708,9.430712888851266,0,0,0,0,0,0,0,0
3319.000000664188,2392.154146906441,150.2923484774866,9.273509321632044,155.2945200545708,9.430712888851266,0,0,0,0,0,0,0,0
3320,2591.140385292975,140.8971548903147,9.276129215029453,1.040306587213447,9.427850514095073,0,0,0,0,0,0,0,0
3320.000000333051,2591.140435649201,140.8971471920118,9.276129215946902,1.040304561550714,9.427850508122251,0,0,0,0,0,0,0,0
3320.000000333051,2591.140435649201,140.8971471920118,9.276129215946902,1.040304561550714,9.427850508122251,0,0,0,0,0,0,0,0
3329.000000666185,2396.612769293657,150.2923484830856,9.273668086009911,155.2945200544749,9.430712889884509,0,0,0,0,0,0,0,0
3329.000000666185,2396.612769293657,150.2923484830856,9.273668086009911,155.2945200544749,9.430712889884509,0,0,0,0,0,0,0,0
3330,2595.599137580946,140.8971549403239,9.27628791223322,1.040306590793297,9.42785051515118,0,0,0,0,0,0,0,0
3330.000000334014,2595.599188082841,140.8971472197581,9.276287913153297,1.040304559272512,9.427850509161093,0,0,0,0,0,0,0,0
3330.000000334014,2595.599188082841,140.8971472197581,9.276287913153297,1.040304559272512,9.427850509161093,0,0,0,0,0,0,0,0
3339.000000668129,2401.072690567381,150.292348488742,9.273826180188957,155.2945200543774,9.430712890921708,0,0,0,0,0,0,0,0
3339.000000668129,2401.072690567381,150.292348488742,9.273826180188957,155.2945200543774,9.430712890921708,0,0,0,0,0,0,0,0
3340,2600.059188084375,140.897154989268,9.276445939523281,1.040306594131245,9.427850516210443,0,0,0,0,0,0,0,0
3340.000000335041,2600.059238741565,140.8971472449678,9.27644594044617,1.040304556365191,9.427850510201935,0,0,0,0,0,0,0,0
3340.000000335041,2600.059238741565,140.8971472449678,9.27644594044617,1.040304556365191,9.427850510201935,0,0,0,0,0,0,0,0
3349.000000670169,2405.533903959593,150.2923484940399,9.273983607003411,155.2945200542844,9.430712891945074,0,0,0,0,0,0,0,0
3349.000000670169,2405.533903959593,150.2923484940399,9.273983607003411,155.2945200542844,9.430712891945074,0,0,0,0,0,0,0,0
3350,2604.520530015735,140.8971550401888,9.276603299730978,1.040306598109535,9.427850517256937,0,0,0,0,0,0,0,0
3350.000000336004,2604.520580818595,140.8971472736258,9.276603300656493,1.040304554485428,9.427850511231153,0,0,0,0,0,0,0,0
3350.000000336004,2604.520580818595,140.8971472736258,9.276603300656493,1.040304554485428,9.427850511231153,0,0,0,0,0,0,0,0
3359.000000672119,2409.996402723304,150.2923484998698,9.274140369287183,155.2945200541901,9.430712892978061,0,0,0,0,0,0,0,0
3359.000000672119,2409.996402723304,150.2923484998698,9.274140369287183,155.2945200541901,9.430712892978061,0,0,0,0,0,0,0,0
3360,2608.983156659461,140.8971550895344,9.276759995691839,1.040306601613455,9.427850518312576,0,0,0,0,0,0,0,0
3360.000000337021,2608.983207616241,140.8971472994472,9.276759996620134,1.040304551799395,9.427850512268542,0,0,0,0,0,0,0,0
3360.000000337021,2608.983207616241,140.8971472994472,9.276759996620134,1.040304551799395,9.427850512268542,0,0,0,0,0,0,0,0
3369.00000067413,2414.460180150628,150.2923485052136,9.274296469856646,155.2945200540954,9.430712894002728,0,0,0,0,0,0,0,0
3369.00000067413,2414.460180150628,150.2923485052136,9.274296469856646,155.2945200540954,9.430712894002728,0,0,0,0,0,0,0,0
3370,2613.447061288257,140.8971551397797,9.276916030218485,1.040306605502074,9.427850519360046,0,0,0,0,0,0,0,0
3370.000000338006,2613.447112394006,140.8971473269251,9.27691603114947,1.040304549697201,9.427850513298345,0,0,0,0,0,0,0,0
3370.000000338006,2613.447112394006,140.8971473269251,9.27691603114947,1.040304549697201,9.427850513298345,0,0,0,0,0,0,0,0
3379.000000676127,2418.925229552634,150.292348510909,9.274451911516294,155.2945200540005,9.430712895030089,0,0,0,0,0,0,0,0
3379.000000676127,2418.925229552634,150.292348510909,9.274451911516294,155.2945200540005,9.430712895030089,0,0,0,0,0,0,0,0
3380,2617.912237226868,140.8971551900353,9.277071406115773,1.040306609367778,9.427850520410587,0,0,0,0,0,0,0,0
3380.00000033905,2617.912288490389,140.8971473530679,9.277071407049615,1.040304547218064,9.427850514330178,0,0,0,0,0,0,0,0
3380.00000033905,2617.912288490389,140.8971473530679,9.277071407049615,1.040304547218064,9.427850514330178,0,0,0,0,0,0,0,0
3389.000000678168,2423.391544276192,150.2923485163284,9.274606697058198,155.2945200539084,9.430712896051526,0,0,0,0,0,0,0,0
3389.000000678168,2423.391544276192,150.2923485163284,9.274606697058198,155.2945200539084,9.430712896051526,0,0,0,0,0,0,0,0
3390,2622.378677815862,140.8971552411245,9.277226126173449,1.040306613557573,9.427850521455644,0,0,0,0,0,0,0,0
3390.000000340049,2622.378729230484,140.8971473810638,9.277226127110016,1.040304545331304,9.427850515357319,0,0,0,0,0,0,0,0
3390.000000340049,2622.378729230484,140.8971473810638,9.277226127110016,1.040304545331304,9.427850515357319,0,0,0,0,0,0,0,0
3399.000000680212,2427.859117689881,150.2923485221061,9.274760829266361,155.2945200538177,9.430712897080401,0,0,0,0,0,0,0,0
3399.000000680212,2427.859117689881,150.2923485221061,9.274760829266361,155.2945200538177,9.430712897080401,0,0,0,0,0,0,0,0
3400,2626.846376433792,140.8971552925327,9.277380193175627,1.040306617804027,9.427850522508791,0,0,0,0,0,0,0,0
3400.000000341012,2626.846427994152,140.8971474101987,9.277380194114828,1.040304543716939,9.427850516393187,0,0,0,0,0,0,0,0
3400.000000341012,2626.846427994152,140.8971474101987,9.277380194114828,1.040304543716939,9.427850516393187,0,0,0,0,0,0,0,0
3409.000000682136,2432.327943194642,150.292348527986,9.274914310918225,155.2945200537288,9.430712898125018,0,0,0,0,0,0,0,0
3409.000000682136,2432.327943194642,150.292348527986,9.274914310918225,155.2945200537288,9.430712898125018,0,0,0,0,0,0,0,0
3410,2631.315326504229,140.8971553409989,9.277533609898835,1.040306621301586,9.427850523575474,0,0,0,0,0,0,0,0
3410.000000342026,2631.315378217892,140.8971474352353,9.277533610840806,1.040304541049437,9.427850517441689,0,0,0,0,0,0,0,0
3410.000000342026,2631.315378217892,140.8971474352353,9.277533610840806,1.040304541049437,9.427850517441689,0,0,0,0,0,0,0,0
3419.00000068415,2436.798014223417,150.292348533215,9.275067144760293,155.294520053636,9.43071289915518,0,0,0,0,0,0,0,0
3419.00000068415,2436.798014223417,150.292348533215,9.275067144760293,155.294520053636,9.43071289915518,0,0,0,0,0,0,0,0
3420,2635.785521425976,140.8971553914779,9.2776863790852,1.040306625509675,9.427850524628278,0,0,0,0,0,0,0,0
3420.000000343016,2635.785573289364,140.8971474628312,9.277686380029875,1.040304539236288,9.427850518476738,0,0,0,0,0,0,0,0
3420.000000343016,2635.785573289364,140.8971474628312,9.277686380029875,1.040304539236288,9.427850518476738,0,0,0,0,0,0,0,0
3429.000000686124,2441.269324226697,150.2923485388861,9.275219333533327,155.2945200535477,9.430712900186158,0,0,0,0,0,0,0,0
3429.000000686124,2441.269324226697,150.2923485388861,9.275219333533327,155.2945200535477,9.430712900186158,0,0,0,0,0,0,0,0
3430,2640.256954676492,140.897155441274,9.277838503477136,1.040306629491353,9.427850525681933,0,0,0,0,0,0,0,0
3430.000000344025,2640.257006692426,140.8971474893134,9.277838504424567,1.040304537083329,9.427850519512308,0,0,0,0,0,0,0,0
3430.000000344025,2640.257006692426,140.8971474893134,9.277838504424567,1.040304537083329,9.427850519512308,0,0,0,0,0,0,0,0
3439.000000688166,2445.74186669138,150.2923485443949,9.275370879970987,155.2945200534558,9.430712901212642,0,0,0,0,0,0,0,0
3439.000000688166,2445.74186669138,150.2923485443949,9.275370879970987,155.2945200534558,9.430712901212642,0,0,0,0,0,0,0,0
3440,2644.72961973011,140.8971554921782,9.277989985806046,1.040306633842604,9.427850526731829,0,0,0,0,0,0,0,0
3440.000000345056,2644.729671902097,140.8971475163676,9.277989986756298,1.040304535158884,9.427850520543704,0,0,0,0,0,0,0,0
3440.000000345056,2644.729671902097,140.8971475163676,9.277989986756298,1.040304535158884,9.427850520543704,0,0,0,0,0,0,0,0
3449.000000690174,2450.215635128033,150.2923485499383,9.275521786794796,155.294520053371,9.430712902238199,0,0,0,0,0,0,0,0
3449.000000690174,2450.215635128033,150.2923485499383,9.275521786794796,155.294520053371,9.430712902238199,0,0,0,0,0,0,0,0
3450,2649.203510110711,140.8971555427569,9.278140828792838,1.04030663814847,9.427850527780699,0,0,0,0,0,0,0,0
3450.000000346009,2649.203562426786,140.8971475449251,9.278140829745688,1.04030453367031,9.427850521575484,0,0,0,0,0,0,0,0
3450.000000346009,2649.203562426786,140.8971475449251,9.278140829745688,1.04030453367031,9.427850521575484,0,0,0,0,0,0,0,0
3459.00000069214,2454.690623074046,150.2923485558093,9.275672056720389,155.294520053278,9.430712903275081,0,0,0,0,0,0,0,0
3459.00000069214,2454.690623074046,150.2923485558093,9.275672056720389,155.294520053278,9.430712903275081,0,0,0,0,0,0,0,0
3460,2653.678619363841,140.8971555924542,9.278291035152769,1.04030664219862,9.427850528840551,0,0,0,0,0,0,0,0
3460.000000347029,2653.678671834111,140.8971475710561,9.278291036108403,1.040304531519443,9.427850522617051,0,0,0,0,0,0,0,0
3460.000000347029,2653.678671834111,140.8971475710561,9.278291036108403,1.040304531519443,9.427850522617051,0,0,0,0,0,0,0,0
3469.000000694195,2459.166824100124,150.2923485612639,9.275821692442545,155.2945200531913,9.430712904306292,0,0,0,0,0,0,0,0
3469.000000694195,2459.166824100124,150.2923485612639,9.275821692442545,155.2945200531913,9.430712904306292,0,0,0,0,0,0,0,0
3470,2658.154941042273,140.8971556437488,9.278440607577291,1.040306646800165,9.427850529895398,0,0,0,0,0,0,0,0
3470.000000348045,2658.154993666326,140.8971475988477,9.278440608535705,1.040304529936564,9.427850523653662,0,0,0,0,0,0,0,0
3470.000000348045,2658.154993666326,140.8971475988477,9.278440608535705,1.040304529936564,9.427850523653662,0,0,0,0,0,0,0,0
3479.000000696165,2463.64423179712,150.2923485668993,9.275970696645876,155.2945200531045,9.43071290534054,0,0,0,0,0,0,0,0
3479.000000696165,2463.64423179712,150.2923485668993,9.275970696645876,155.2945200531045,9.43071290534054,0,0,0,0,0,0,0,0
3480,2662.632468765148,140.8971556932769,9.278589548751551,1.040306650941379,9.427850530952115,0,0,0,0,0,0,0,0
3480.000000349042,2662.63252153989,140.8971476253456,9.278589549712686,1.040304528017818,9.42785052469252,0,0,0,0,0,0,0,0
3480.000000349042,2662.63252153989,140.8971476253456,9.278589549712686,1.040304528017818,9.42785052469252,0,0,0,0,0,0,0,0
3489.00000069821,2468.122839787829,150.2923485724324,9.27611907200269,155.2945200530163,9.430712906370482,0,0,0,0,0,0,0,0
3489.00000069821,2468.122839787829,150.2923485724324,9.27611907200269,155.2945200530163,9.430712906370482,0,0,0,0,0,0,0,0
3490,2667.111196132703,140.8971557446448,9.278737861345563,1.040306655633358,9.427850532005815,0,0,0,0,0,0,0,0
3490.000000350011,2667.11124905401,140.897147654314,9.278737862309343,1.040304526815787,9.427850525728836,0,0,0,0,0,0,0,0
3490.000000350011,2667.11124905401,140.897147654314,9.278737862309343,1.040304526815787,9.427850525728836,0,0,0,0,0,0,0,0
3499.000000700126,2472.602641717897,150.2923485782769,9.27626682118138,155.2945200529332,9.430712907412344,0,0,0,0,0,0,0,0
3499.000000700126,2472.602641717897,150.2923485782769,9.27626682118138,155.2945200529332,9.430712907412344,0,0,0,0,0,0,0,0
3500,2671.591116826566,140.8971557931448,9.27888554802847,1.040306659550068,9.42785053306962,0,0,0,0,0,0,0,0
3500.00000035102,2671.591169900555,140.897147679479,9.278885548995008,1.040304524592327,9.427850526774533,0,0,0,0,0,0,0,0
3500.00000035102,2671.591169900555,140.897147679479,9.278885548995008,1.040304524592327,9.427850526774533,0,0,0,0,0,0,0,0
3509.00000070215,2477.083631267805,150.2923485835267,9.276413946826422,155.294520052847,9.430712908440045,0,0,0,0,0,0,0,0
3509.00000070215,2477.083631267805,150.2923485835267,9.276413946826422,155.294520052847,9.430712908440045,0,0,0,0,0,0,0,0
3510,2676.072224493314,140.8971558435396,9.279032611440543,1.040306664128097,9.427850534119916,0,0,0,0,0,0,0,0
3510.000000352044,2676.072277722049,140.8971477062234,9.27903261240988,1.040304522947211,9.427850527806481,0,0,0,0,0,0,0,0
3510.000000352044,2676.072277722049,140.8971477062234,9.27903261240988,1.040304522947211,9.427850527806481,0,0,0,0,0,0,0,0
3519.000000704176,2481.565802135066,150.2923485890993,9.27656045157301,155.2945200527622,9.430712909463287,0,0,0,0,0,0,0,0
3519.000000704176,2481.565802135066,150.2923485890993,9.27656045157301,155.2945200527622,9.430712909463287,0,0,0,0,0,0,0,0
3520,2680.554512847971,140.8971558944008,9.279179054217865,1.040306668807697,9.427850535166581,0,0,0,0,0,0,0,0
3520.000000353013,2680.55456622334,140.8971477346746,9.279179055189847,1.040304521730034,9.427850528835762,0,0,0,0,0,0,0,0
3520.000000353013,2680.55456622334,140.8971477346746,9.279179055189847,1.040304521730034,9.427850528835762,0,0,0,0,0,0,0,0
3529.000000706141,2486.049148048369,150.2923485948886,9.276706338058171,155.2945200526754,9.43071291049605,0,0,0,0,0,0,0,0
3529.000000706141,2486.049148048369,150.2923485948886,9.276706338058171,155.2945200526754,9.43071291049605,0,0,0,0,0,0,0,0
3530,2685.037975631859,140.8971559441107,9.279324878997189,1.040306673181361,9.42785053622228,0,0,0,0,0,0,0,0
3530.000000354036,2685.038029161973,140.8971477607342,9.279324879971966,1.040304519880553,9.427850529873108,0,0,0,0,0,0,0,0
3530.000000354036,2685.038029161973,140.8971477607342,9.279324879971966,1.040304519880553,9.427850529873108,0,0,0,0,0,0,0,0
3539.000000708151,2490.533662766733,150.2923486002654,9.27685160889723,155.2945200525897,9.430712911522132,0,0,0,0,0,0,0,0
3539.000000708151,2490.533662766733,150.2923486002654,9.27685160889723,155.2945200525897,9.430712911522132,0,0,0,0,0,0,0,0
3540,2689.522606591917,140.8971559943441,9.279470088390639,1.04030667781947,9.427850537271153,0,0,0,0,0,0,0,0
3540.000000355034,2689.522660272926,140.8971477879059,9.279470089368141,1.040304518450404,9.427850530904095,0,0,0,0,0,0,0,0
3540.000000355034,2689.522660272926,140.8971477879059,9.279470089368141,1.040304518450404,9.427850530904095,0,0,0,0,0,0,0,0
3549.000000710137,2495.019340068992,150.2923486058635,9.276996266693885,155.2945200525071,9.430712912548122,0,0,0,0,0,0,0,0
3549.000000710137,2495.019340068992,150.2923486058635,9.276996266693885,155.2945200525071,9.430712912548122,0,0,0,0,0,0,0,0
3550,2694.008399519418,140.8971560441864,9.279614685002027,1.040306682351332,9.427850538319898,0,0,0,0,0,0,0,0
3550.00000035605,2694.008453354073,140.897147814266,9.279614685982306,1.040304516803374,9.427850531934611,0,0,0,0,0,0,0,0
3550.00000035605,2694.008453354073,140.897147814266,9.279614685982306,1.040304516803374,9.427850531934611,0,0,0,0,0,0,0,0
3559.000000712176,2499.506173765289,150.2923486113369,9.277140314042029,155.2945200524273,9.430712913569414,0,0,0,0,0,0,0,0
3559.000000712176,2499.506173765289,150.2923486113369,9.277140314042029,155.2945200524273,9.430712913569414,0,0,0,0,0,0,0,0
3560,2698.495348214219,140.897156095293,9.279758671423439,1.040306687281904,9.427850539364821,0,0,0,0,0,0,0,0
3560.000000357037,2698.49540219812,140.8971478425632,9.279758672406407,1.040304515732066,9.427850532961841,0,0,0,0,0,0,0,0
3560.000000357037,2698.49540219812,140.8971478425632,9.279758672406407,1.040304515732066,9.427850532961841,0,0,0,0,0,0,0,0
3569.000000714141,2503.994157687815,150.2923486170957,9.277283753530163,155.2945200523407,9.430712914599583,0,0,0,0,0,0,0,0
3569.000000714141,2503.994157687815,150.2923486170957,9.277283753530163,155.2945200523407,9.430712914599583,0,0,0,0,0,0,0,0
3570,2702.983446530913,140.8971561450174,9.279902050243646,1.040306691832565,9.427850540417934,0,0,0,0,0,0,0,0
3570.000000358039,2702.983500666328,140.8971478691312,9.279902051229357,1.040304514189576,9.427850533996988,0,0,0,0,0,0,0,0
3570.000000358039,2702.983500666328,140.8971478691312,9.279902051229357,1.040304514189576,9.427850533996988,0,0,0,0,0,0,0,0
3579.000000716207,2508.483285700003,150.2923486226808,9.277426587730369,155.2945200522595,9.430712915628343,0,0,0,0,0,0,0,0
3579.000000716207,2508.483285700003,150.2923486226808,9.277426587730369,155.2945200522595,9.430712915628343,0,0,0,0,0,0,0,0
3580,2707.472688310494,140.8971561967691,9.280044824031936,1.040306696993172,9.42785054147093,0,0,0,0,0,0,0,0
3580.000000359,2707.472742591372,140.8971478986516,9.280044825020271,1.040304513500425,9.427850535032734,0,0,0,0,0,0,0,0
3580.000000359,2707.472742591372,140.8971478986516,9.280044825020271,1.040304513500425,9.427850535032734,0,0,0,0,0,0,0,0
3589.000000718157,2512.973551685397,150.2923486286433,9.277568819210384,155.2945200521815,9.430712916674228,0,0,0,0,0,0,0,0
3589.000000718157,2512.973551685397,150.2923486286433,9.277568819210384,155.2945200521815,9.430712916674228,0,0,0,0,0,0,0,0
3590,2711.963067472041,140.8971562460171,9.280186995357015,1.040306701456907,9.427850542539439,0,0,0,0,0,0,0,0
3590.00000036007,2711.963121914747,140.8971479231666,9.280186996348275,1.040304511456133,9.427850536082058,0,0,0,0,0,0,0,0
3590.00000036007,2711.963121914747,140.8971479231666,9.280186996348275,1.040304511456133,9.427850536082058,0,0,0,0,0,0,0,0
3599.00000072021,2517.464949564057,150.2923486337243,9.277710450510035,155.2945200520983,9.430712917700905,0,0,0,0,0,0,0,0
3599.00000072021,2517.464949564057,150.2923486337243,9.277710450510035,155.2945200520983,9.430712917700905,0,0,0,0,0,0,0,0
3600,2716.454577902358,140.897156297089,9.280328566753782,1.040306706622388,9.427850543589063,0,0,0,0,0,0,0,0
3600.000000361021,2716.454632488878,140.8971479522595,9.28032856774764,1.040304510838235,9.427850537114622,0,0,0,0,0,0,0,0
3600.000000361021,2716.454632488878,140.8971479522595,9.28032856774764,1.040304510838235,9.427850537114622,0,0,0,0,0,0,0,0
3609.000000722123,2521.957473265669,150.2923486396301,9.277851484169629,155.2945200520211,9.430712918738507,0,0,0,0,0,0,0,0
3609.000000722123,2521.957473265669,150.2923486396301,9.277851484169629,155.2945200520211,9.430712918738507,0,0,0,0,0,0,0,0
3610,2720.947213572143,140.8971563456714,9.280469540765759,1.040306711004233,9.427850544648651,0,0,0,0,0,0,0,0
3610.000000362053,2720.947268314784,140.8971479769813,9.280469541762436,1.040304508941618,9.427850538155703,0,0,0,0,0,0,0,0
3610.000000362053,2720.947268314784,140.8971479769813,9.280469541762436,1.040304508941618,9.427850538155703,0,0,0,0,0,0,0,0
3619.000000724195,2526.451116762692,150.2923486448447,9.277991922713467,155.2945200519385,9.430712919759374,0,0,0,0,0,0,0,0
3619.000000724195,2526.451116762692,150.2923486448447,9.277991922713467,155.2945200519385,9.430712919759374,0,0,0,0,0,0,0,0
3620,2725.440968411647,140.8971563972181,9.28060991991245,1.040306716346684,9.427850545693033,0,0,0,0,0,0,0,0
3620.000000363039,2725.441023303395,140.8971480057397,9.28060992091182,1.04030450828772,9.427850539182405,0,0,0,0,0,0,0,0
3620.000000363039,2725.441023303395,140.8971480057397,9.28060992091182,1.04030450828772,9.427850539182405,0,0,0,0,0,0,0,0
3629.000000726141,2530.945874037939,150.2923486506988,9.278131768663185,155.2945200518574,9.430712920790432,0,0,0,0,0,0,0,0
3629.000000726141,2530.945874037939,150.2923486506988,9.278131768663185,155.2945200518574,9.430712920790432,0,0,0,0,0,0,0,0
3630,2729.935836448646,140.8971564464669,9.280749706718009,1.040306720992531,9.427850546746672,0,0,0,0,0,0,0,0
3630.000000364053,2729.935891493766,140.8971480315484,9.280749707720148,1.040304506765737,9.427850540217857,0,0,0,0,0,0,0,0
3630.000000364053,2729.935891493766,140.8971480315484,9.280749707720148,1.040304506765737,9.427850540217857,0,0,0,0,0,0,0,0
3639.000000728174,2535.441739112849,150.2923486560601,9.278271024525555,155.2945200517797,9.430712921813429,0,0,0,0,0,0,0,0
3639.000000728174,2535.441739112849,150.2923486560601,9.278271024525555,155.2945200517797,9.430712921813429,0,0,0,0,0,0,0,0
3640,2734.431811674162,140.8971564974215,9.280888903685272,1.040306726227866,9.427850547793035,0,0,0,0,0,0,0,0
3640.000000365035,2734.431866867703,140.8971480598196,9.280888904690091,1.040304506032383,9.427850541246622,0,0,0,0,0,0,0,0
3640.000000365035,2734.431866867703,140.8971480598196,9.280888904690091,1.040304506032383,9.427850541246622,0,0,0,0,0,0,0,0
3649.000000730138,2539.938706023667,150.2923486618152,9.278409692798919,155.2945200517014,9.43071292284422,0,0,0,0,0,0,0,0
3649.000000730138,2539.938706023667,150.2923486618152,9.278409692798919,155.2945200517014,9.43071292284422,0,0,0,0,0,0,0,0
3650,2738.928888153361,140.8971565468571,9.281027513313663,1.040306731020744,9.427850548846468,0,0,0,0,0,0,0,0
3650.000000366025,2738.928943496697,140.8971480863617,9.281027514321188,1.040304504801254,9.427850542282295,0,0,0,0,0,0,0,0
3650.000000366025,2738.928943496697,140.8971480863617,9.281027514321188,1.040304504801254,9.427850542282295,0,0,0,0,0,0,0,0
3659.000000732176,2544.436768839791,150.2923486673637,9.278547775968599,155.2945200516253,9.43071292387256,0,0,0,0,0,0,0,0
3659.000000732176,2544.436768839791,150.2923486673637,9.278547775968599,155.2945200516253,9.43071292387256,0,0,0,0,0,0,0,0
3660,2743.427059932224,140.8971565981915,9.2811655380857,1.040306736395291,9.427850549898642,0,0,0,0,0,0,0,0
3660.000000367032,2743.427115427831,140.8971481144242,9.281165539095975,1.040304504052224,9.427850543316408,0,0,0,0,0,0,0,0
3660.000000367032,2743.427115427831,140.8971481144242,9.281165539095975,1.040304504052224,9.427850543316408,0,0,0,0,0,0,0,0
3669.000000734181,2548.935921650399,150.2923486730977,9.278685276511061,155.2945200515447,9.430712924907436,0,0,0,0,0,0,0,0
3669.000000734181,2548.935921650399,150.2923486730977,9.278685276511061,155.2945200515447,9.430712924907436,0,0,0,0,0,0,0,0
3670,2747.926321123555,140.8971566485548,9.281302980478069,1.040306741513541,9.427850550956768,0,0,0,0,0,0,0,0
3670.000000368018,2747.926376768338,140.8971481419885,9.281302981491038,1.04030450317136,9.427850544356856,0,0,0,0,0,0,0,0
3670.000000368018,2747.926376768338,140.8971481419885,9.281302981491038,1.04030450317136,9.427850544356856,0,0,0,0,0,0,0,0
3679.000000736187,2553.436158573304,150.2923486787555,9.27882219689171,155.294520051469,9.430712925945624,0,0,0,0,0,0,0,0
3679.000000736187,2553.436158573304,150.2923486787555,9.27882219689171,155.294520051469,9.430712925945624,0,0,0,0,0,0,0,0
3680,2752.426665838277,140.8971566991442,9.281439842954377,1.040306746746773,9.427850552018255,0,0,0,0,0,0,0,0
3680.000000369054,2752.426721639663,140.8971481686439,9.281439843970173,1.040304502106767,9.427850545399757,0,0,0,0,0,0,0,0
3680.000000369054,2752.426721639663,140.8971481686439,9.281439843970173,1.040304502106767,9.427850545399757,0,0,0,0,0,0,0,0
3689.000000738165,2557.937473750882,150.2923486841934,9.278958539559795,155.2945200513915,9.430712926978776,0,0,0,0,0,0,0,0
3689.000000738165,2557.937473750882,150.2923486841934,9.278958539559795,155.2945200513915,9.430712926978776,0,0,0,0,0,0,0,0
3690,2756.928088228906,140.8971567486582,9.281576127962488,1.040306751777786,9.427850553073556,0,0,0,0,0,0,0,0
3690.000000370033,2756.928144178368,140.8971481955271,9.281576128980959,1.04030450118292,9.427850546437506,0,0,0,0,0,0,0,0
3690.000000370033,2756.928144178368,140.8971481955271,9.281576128980959,1.04030450118292,9.427850546437506,0,0,0,0,0,0,0,0
3699.000000740193,2562.439861347639,150.2923486897977,9.279094306955303,155.2945200513153,9.430712928008898,0,0,0,0,0,0,0,0
3699.000000740193,2562.439861347639,150.2923486897977,9.279094306955303,155.2945200513153,9.430712928008898,0,0,0,0,0,0,0,0
3700,2761.430582448435,140.8971567995891,9.281711837941709,1.040306757185411,9.427850554127087,0,0,0,0,0,0,0,0
3700.000000371017,2761.430638546798,140.8971482237011,9.281711838962865,1.040304500602493,9.427850547473383,0,0,0,0,0,0,0,0
3700.000000371017,2761.430638546798,140.8971482237011,9.281711838962865,1.040304500602493,9.427850547473383,0,0,0,0,0,0,0,0
3709.000000742144,2566.943315554306,150.2923486955345,9.279229501515784,155.2945200512389,9.430712929045388,0,0,0,0,0,0,0,0
3709.000000742144,2566.943315554306,150.2923486955345,9.279229501515784,155.2945200512389,9.430712929045388,0,0,0,0,0,0,0,0
3710,2765.934142710159,140.8971568488335,9.28184697532947,1.040306762160277,9.427850555185939,0,0,0,0,0,0,0,0
3710.000000372049,2765.934198964506,140.897148249106,9.281846976353448,1.040304499304427,9.42785054851374,0,0,0,0,0,0,0,0
3710.000000372049,2765.934198964506,140.897148249106,9.281846976353448,1.040304499304427,9.42785054851374,0,0,0,0,0,0,0,0
3719.000000744149,2571.447830590262,150.2923487007697,9.279364125657986,155.2945200511631,9.430712930068649,0,0,0,0,0,0,0,0
3719.000000744149,2571.447830590262,150.2923487007697,9.279364125657986,155.2945200511631,9.430712930068649,0,0,0,0,0,0,0,0
3720,2770.438763214427,140.8971568990958,9.28198154253935,1.040306767541187,9.427850556231746,0,0,0,0,0,0,0,0
3720.000000373034,2770.438819617745,140.8971482766009,9.281981543566019,1.04030449869452,9.42785054954188,0,0,0,0,0,0,0,0
3720.000000373034,2770.438819617745,140.8971482766009,9.281981543566019,1.04030449869452,9.42785054954188,0,0,0,0,0,0,0,0
3729.000000746174,2575.95340069067,150.2923487064913,9.279498181793398,155.2945200510874,9.430712931093749,0,0,0,0,0,0,0,0
3729.000000746174,2575.95340069067,150.2923487064913,9.279498181793398,155.2945200510874,9.430712931093749,0,0,0,0,0,0,0,0
3730,2774.944438208227,140.8971569498479,9.282115541983902,1.040306772989001,9.427850557280379,0,0,0,0,0,0,0,0
3730.000000374047,2774.944494764778,140.8971483039339,9.282115543013335,1.040304497980034,9.42785055057235,0,0,0,0,0,0,0,0
3730.000000374047,2774.944494764778,140.8971483039339,9.282115543013335,1.040304497980034,9.42785055057235,0,0,0,0,0,0,0,0
3739.000000748213,2580.460020122686,150.2923487121256,9.27963167232878,155.2945200510123,9.430712932121473,0,0,0,0,0,0,0,0
3739.000000748213,2580.460020122686,150.2923487121256,9.27963167232878,155.2945200510123,9.430712932121473,0,0,0,0,0,0,0,0
3740,2779.451161957299,140.8971570011541,9.282248976068214,1.040306778636071,9.427850558332091,0,0,0,0,0,0,0,0
3740.000000375003,2779.45121865842,140.8971483331455,9.282248977100256,1.040304497813299,9.427850551606911,0,0,0,0,0,0,0,0
3740.000000375003,2779.45121865842,140.8971483331455,9.282248977100256,1.040304497813299,9.427850551606911,0,0,0,0,0,0,0,0
3749.000000750112,2584.967683173365,150.2923487179849,9.279764599662805,155.2945200509442,9.430712933164157,0,0,0,0,0,0,0,0
3749.000000750112,2584.967683173365,150.2923487179849,9.279764599662805,155.2945200509442,9.430712933164157,0,0,0,0,0,0,0,0
3750,2783.958928777376,140.8971570492874,9.282381847191031,1.040306783437936,9.427850559396504,0,0,0,0,0,0,0,0
3750.000000376022,2783.958985632693,140.8971483577125,9.282381848225858,1.040304496414144,9.427850552653045,0,0,0,0,0,0,0,0
3750.000000376022,2783.958985632693,140.8971483577125,9.282381848225858,1.040304496414144,9.427850552653045,0,0,0,0,0,0,0,0
3759.000000752142,2589.476384161563,150.2923487231427,9.279896966165836,155.2945200508663,9.430712934188827,0,0,0,0,0,0,0,0
3759.000000752142,2589.476384161563,150.2923487231427,9.279896966165836,155.2945200508663,9.430712934188827,0,0,0,0,0,0,0,0
3760,2788.467732946846,140.897157099955,9.282514157718149,1.040306789087387,9.427850560443879,0,0,0,0,0,0,0,0
3760.000000377055,2788.467789958285,140.8971483845195,9.282514158755795,1.04030449578513,9.427850553681909,0,0,0,0,0,0,0,0
3760.000000377055,2788.467789958285,140.8971483845195,9.282514158755795,1.04030449578513,9.427850553681909,0,0,0,0,0,0,0,0
3769.000000754168,2593.986117419085,150.2923487286847,9.280028774203261,155.2945200507951,9.430712935208749,0,0,0,0,0,0,0,0
3769.000000754168,2593.986117419085,150.2923487286847,9.280028774203261,155.2945200507951,9.430712935208749,0,0,0,0,0,0,0,0
3770,2792.977568820916,140.8971571509402,9.282645910016692,1.040306794777032,9.427850561487276,0,0,0,0,0,0,0,0
3770.000000378026,2792.977625979193,140.8971484130632,9.282645911056989,1.040304495569698,9.427850554707891,0,0,0,0,0,0,0,0
3770.000000378026,2792.977625979193,140.8971484130632,9.282645911056989,1.040304495569698,9.427850554707891,0,0,0,0,0,0,0,0
3779.000000756136,2598.496877307063,150.2923487345073,9.280160026145557,155.2945200507219,9.43071293623923,0,0,0,0,0,0,0,0
3779.000000756136,2598.496877307063,150.2923487345073,9.280160026145557,155.2945200507219,9.43071293623923,0,0,0,0,0,0,0,0
3780,2797.488430772658,140.8971572006896,9.282777106456971,1.040306800119698,9.427850562540772,0,0,0,0,0,0,0,0
3780.000000379028,2797.488488082588,140.8971484396353,9.282777107500007,1.040304494813679,9.427850555743404,0,0,0,0,0,0,0,0
3780.000000379028,2797.488488082588,140.8971484396353,9.282777107500007,1.040304494813679,9.427850555743404,0,0,0,0,0,0,0,0
3789.000000758139,2603.008658214338,150.2923487399621,9.280290724344063,155.2945200506486,9.430712937267051,0,0,0,0,0,0,0,0
3789.000000758139,2603.008658214338,150.2923487399621,9.280290724344063,155.2945200506486,9.430712937267051,0,0,0,0,0,0,0,0
3790,2802.000313177917,140.8971572509624,9.282907749387324,1.040306805709525,9.42785056359153,0,0,0,0,0,0,0,0
3790.000000380058,2802.000370643555,140.8971484661106,9.282907750433173,1.040304494141636,9.4278505567757,0,0,0,0,0,0,0,0
3790.000000380058,2802.000370643555,140.8971484661106,9.282907750433173,1.040304494141636,9.4278505567757,0,0,0,0,0,0,0,0
3799.00000076017,2607.521454548295,150.2923487454383,9.28042087113454,155.294520050577,9.430712938290013,0,0,0,0,0,0,0,0
3799.00000076017,2607.521454548295,150.2923487454383,9.28042087113454,155.294520050577,9.430712938290013,0,0,0,0,0,0,0,0
3800,2806.513210447801,140.8971573019076,9.283037841142882,1.040306811507808,9.427850564637939,0,0,0,0,0,0,0,0
3800.000000381001,2806.513268056084,140.8971484952555,9.283037842191304,1.040304494203557,9.427850557805195,0,0,0,0,0,0,0,0
3800.000000381001,2806.513268056084,140.8971484952555,9.283037842191304,1.040304494203557,9.427850557805195,0,0,0,0,0,0,0,0
3809.000000762104,2612.035260738972,150.292348751366,9.280550468855134,155.2945200505073,9.430712939327583,0,0,0,0,0,0,0,0
3809.000000762104,2612.035260738972,150.292348751366,9.280550468855134,155.2945200505073,9.430712939327583,0,0,0,0,0,0,0,0
3810,2811.027117034159,140.8971573509481,9.283167384062628,1.040306816746378,9.427850565698018,0,0,0,0,0,0,0,0
3810.000000382031,2811.027174798288,140.8971485204774,9.283167385113865,1.040304493174726,9.427850558846789,0,0,0,0,0,0,0,0
3810.000000382031,2811.027174798288,140.8971485204774,9.283167385113865,1.040304493174726,9.427850558846789,0,0,0,0,0,0,0,0
3819.000000764202,2616.550071248785,150.2923487566799,9.280679519821321,155.2945200504338,9.430712940353116,0,0,0,0,0,0,0,0
3819.000000764202,2616.550071248785,150.2923487566799,9.280679519821321,155.2945200504338,9.430712940353116,0,0,0,0,0,0,0,0
3820,2815.542027362162,140.8971574031611,9.283296380457676,1.040306822979957,9.427850566747701,0,0,0,0,0,0,0,0
3820.000000383063,2815.542085282343,140.8971485488403,9.283296381511734,1.040304493132604,9.427850559877971,0,0,0,0,0,0,0,0
3820.000000383063,2815.542085282343,140.8971485488403,9.283296381511734,1.040304493132604,9.427850559877971,0,0,0,0,0,0,0,0
3829.000000766174,2621.065880552086,150.2923487624114,9.280808026344387,155.2945200503661,9.430712941385391,0,0,0,0,0,0,0,0
3829.000000766174,2621.065880552086,150.2923487624114,9.280808026344387,155.2945200503661,9.430712941385391,0,0,0,0,0,0,0,0
3830,2820.057935951928,140.8971574528532,9.283424832641401,1.040306828499606,9.427850567802713,0,0,0,0,0,0,0,0
3830.000000384028,2820.057994017985,140.8971485762381,9.283424833698088,1.040304492785897,9.427850560915685,0,0,0,0,0,0,0,0
3830.000000384028,2820.057994017985,140.8971485762381,9.283424833698088,1.040304492785897,9.427850560915685,0,0,0,0,0,0,0,0
3839.000000768188,2625.58268315451,150.2923487681092,9.280935990728242,155.2945200502955,9.430712942420575,0,0,0,0,0,0,0,0
3839.000000768188,2625.58268315451,150.2923487681092,9.280935990728242,155.2945200502955,9.430712942420575,0,0,0,0,0,0,0,0
3840,2824.574837284768,140.8971575036874,9.283552742915401,1.040306834359524,9.427850568861421,0,0,0,0,0,0,0,0
3840.00000038503,2824.574895502339,140.8971486039159,9.283552743974825,1.04030449255266,9.427850561956433,0,0,0,0,0,0,0,0
3840.00000038503,2824.574895502339,140.8971486039159,9.283552743974825,1.04030449255266,9.427850561956433,0,0,0,0,0,0,0,0
3849.000000770139,2630.100473583028,150.2923487736894,9.281063415264418,155.2945200502235,9.430712943458202,0,0,0,0,0,0,0,0
3849.000000770139,2630.100473583028,150.2923487736894,9.281063415264418,155.2945200502235,9.430712943458202,0,0,0,0,0,0,0,0
3850,2829.092725907945,140.8971575528412,9.283680113570458,1.040306839834787,9.427850569921121,0,0,0,0,0,0,0,0
3850.000000386001,2829.092784272492,140.8971486306072,9.283680114632535,1.040304492117315,9.427850562998698,0,0,0,0,0,0,0,0
3850.000000386001,2829.092784272492,140.8971486306072,9.283680114632535,1.040304492117315,9.427850562998698,0,0,0,0,0,0,0,0
3859.000000772111,2634.619246387621,150.2923487792025,9.281190302230184,155.294520050156,9.43071294449129,0,0,0,0,0,0,0,0
3859.000000772111,2634.619246387621,150.2923487792025,9.281190302230184,155.294520050156,9.43071294449129,0,0,0,0,0,0,0,0
3860,2833.611596360151,140.897157602437,9.283806946882271,1.040306845474872,9.42785057097646,0,0,0,0,0,0,0,0
3860.000000387082,2833.611654888177,140.8971486552177,9.283806947947303,1.040304491182989,9.427850564034649,0,0,0,0,0,0,0,0
3860.000000387082,2833.611654888177,140.8971486552177,9.283806947947303,1.040304491182989,9.427850564034649,0,0,0,0,0,0,0,0
3869.000000774205,2639.138996142997,150.2923487844016,9.281316653887435,155.2945200500853,9.43071294550492,0,0,0,0,0,0,0,0
3869.000000774205,2639.138996142997,150.2923487844016,9.281316653887435,155.2945200500853,9.43071294550492,0,0,0,0,0,0,0,0
3870,2838.131443201784,140.8971576547914,9.28393324511085,1.040306851936306,9.427850572014147,0,0,0,0,0,0,0,0
3870.000000388021,2838.131501871767,140.8971486858769,9.283933246178442,1.040304491935718,9.427850565055508,0,0,0,0,0,0,0,0
3870.000000388021,2838.131501871767,140.8971486858769,9.283933246178442,1.040304491935718,9.427850565055508,0,0,0,0,0,0,0,0
3879.000000776134,2643.659717437528,150.2923487905529,9.281442472512259,155.2945200500178,9.430712946542419,0,0,0,0,0,0,0,0
3879.000000776134,2643.659717437528,150.2923487905529,9.281442472512259,155.2945200500178,9.430712946542419,0,0,0,0,0,0,0,0
3880,2842.652261071686,140.8971577036979,9.28405901053582,1.04030685733038,9.427850573074391,0,0,0,0,0,0,0,0
3880.000000389038,2842.652319895521,140.8971487112698,9.284059011606193,1.040304491142599,9.42785056609751,0,0,0,0,0,0,0,0
3880.000000389038,2842.652319895521,140.8971487112698,9.284059011606193,1.040304491142599,9.42785056609751,0,0,0,0,0,0,0,0
3889.000000778148,2648.18140490003,150.2923487957958,9.281567760356671,155.2945200499495,9.430712947569644,0,0,0,0,0,0,0,0
3889.000000778148,2648.18140490003,150.2923487957958,9.281567760356671,155.2945200499495,9.430712947569644,0,0,0,0,0,0,0,0
3890,2847.174044556821,140.8971577542032,9.284184245403232,1.040306863363927,9.427850574124459,0,0,0,0,0,0,0,0
3890.000000390021,2847.174103529351,140.8971487390496,9.284184246476288,1.04030449119639,9.427850567129939,0,0,0,0,0,0,0,0
3890.000000390021,2847.174103529351,140.8971487390496,9.284184246476288,1.04030449119639,9.427850567129939,0,0,0,0,0,0,0,0
3899.000000780164,2652.704053165283,150.2923488015471,9.281692519659762,155.2945200498827,9.430712948600622,0,0,0,0,0,0,0,0
3899.000000780164,2652.704053165283,150.2923488015471,9.281692519659762,155.2945200498827,9.430712948600622,0,0,0,0,0,0,0,0
3900,2851.696788311316,140.8971578049923,9.284308951953724,1.040306869399101,9.427850575178946,0,0,0,0,0,0,0,0
3900.000000391006,2851.696847432816,140.8971487670715,9.284308953029472,1.040304491240744,9.42785056816677,0,0,0,0,0,0,0,0
3900.000000391006,2851.696847432816,140.8971487670715,9.284308953029472,1.040304491240744,9.42785056816677,0,0,0,0,0,0,0,0
3909.000000782132,2657.227656900123,150.2923488072389,9.28181675265966,155.2945200498134,9.430712949637632,0,0,0,0,0,0,0,0
3909.000000782132,2657.227656900123,150.2923488072389,9.28181675265966,155.2945200498134,9.430712949637632,0,0,0,0,0,0,0,0
3910,2856.22048701055,140.8971578545869,9.284433132424269,1.040306875165661,9.427850576238553,0,0,0,0,0,0,0,0
3910.000000392004,2856.220546282946,140.8971487936043,9.284433133502741,1.040304490939042,9.427850569208486,0,0,0,0,0,0,0,0
3910.000000392004,2856.220546282946,140.8971487936043,9.284433133502741,1.040304490939042,9.427850569208486,0,0,0,0,0,0,0,0
3919.000000784147,2661.75221079272,150.2923488127422,9.281940461576461,155.2945200497484,9.430712950670085,0,0,0,0,0,0,0,0
3919.000000784147,2661.75221079272,150.2923488127422,9.281940461576461,155.2945200497484,9.430712950670085,0,0,0,0,0,0,0,0
3920,2860.74513532968,140.8971579052049,9.284556789032871,1.040306881272008,9.427850577294089,0,0,0,0,0,0,0,0
3920.000000393039,2860.745194758678,140.8971488202881,9.284556790114168,1.040304490747561,9.427850570245445,0,0,0,0,0,0,0,0
3920.000000393039,2860.745194758678,140.8971488202881,9.284556790114168,1.040304490747561,9.427850570245445,0,0,0,0,0,0,0,0
3929.000000786195,2666.277709551707,150.2923488182707,9.282063648620685,155.2945200496832,9.430712951697897,0,0,0,0,0,0,0,0
3929.000000786195,2666.277709551707,150.2923488182707,9.282063648620685,155.2945200496832,9.430712951697897,0,0,0,0,0,0,0,0
3930,2865.270727982663,140.8971579565689,9.284679923989641,1.040306887601385,9.427850578345552,0,0,0,0,0,0,0,0
3930.000000394039,2865.2707875629,140.897148848538,9.284679925073673,1.040304490994845,9.427850571278984,0,0,0,0,0,0,0,0
3930.000000394039,2865.2707875629,140.897148848538,9.284679925073673,1.040304490994845,9.427850571278984,0,0,0,0,0,0,0,0
3939.000000788176,2670.804147907718,150.2923488240178,9.282186316001779,155.2945200496155,9.430712952732499,0,0,0,0,0,0,0,0
3939.000000788176,2670.804147907718,150.2923488240178,9.282186316001779,155.2945200496155,9.430712952732499,0,0,0,0,0,0,0,0
3940,2869.797259718199,140.8971580064372,9.284802539504204,1.040306893522903,9.427850579403009,0,0,0,0,0,0,0,0
3940.000000395061,2869.797319452907,140.8971488747979,9.284802540591022,1.040304490704276,9.427850572318119,0,0,0,0,0,0,0,0
3940.000000395061,2869.797319452907,140.8971488747979,9.284802540591022,1.040304490704276,9.427850572318119,0,0,0,0,0,0,0,0
3949.000000790221,2675.331520617995,150.2923488294828,9.282308465913266,155.2945200495462,9.430712953761104,0,0,0,0,0,0,0,0
3949.000000790221,2675.331520617995,150.2923488294828,9.282308465913266,155.2945200495462,9.430712953761104,0,0,0,0,0,0,0,0
3950,2874.324725272778,140.8971580578645,9.284924637767402,1.040306899945423,9.427850580455321,0,0,0,0,0,0,0,0
3950.000000396039,2874.324785155424,140.8971489036154,9.284924638856891,1.040304491177463,9.427850573352893,0,0,0,0,0,0,0,0
3950.000000396039,2874.324785155424,140.8971489036154,9.284924638856891,1.040304491177463,9.427850573352893,0,0,0,0,0,0,0,0
3959.000000792211,2679.859822455284,150.2923488353532,9.282430100545414,155.2945200494818,9.430712954800663,0,0,0,0,0,0,0,0
3959.000000792211,2679.859822455284,150.2923488353532,9.282430100545414,155.2945200494818,9.430712954800663,0,0,0,0,0,0,0,0
3960,2878.853119443894,140.8971581080368,9.285046220970548,1.040306905985328,9.427850581518074,0,0,0,0,0,0,0,0
3960.000000397039,2878.853179477849,140.897148930663,9.285046222062766,1.04030449113251,9.427850574397699,0,0,0,0,0,0,0,0
3960.000000397039,2878.853179477849,140.897148930663,9.285046222062766,1.04030449113251,9.427850574397699,0,0,0,0,0,0,0,0
3969.000000794195,2684.38904822228,150.2923488408773,9.282551222075194,155.294520049418,9.430712955838969,0,0,0,0,0,0,0,0
3969.000000794195,2684.38904822228,150.2923488408773,9.282551222075194,155.294520049418,9.430712955838969,0,0,0,0,0,0,0,0
3970,2883.382437024294,140.8971581581251,9.285167291287932,1.040306912104354,9.427850582579037,0,0,0,0,0,0,0,0
3970.000000398017,2883.382497206049,140.8971489581626,9.285167292382818,1.040304491307735,9.427850575441136,0,0,0,0,0,0,0,0
3970.000000398017,2883.382497206049,140.8971489581626,9.285167292382818,1.040304491307735,9.427850575441136,0,0,0,0,0,0,0,0
3979.00000079619,2688.919192737561,150.2923488465408,9.282671832667297,155.2945200493515,9.430712956877947,0,0,0,0,0,0,0,0
3979.00000079619,2688.919192737561,150.2923488465408,9.282671832667297,155.2945200493515,9.430712956877947,0,0,0,0,0,0,0,0
3980,2887.912672836594,140.8971582082904,9.28528785088397,1.04030691824615,9.427850583640803,0,0,0,0,0,0,0,0
3980.000000399038,2887.91273317282,140.8971489847196,9.285287851981646,1.040304491237444,9.427850576484584,0,0,0,0,0,0,0,0
3980.000000399038,2887.91273317282,140.8971489847196,9.285287851981646,1.040304491237444,9.427850576484584,0,0,0,0,0,0,0,0
3989.000000798181,2693.450250845849,150.2923488519716,9.282791934476879,155.2945200492888,9.430712957910114,0,0,0,0,0,0,0,0
3989.000000798181,2693.450250845849,150.2923488519716,9.282791934476879,155.2945200492888,9.430712957910114,0,0,0,0,0,0,0,0
3990,2892.443821728005,140.897158258149,9.285407901912359,1.040306924385051,9.427850584695278,0,0,0,0,0,0,0,0
3990.000000400003,2892.443882210107,140.8971490122838,9.28540790301267,1.040304491509987,9.427850577521765,0,0,0,0,0,0,0,0
3990.000000400003,2892.443882210107,140.8971490122838,9.28540790301267,1.040304491509987,9.427850577521765,0,0,0,0,0,0,0,0
3999.000000800105,2697.982217409544,150.2923488576008,9.282911529653299,155.294520049227,9.430712958942779,0,0,0,0,0,0,0,0
3999.000000800105,2697.982217409544,150.2923488576008,9.282911529653299,155.294520049227,9.430712958942779,0,0,0,0,0,0,0,0
4000,2896.975878570654,140.8971583069404,9.2855274465226,1.040306930234256,9.427850585749738,0,0,0,0,0,0,0,0
4000.000000401029,2896.975939207982,140.8971490373514,9.285527447625716,1.040304491116681,9.42785057855782,0,0,0,0,0,0,0,0
4000.000000401029,2896.975939207982,140.8971490373514,9.285527447625716,1.040304491116681,9.42785057855782,0,0,0,0,0,0,0,0
4009.000000802148,2702.515087318459,150.2923488628324,9.283030620331077,155.2945200491595,9.43071295995956,0,0,0,0,0,0,0,0
4009.000000802148,2702.515087318459,150.2923488628324,9.283030620331077,155.2945200491595,9.43071295995956,0,0,0,0,0,0,0,0
4010,2901.508838231469,140.8971583579505,9.285646486846492,1.04030693677776,9.427850586789623,0,0,0,0,0,0,0,0
4010.000000402037,2901.508899021275,140.8971490650579,9.285646487952356,1.040304491528306,9.427850579579612,0,0,0,0,0,0,0,0
4010.000000402037,2901.508899021275,140.8971490650579,9.285646487952356,1.040304491528306,9.427850579579612,0,0,0,0,0,0,0,0
4019.000000804169,2707.048855475883,150.2923488685584,9.283149208644184,155.2945200490967,9.430712960979834,0,0,0,0,0,0,0,0
4019.000000804169,2707.048855475883,150.2923488685584,9.283149208644184,155.2945200490967,9.430712960979834,0,0,0,0,0,0,0,0
4020,2906.042695636813,140.8971584087959,9.285765025019508,1.040306943208275,9.427850587833596,0,0,0,0,0,0,0,0
4020.000000403044,2906.042756578958,140.897149092621,9.285765026128123,1.040304491832473,9.427850580605529,0,0,0,0,0,0,0,0
4020.000000403044,2906.042756578958,140.897149092621,9.285765026128123,1.040304491832473,9.427850580605529,0,0,0,0,0,0,0,0
4029.000000806154,2711.583516814155,150.2923488741675,9.283267296721695,155.2945200490346,9.430712962004645,0,0,0,0,0,0,0,0
4029.000000806154,2711.583516814155,150.2923488741675,9.283267296721695,155.2945200490346,9.430712962004645,0,0,0,0,0,0,0,0
4030,2910.577445721396,140.8971584588881,9.285883063169043,1.040306949492815,9.427850588881531,0,0,0,0,0,0,0,0
4030.000000404,2910.577506808109,140.8971491206185,9.285883064280267,1.040304492303207,9.427850581636319,0,0,0,0,0,0,0,0
4030.000000404,2910.577506808109,140.8971491206185,9.285883064280267,1.040304492303207,9.427850581636319,0,0,0,0,0,0,0,0
4039.000000808144,2716.119066283182,150.2923488799339,9.283384886679686,155.2945200489733,9.430712963037621,0,0,0,0,0,0,0,0
4039.000000808144,2716.119066283182,150.2923488799339,9.283384886679686,155.2945200489733,9.430712963037621,0,0,0,0,0,0,0,0
4040,2915.113083433372,140.8971585090732,9.286000603410246,1.040306955800036,9.427850589937727,0,0,0,0,0,0,0,0
4040.000000405052,2915.113144679095,140.8971491465016,9.286000604524343,1.040304492215794,9.427850582673665,0,0,0,0,0,0,0,0
4040.000000405052,2915.113144679095,140.8971491465016,9.286000604524343,1.040304492215794,9.427850582673665,0,0,0,0,0,0,0,0
4049.000000810189,2720.65549885878,150.2923488852896,9.283501980616547,155.2945200489117,9.430712964062259,0,0,0,0,0,0,0,0
4049.000000810189,2720.65549885878,150.2923488852896,9.283501980616547,155.2945200489117,9.430712964062259,0,0,0,0,0,0,0,0
4050,2919.649603741343,140.8971585602604,9.286117647839088,1.04030696248319,9.427850590985811,0,0,0,0,0,0,0,0
4050.000000406033,2919.649665135555,140.897149174995,9.286117648955866,1.040304492927488,9.427850583704139,0,0,0,0,0,0,0,0
4050.000000406033,2919.649665135555,140.897149174995,9.286117648955866,1.040304492927488,9.427850583704139,0,0,0,0,0,0,0,0
4059.000000812199,2725.192809530029,150.2923488911435,9.283618580629062,155.2945200488513,9.430712965096115,0,0,0,0,0,0,0,0
4059.000000812199,2725.192809530029,150.2923488911435,9.283618580629062,155.2945200488513,9.430712965096115,0,0,0,0,0,0,0,0
4060,2924.18700165126,140.8971586110272,9.28623419855368,1.040306968983348,9.427850592043329,0,0,0,0,0,0,0,0
4060.000000407032,2924.187063196436,140.8971492026895,9.286234199673181,1.040304493356615,9.427850584743764,0,0,0,0,0,0,0,0
4060.000000407032,2924.187063196436,140.8971492026895,9.286234199673181,1.040304493356615,9.427850584743764,0,0,0,0,0,0,0,0
4069.000000814143,2729.730993315794,150.2923488967088,9.283734688806735,155.2945200487872,9.430712966133397,0,0,0,0,0,0,0,0
4069.000000814143,2729.730993315794,150.2923488967088,9.283734688806735,155.2945200487872,9.430712966133397,0,0,0,0,0,0,0,0
4070,2928.725272187598,140.8971586601213,9.286350257641551,1.040306975132054,9.427850593102686,0,0,0,0,0,0,0,0
4070.000000408032,2928.725333884012,140.8971492286694,9.286350258763784,1.040304493423228,9.427850585785174,0,0,0,0,0,0,0,0
4070.000000408032,2928.725333884012,140.8971492286694,9.286350258763784,1.040304493423228,9.427850585785174,0,0,0,0,0,0,0,0
4079.000000816174,2734.270045252331,150.2923489021304,9.283850307219126,155.2945200487233,9.430712967161581,0,0,0,0,0,0,0,0
4079.000000816174,2734.270045252331,150.2923489021304,9.283850307219126,155.2945200487233,9.430712967161581,0,0,0,0,0,0,0,0
4080,2933.264410367221,140.8971587109596,9.286465827170392,1.040306981796519,9.427850594153957,0,0,0,0,0,0,0,0
4080.000000409002,2933.264472210336,140.8971492570872,9.286465828295274,1.040304494188143,9.427850586819059,0,0,0,0,0,0,0,0
4080.000000409002,2933.264472210336,140.8971492570872,9.286465828295274,1.040304494188143,9.427850586819059,0,0,0,0,0,0,0,0
4089.000000818156,2738.809960393764,150.2923489079473,9.283965437937486,155.2945200486647,9.430712968197277,0,0,0,0,0,0,0,0
4089.000000818156,2738.809960393764,150.2923489079473,9.283965437937486,155.2945200486647,9.430712968197277,0,0,0,0,0,0,0,0
4090,2937.804411265925,140.8971587610441,9.286580909212629,1.040306988212817,9.427850595212684,0,0,0,0,0,0,0,0
4090.000000410021,2937.804473263234,140.8971492836054,9.286580910340295,1.040304494403416,9.427850587859494,0,0,0,0,0,0,0,0
4090.000000410021,2937.804473263234,140.8971492836054,9.286580910340295,1.040304494403416,9.427850587859494,0,0,0,0,0,0,0,0
4099.000000820127,2743.350733822524,150.292348913353,9.28408008302099,155.2945200486052,9.430712969227525,0,0,0,0,0,0,0,0
4099.000000820127,2743.350733822524,150.292348913353,9.28408008302099,155.2945200486052,9.430712969227525,0,0,0,0,0,0,0,0
4100,2942.345269964142,140.8971588102621,9.286695505824948,1.040306994510964,9.427850596264843,0,0,0,0,0,0,0,0
4100.000000411059,2942.345332118398,140.8971493088367,9.286695506955446,1.040304494389905,9.427850588893051,0,0,0,0,0,0,0,0
4100.000000411059,2942.345332118398,140.8971493088367,9.286695506955446,1.040304494389905,9.427850588893051,0,0,0,0,0,0,0,0
4109.000000822208,2747.892360636755,150.2923489186731,9.284194244511733,155.2945200485424,9.430712970243128,0,0,0,0,0,0,0,0
4109.000000822208,2747.892360636755,150.2923489186731,9.284194244511733,155.2945200485424,9.430712970243128,0,0,0,0,0,0,0,0
4110,2946.886981538574,140.8971588625074,9.28680961904808,1.040307001651977,9.427850597304579,0,0,0,0,0,0,0,0
4110.000000412013,2946.887043837124,140.8971493390294,9.286809620181184,1.040304495728171,9.427850589915669,0,0,0,0,0,0,0,0
4110.000000412013,2946.887043837124,140.8971493390294,9.286809620181184,1.040304495728171,9.427850589915669,0,0,0,0,0,0,0,0
4119.000000824134,2752.434835951196,150.2923489247012,9.284307924464363,155.2945200484831,9.430712971279213,0,0,0,0,0,0,0,0
4119.000000824134,2752.434835951196,150.2923489247012,9.284307924464363,155.2945200484831,9.430712971279213,0,0,0,0,0,0,0,0
4120,2951.429541151694,140.8971589115259,9.286923250939441,1.040307007827567,9.42785059836334,0,0,0,0,0,0,0,0
4120.000000413043,2951.429603606089,140.8971493642294,9.286923252075361,1.040304495636356,9.427850590955956,0,0,0,0,0,0,0,0
4120.000000413043,2951.429603606089,140.8971493642294,9.286923252075361,1.040304495636356,9.427850590955956,0,0,0,0,0,0,0,0
4129.000000826161,2756.978154914621,150.2923489299519,9.284421124909688,155.2945200484238,9.430712972303478,0,0,0,0,0,0,0,0
4129.000000826161,2756.978154914621,150.2923489299519,9.284421124909688,155.2945200484238,9.430712972303478,0,0,0,0,0,0,0,0
4130,2955.972943915221,140.8971589619389,9.287036403524594,1.040307014558033,9.427850599410343,0,0,0,0,0,0,0,0
4130.000000414,2955.973006514323,140.8971493925267,9.287036404663125,1.040304496547482,9.427850591985804,0,0,0,0,0,0,0,0
4130.000000414,2955.973006514323,140.8971493925267,9.287036404663125,1.040304496547482,9.427850591985804,0,0,0,0,0,0,0,0
4139.000000828112,2761.522312681543,150.2923489357314,9.284533847871678,155.2945200483659,9.430712973334714,0,0,0,0,0,0,0,0
4139.000000828112,2761.522312681543,150.2923489357314,9.284533847871678,155.2945200483659,9.430712973334714,0,0,0,0,0,0,0,0
4140,2960.517185005833,140.8971590118671,9.28714907882943,1.040307021079344,9.427850600464529,0,0,0,0,0,0,0,0
4140.000000415022,2960.517247759542,140.8971494188256,9.287149079970753,1.040304496851172,9.427850593021654,0,0,0,0,0,0,0,0
4140.000000415022,2960.517247759542,140.8971494188256,9.287149079970753,1.040304496851172,9.427850593021654,0,0,0,0,0,0,0,0
4149.000000830207,2766.06730443778,150.2923489412449,9.284646095365993,155.2945200483043,9.430712974361127,0,0,0,0,0,0,0,0
4149.000000830207,2766.06730443778,150.2923489412449,9.284646095365993,155.2945200483043,9.430712974361127,0,0,0,0,0,0,0,0
4150,2965.062259587377,140.8971590642548,9.287261278866952,1.040307028328647,9.427850601515436,0,0,0,0,0,0,0,0
4150.000000416056,2965.062322497345,140.8971494473317,9.287261280011094,1.040304497816473,9.427850594054034,0,0,0,0,0,0,0,0
4150.000000416056,2965.062322497345,140.8971494473317,9.287261280011094,1.040304497816473,9.427850594054034,0,0,0,0,0,0,0,0
4159.000000832191,2770.613125382484,150.2923489470148,9.284757869403824,155.294520048245,9.430712975396347,0,0,0,0,0,0,0,0
4159.000000832191,2770.613125382484,150.2923489470148,9.284757869403824,155.294520048245,9.430712975396347,0,0,0,0,0,0,0,0
4160,2969.60816289564,140.8971591142927,9.287373005649361,1.04030703493602,9.427850602573702,0,0,0,0,0,0,0,0
4160.00000041704,2969.60822595444,140.8971494746233,9.287373006796189,1.040304498438555,9.427850595094643,0,0,0,0,0,0,0,0
4160.00000041704,2969.60822595444,140.8971494746233,9.287373006796189,1.040304498438555,9.427850595094643,0,0,0,0,0,0,0,0
4169.000000834183,2775.15977074069,150.2923489525662,9.284869171984923,155.2945200481892,9.430712976432197,0,0,0,0,0,0,0,0
4169.000000834183,2775.15977074069,150.2923489525662,9.284869171984923,155.2945200481892,9.430712976432197,0,0,0,0,0,0,0,0
4170,2974.154890139516,140.8971591643231,9.287484261174145,1.040307041612367,9.427850603632269,0,0,0,0,0,0,0,0
4170.000000418016,2974.154953346047,140.8971495020756,9.287484262323638,1.040304499173866,9.427850596135698,0,0,0,0,0,0,0,0
4170.000000418016,2974.154953346047,140.8971495020756,9.287484262323638,1.040304499173866,9.427850596135698,0,0,0,0,0,0,0,0
4179.000000836127,2779.70723575396,150.2923489581595,9.284980005097578,155.2945200481306,9.430712977468392,0,0,0,0,0,0,0,0
4179.000000836127,2779.70723575396,150.2923489581595,9.284980005097578,155.2945200481306,9.430712977468392,0,0,0,0,0,0,0,0
4180,2978.702436569782,140.897159213485,9.287595047429152,1.040307048079582,9.427850604690432,0,0,0,0,0,0,0,0
4180.000000419067,2978.702499935184,140.8971495269564,9.287595048581514,1.040304499251977,9.427850597175016,0,0,0,0,0,0,0,0
4180.000000419067,2978.702499935184,140.8971495269564,9.287595048581514,1.040304499251977,9.427850597175016,0,0,0,0,0,0,0,0
4189.000000838188,2784.255515687964,150.2923489633626,9.285090370714686,155.294520048076,9.430712978486655,0,0,0,0,0,0,0,0
4189.000000838188,2784.255515687964,150.2923489633626,9.285090370714686,155.294520048076,9.430712978486655,0,0,0,0,0,0,0,0
4190,2983.250797431251,140.8971592648749,9.287705366384914,1.040307055240622,9.427850605731985,0,0,0,0,0,0,0,0
4190.000000420014,2983.250860939846,140.8971495564618,9.287705367539864,1.040304500654524,9.427850598199598,0,0,0,0,0,0,0,0
4190.000000420014,2983.250860939846,140.8971495564618,9.287705367539864,1.040304500654524,9.427850598199598,0,0,0,0,0,0,0,0
4199.000000840135,2788.804605818839,150.2923489693728,9.285200270818311,155.2945200480173,9.430712979520274,0,0,0,0,0,0,0,0
4199.000000840135,2788.804605818839,150.2923489693728,9.285200270818311,155.2945200480173,9.430712979520274,0,0,0,0,0,0,0,0
4200,2987.799968035582,140.8971593144681,9.287815220026403,1.040307061787041,9.427850606788599,0,0,0,0,0,0,0,0
4200.000000421011,2987.800031694936,140.8971495830144,9.287815221184072,1.040304501138209,9.427850599238337,0,0,0,0,0,0,0,0
4200.000000421011,2987.800031694936,140.8971495830144,9.287815221184072,1.040304501138209,9.427850599238337,0,0,0,0,0,0,0,0
4209.000000842128,2793.354501456582,150.2923489748144,9.28530970737714,155.2945200479604,9.430712980550849,0,0,0,0,0,0,0,0
4209.000000842128,2793.354501456582,150.2923489748144,9.28530970737714,155.2945200479604,9.430712980550849,0,0,0,0,0,0,0,0
4210,2992.349943671752,140.8971593645258,9.287924610318335,1.040307068599555,9.42785060784184,0,0,0,0,0,0,0,0
4210.000000422009,2992.350007482136,140.8971496099893,9.287924611478731,1.040304501876925,9.427850600273667,0,0,0,0,0,0,0,0
4210.000000422009,2992.350007482136,140.8971496099893,9.287924611478731,1.040304501876925,9.427850600273667,0,0,0,0,0,0,0,0
4219.000000844166,2797.905197920772,150.292348980429,9.285418682343881,155.2945200479031,9.430712981579834,0,0,0,0,0,0,0,0
4219.000000844166,2797.905197920772,150.292348980429,9.285418682343881,155.2945200479031,9.430712981579834,0,0,0,0,0,0,0,0
4220,2996.900719663081,140.8971594154542,9.288033539213345,1.040307075633336,9.427850608894262,0,0,0,0,0,0,0,0
4220.000000423061,2996.900783632474,140.8971496366157,9.288033540376611,1.04030450251607,9.427850601307236,0,0,0,0,0,0,0,0
4220.000000423061,2996.900783632474,140.8971496366157,9.288033540376611,1.04030450251607,9.427850601307236,0,0,0,0,0,0,0,0
4229.000000846214,2802.456690555454,150.2923489859403,9.285527197666013,155.2945200478498,9.430712982604636,0,0,0,0,0,0,0,0
4229.000000846214,2802.456690555454,150.2923489859403,9.285527197666013,155.2945200478498,9.430712982604636,0,0,0,0,0,0,0,0
4230,3001.452291356156,140.8971594669165,9.288142008657958,1.040307082854277,9.427850609942892,0,0,0,0,0,0,0,0
4230.000000424063,3001.452355477131,140.8971496649112,9.288142009823964,1.040304503641086,9.427850602337882,0,0,0,0,0,0,0,0
4230.000000424063,3001.452355477131,140.8971496649112,9.288142009823964,1.040304503641086,9.427850602337882,0,0,0,0,0,0,0,0
4239.000000848223,2807.008974720979,150.2923489917017,9.285635255288607,155.2945200477922,9.430712983637205,0,0,0,0,0,0,0,0
4239.000000848223,2807.008974720979,150.2923489917017,9.285635255288607,155.2945200477922,9.430712983637205,0,0,0,0,0,0,0,0
4240,3006.00465412371,140.8971595176447,9.288250020597538,1.040307089854709,9.427850610999025,0,0,0,0,0,0,0,0
4240.000000425016,3006.004718388842,140.8971496936078,9.288250021766142,1.040304504844302,9.42785060337693,0,0,0,0,0,0,0,0
4240.000000425016,3006.004718388842,140.8971496936078,9.288250021766142,1.040304504844302,9.42785060337693,0,0,0,0,0,0,0,0
4249.000000850173,2811.562045800286,150.2923489975099,9.285742857150083,155.2945200477349,9.430712984680955,0,0,0,0,0,0,0,0
4249.000000850173,2811.562045800286,150.2923489975099,9.285742857150083,155.2945200477349,9.430712984680955,0,0,0,0,0,0,0,0
4250,3010.557803353188,140.8971595670642,9.288357576969371,1.040307096530648,9.427850612065278,0,0,0,0,0,0,0,0
4250.000000426043,3010.557867773614,140.8971497192929,9.288357578140779,1.040304505274961,9.427850604424778,0,0,0,0,0,0,0,0
4250.000000426043,3010.557867773614,140.8971497192929,9.288357578140779,1.040304505274961,9.427850604424778,0,0,0,0,0,0,0,0
4259.0000008522,2816.115899198439,150.2923490028454,9.285850005166287,155.2945200476792,9.430712985713344,0,0,0,0,0,0,0,0
4259.0000008522,2816.115899198439,150.2923490028454,9.285850005166287,155.2945200476792,9.430712985713344,0,0,0,0,0,0,0,0
4260,3015.111734430814,140.8971596178778,9.288464679686355,1.040307103693815,9.427850613120592,0,0,0,0,0,0,0,0
4260.000000427003,3015.111798996496,140.8971497479066,9.288464680860384,1.040304506596659,9.427850605462849,0,0,0,0,0,0,0,0
4260.000000427003,3015.111798996496,140.8971497479066,9.288464680860384,1.040304506596659,9.427850605462849,0,0,0,0,0,0,0,0
4269.000000854132,2820.670530331552,150.2923490086521,9.285956701253609,155.2945200476239,9.430712986752889,0,0,0,0,0,0,0,0
4269.000000854132,2820.670530331552,150.2923490086521,9.285956701253609,155.2945200476239,9.430712986752889,0,0,0,0,0,0,0,0
4270,3019.666442802798,140.8971596666437,9.288571330666837,1.040307110246527,9.427850614182038,0,0,0,0,0,0,0,0
4270.000000428031,3019.666507523913,140.8971497729172,9.288571331843674,1.04030450689856,9.427850606505878,0,0,0,0,0,0,0,0
4270.000000428031,3019.666507523913,140.8971497729172,9.288571331843674,1.04030450689856,9.427850606505878,0,0,0,0,0,0,0,0
4279.000000856182,2825.225934646208,150.2923490138347,9.286062947314042,155.2945200475706,9.430712987775474,0,0,0,0,0,0,0,0
4279.000000856182,2825.225934646208,150.2923490138347,9.286062947314042,155.2945200475706,9.430712987775474,0,0,0,0,0,0,0,0
4280,3024.221923881816,140.8971597178417,9.288677531809096,1.040307117592224,9.427850615227714,0,0,0,0,0,0,0,0
4280.00000042904,3024.221988755474,140.8971498008012,9.288677532988689,1.04030450810961,9.427850607533463,0,0,0,0,0,0,0,0
4280.00000042904,3024.221988755474,140.8971498008012,9.288677532988689,1.04030450810961,9.427850607533463,0,0,0,0,0,0,0,0
4289.000000858226,2829.78210759597,150.2923490196289,9.286168745248244,155.294520047515,9.430712988801735,0,0,0,0,0,0,0,0
4289.000000858226,2829.78210759597,150.2923490196289,9.286168745248244,155.294520047515,9.430712988801735,0,0,0,0,0,0,0,0
4290,3028.778173141566,140.8971597698165,9.288783285015763,1.040307125044098,9.427850616278466,0,0,0,0,0,0,0,0
4290.000000430039,3028.778238166395,140.8971498296723,9.288783286198081,1.040304509482151,9.427850608566287,0,0,0,0,0,0,0,0
4290.000000430039,3028.778238166395,140.8971498296723,9.288783286198081,1.040304509482151,9.427850608566287,0,0,0,0,0,0,0,0
4299.000000860167,2834.339044662306,150.2923490254345,9.286274096959035,155.2945200474608,9.430712989840346,0,0,0,0,0,0,0,0
4299.000000860167,2834.339044662306,150.2923490254345,9.286274096959035,155.2945200474608,9.430712989840346,0,0,0,0,0,0,0,0
4300,3033.33518608546,140.8971598189609,9.288888592188915,1.040307131771234,9.427850617339512,0,0,0,0,0,0,0,0
4300.000000431063,3033.33525126517,140.8971498551453,9.288888593374033,1.040304509980602,9.427850609608965,0,0,0,0,0,0,0,0
4300.000000431063,3033.33525126517,140.8971498551453,9.288888593374033,1.040304509980602,9.427850609608965,0,0,0,0,0,0,0,0
4309.000000862177,2838.896741347284,150.292349030676,9.28637900432321,155.2945200474065,9.430712990866637,0,0,0,0,0,0,0,0
4309.000000862177,2838.896741347284,150.292349030676,9.28637900432321,155.2945200474065,9.430712990866637,0,0,0,0,0,0,0,0
4310,3037.892958188802,140.8971598691305,9.288993455201812,1.040307138910106,9.427850618388206,0,0,0,0,0,0,0,0
4310.000000432022,3037.893023513494,140.8971498831572,9.288993456389544,1.040304511289068,9.427850610640466,0,0,0,0,0,0,0,0
4310.000000432022,3037.893023513494,140.8971498831572,9.288993456389544,1.040304511289068,9.427850610640466,0,0,0,0,0,0,0,0
4319.000000864175,2843.455193162804,150.2923490364282,9.2864834692153,155.2945200473538,9.43071299189714,0,0,0,0,0,0,0,0
4319.000000864175,2843.455193162804,150.2923490364282,9.2864834692153,155.2945200473538,9.43071299189714,0,0,0,0,0,0,0,0
4320,3042.451484978048,140.897159919374,9.289097875930629,1.040307145988024,9.427850619441797,0,0,0,0,0,0,0,0
4320.000000433016,3042.451550453084,140.8971499104231,9.28909787712108,1.040304512320845,9.427850611676233,0,0,0,0,0,0,0,0
4320.000000433016,3042.451550453084,140.8971499104231,9.28909787712108,1.040304512320845,9.427850611676233,0,0,0,0,0,0,0,0
4329.000000866135,2848.014395648626,150.2923490419906,9.286587493506218,155.2945200473001,9.430712992928061,0,0,0,0,0,0,0,0
4329.000000866135,2848.014395648626,150.2923490419906,9.286587493506218,155.2945200473001,9.430712992928061,0,0,0,0,0,0,0,0
4330,3047.010761995462,140.8971599689588,9.289201856244654,1.04030715295609,9.427850620495127,0,0,0,0,0,0,0,0
4330.000000434007,3047.010827620429,140.8971499370934,9.289201857437808,1.040304513259365,9.427850612711783,0,0,0,0,0,0,0,0
4330.000000434007,3047.010827620429,140.8971499370934,9.289201857437808,1.040304513259365,9.427850612711783,0,0,0,0,0,0,0,0
4339.000000868133,2852.574344359634,150.2923490475223,9.286691079053142,155.2945200472449,9.430712993955236,0,0,0,0,0,0,0,0
4339.000000868133,2852.574344359634,150.2923490475223,9.286691079053142,155.2945200472449,9.430712993955236,0,0,0,0,0,0,0,0
4340,3051.57078478978,140.8971600192588,9.28930539799993,1.040307160143068,9.427850621545183,0,0,0,0,0,0,0,0
4340.000000435031,3051.570850569629,140.897149963722,9.289305399195875,1.040304514217657,9.427850613743463,0,0,0,0,0,0,0,0
4340.000000435031,3051.570850569629,140.897149963722,9.289305399195875,1.040304514217657,9.427850613743463,0,0,0,0,0,0,0,0
4349.000000870186,2857.135034870103,150.292349053012,9.286794227706187,155.2945200471937,9.430712994977869,0,0,0,0,0,0,0,0
4349.000000870186,2857.135034870103,150.292349053012,9.286794227706187,155.2945200471937,9.430712994977869,0,0,0,0,0,0,0,0
4350,3056.131548934347,140.8971600706918,9.289408503045882,1.040307167660002,9.427850622591576,0,0,0,0,0,0,0,0
4350.000000436031,3056.131614865365,140.8971499920512,9.289408504244559,1.040304515655258,9.427850614771948,0,0,0,0,0,0,0,0
4350.000000436031,3056.131614865365,140.8971499920512,9.289408504244559,1.040304515655258,9.427850614771948,0,0,0,0,0,0,0,0
4359.000000872154,2861.696462771177,150.2923490587494,9.286896941314669,155.2945200471411,9.430712996008385,0,0,0,0,0,0,0,0
4359.000000872154,2861.696462771177,150.2923490587494,9.286896941314669,155.2945200471411,9.430712996008385,0,0,0,0,0,0,0,0
4360,3060.693050042204,140.8971601204634,9.289511173232304,1.040307174712774,9.427850623644952,0,0,0,0,0,0,0,0
4360.000000437032,3060.693116124667,140.897150018677,9.289511174433715,1.040304516617636,9.42785061580736,0,0,0,0,0,0,0,0
4360.000000437032,3060.693116124667,140.897150018677,9.289511174433715,1.040304516617636,9.42785061580736,0,0,0,0,0,0,0,0
4369.000000874211,2866.258623676933,150.2923490643164,9.286999221714508,155.2945200470872,9.430712997036702,0,0,0,0,0,0,0,0
4369.000000874211,2866.258623676933,150.2923490643164,9.286999221714508,155.2945200470872,9.430712997036702,0,0,0,0,0,0,0,0
4370,3065.255283702246,140.8971601723248,9.289613410392635,1.040307182375214,9.427850624697427,0,0,0,0,0,0,0,0
4370.000000438005,3065.255349931889,140.8971500480443,9.289613411596701,1.040304518361162,9.427850616842385,0,0,0,0,0,0,0,0
4370.000000438005,3065.255349931889,140.8971500480443,9.289613411596701,1.040304518361162,9.427850616842385,0,0,0,0,0,0,0,0
4379.000000876156,2870.821513214546,150.29234907022,9.287101070740073,155.2945200470364,9.430712998079928,0,0,0,0,0,0,0,0
4379.000000876156,2870.821513214546,150.29234907022,9.287101070740073,155.2945200470364,9.430712998079928,0,0,0,0,0,0,0,0
4380,3069.818245578409,140.8971602214057,9.289715216362481,1.040307189260934,9.427850625763046,0,0,0,0,0,0,0,0
4380.000000439044,3069.818311965135,140.8971500731175,9.289715217569388,1.040304518929689,9.42785061788938,0,0,0,0,0,0,0,0
4380.000000439044,3069.818311965135,140.8971500731175,9.289715217569388,1.040304518929689,9.42785061788938,0,0,0,0,0,0,0,0
4389.000000878194,2875.38512703866,150.2923490754632,9.287202490203804,155.2945200469809,9.43071299910812,0,0,0,0,0,0,0,0
4389.000000878194,2875.38512703866,150.2923490754632,9.287202490203804,155.2945200469809,9.43071299910812,0,0,0,0,0,0,0,0
4390,3074.381931289908,140.8971602724896,9.289816592950205,1.040307196831794,9.427850626814276,0,0,0,0,0,0,0,0
4390.000000440008,3074.381997822439,140.8971501019175,9.28981659415974,1.040304520636952,9.427850618923317,0,0,0,0,0,0,0,0
4390.000000440008,3074.381997822439,140.8971501019175,9.28981659415974,1.040304520636952,9.427850618923317,0,0,0,0,0,0,0,0
4399.000000880145,2879.949460809972,150.2923490812589,9.287303481919581,155.2945200469343,9.430713000144447,0,0,0,0,0,0,0,0
4399.000000880145,2879.949460809972,150.2923490812589,9.287303481919581,155.2945200469343,9.430713000144447,0,0,0,0,0,0,0,0
4400,3078.946336530661,140.8971603218906,9.289917541972232,1.040307203870183,9.427850627873063,0,0,0,0,0,0,0,0
4400.000000441049,3078.946403220549,140.8971501272687,9.289917543184611,1.040304521347084,9.427850619963444,0,0,0,0,0,0,0,0
4400.000000441049,3078.946403220549,140.8971501272687,9.289917543184611,1.040304521347084,9.427850619963444,0,0,0,0,0,0,0,0
4409.00000088219,2884.514510219886,150.2923490865429,9.287404047689018,155.2945200468839,9.430713001167305,0,0,0,0,0,0,0,0
4409.00000088219,2884.514510219886,150.2923490865429,9.287404047689018,155.2945200468839,9.430713001167305,0,0,0,0,0,0,0,0
4410,3083.511456965692,140.8971603729478,9.290018065226739,1.040307211472799,9.427850628919046,0,0,0,0,0,0,0,0
4410.000000442013,3083.511523801386,140.8971501560422,9.290018066441748,1.040304523086103,9.427850620992146,0,0,0,0,0,0,0,0
4410.000000442013,3083.511523801386,140.8971501560422,9.290018066441748,1.040304523086103,9.427850620992146,0,0,0,0,0,0,0,0
4419.000000884169,2889.08027096632,150.2923490924189,9.287504189314035,155.2945200468296,9.430713002200211,0,0,0,0,0,0,0,0
4419.000000884169,2889.08027096632,150.2923490924189,9.287504189314035,155.2945200468296,9.430713002200211,0,0,0,0,0,0,0,0
4420,3088.077288317348,140.897160423214,9.290118164517656,1.04030721876831,9.427850629975227,0,0,0,0,0,0,0,0
4420.00000044305,3088.077355309987,140.8971501823217,9.290118165735494,1.040304524069951,9.427850622029704,0,0,0,0,0,0,0,0
4420.00000044305,3088.077355309987,140.8971501823217,9.290118165735494,1.040304524069951,9.427850622029704,0,0,0,0,0,0,0,0
4429.000000886189,2893.646738776886,150.2923490978216,9.28760390858522,155.2945200467789,9.430713003227163,0,0,0,0,0,0,0,0
4429.000000886189,2893.646738776886,150.2923490978216,9.28760390858522,155.2945200467789,9.430713003227163,0,0,0,0,0,0,0,0
4430,3092.643826300185,140.8971604739902,9.290217841632529,1.040307226317391,9.427850631025326,0,0,0,0,0,0,0,0
4430.000000444042,3092.643893442755,140.8971502101832,9.290217842853078,1.040304525589484,9.427850623062026,0,0,0,0,0,0,0,0
4430.000000444042,3092.643893442755,140.8971502101832,9.290217842853078,1.040304525589484,9.427850623062026,0,0,0,0,0,0,0,0
4439.000000888193,2898.213909387891,150.2923491035363,9.287703207285126,155.294520046731,9.43071300425826,0,0,0,0,0,0,0,0
4439.000000888193,2898.213909387891,150.2923491035363,9.287703207285126,155.294520046731,9.43071300425826,0,0,0,0,0,0,0,0
4440,3097.211066664771,140.8971605240914,9.290317098354613,1.040307233649365,9.427850632079382,0,0,0,0,0,0,0,0
4440.000000445002,3097.211133952596,140.8971502380847,9.290317099577784,1.040304527079988,9.427850624098859,0,0,0,0,0,0,0,0
4440.000000445002,3097.211133952596,140.8971502380847,9.290317099577784,1.040304527079988,9.427850624098859,0,0,0,0,0,0,0,0
4449.000000890146,2902.781778559264,150.2923491091953,9.287802087192297,155.2945200466782,9.430713005294121,0,0,0,0,0,0,0,0
4449.000000890146,2902.781778559264,150.2923491091953,9.287802087192297,155.2945200466782,9.430713005294121,0,0,0,0,0,0,0,0
4450,3101.779005169703,140.8971605736601,9.290415936461294,1.040307240874476,9.427850633137718,0,0,0,0,0,0,0,0
4450.000000446056,3101.779072616948,140.8971502632883,9.290415937687335,1.040304527893866,9.427850625138289,0,0,0,0,0,0,0,0
4450.000000446056,3101.779072616948,140.8971502632883,9.290415937687335,1.040304527893866,9.427850625138289,0,0,0,0,0,0,0,0
4459.000000892182,2907.350342069915,150.2923491144121,9.287900550065716,155.2945200466303,9.430713006314841,0,0,0,0,0,0,0,0
4459.000000892182,2907.350342069915,150.2923491144121,9.287900550065716,155.2945200466303,9.430713006314841,0,0,0,0,0,0,0,0
4460,3106.34763758113,140.8971606245649,9.290514357709139,1.040307248564526,9.427850634181393,0,0,0,0,0,0,0,0
4460.000000447031,3106.34770517583,140.897150291657,9.29051435893785,1.040304529653938,9.42785062616448,0,0,0,0,0,0,0,0
4460.000000447031,3106.34770517583,140.897150291657,9.29051435893785,1.040304529653938,9.42785062616448,0,0,0,0,0,0,0,0
4469.0000008942,2911.919595708194,150.2923491202825,9.287998597668077,155.2945200465801,9.430713007343293,0,0,0,0,0,0,0,0
4469.0000008942,2911.919595708194,150.2923491202825,9.287998597668077,155.2945200465801,9.430713007343293,0,0,0,0,0,0,0,0
4470,3110.916959703444,140.8971606756328,9.290612363862875,1.040307256184995,9.427850635233755,0,0,0,0,0,0,0,0
4470.000000448019,3110.917027447525,140.8971503198945,9.29061236509428,1.040304531266986,9.427850627199129,0,0,0,0,0,0,0,0
4470.000000448019,3110.917027447525,140.8971503198945,9.29061236509428,1.040304531266986,9.427850627199129,0,0,0,0,0,0,0,0
4479.00000089616,2916.489535289781,150.2923491259782,9.288096231760191,155.2945200465303,9.430713008379856,0,0,0,0,0,0,0,0
4479.00000089616,2916.489535289781,150.2923491259782,9.288096231760191,155.2945200465303,9.430713008379856,0,0,0,0,0,0,0,0
4480,3115.48696735876,140.8971607253928,9.290709956681653,1.040307263520846,9.427850636293075,0,0,0,0,0,0,0,0
4480.000000449078,3115.487035263086,140.8971503451632,9.290709957915952,1.040304532158413,9.427850628239449,0,0,0,0,0,0,0,0
4480.000000449078,3115.487035263086,140.8971503451632,9.290709957915952,1.040304532158413,9.427850628239449,0,0,0,0,0,0,0,0
4489.00000089825,2921.060156646609,150.2923491312503,9.288193454078424,155.2945200464801,9.430713009402798,0,0,0,0,0,0,0,0
4489.00000089825,2921.060156646609,150.2923491312503,9.288193454078424,155.2945200464801,9.430713009402798,0,0,0,0,0,0,0,0
4490,3120.057656355654,140.8971607774592,9.290807137899055,1.040307271570997,9.42785063733994,0,0,0,0,0,0,0,0
4490.000000450022,3120.057724402621,140.8971503754292,9.290807139135927,1.040304534472194,9.4278506292694,0,0,0,0,0,0,0,0
4490.000000450022,3120.057724402621,140.8971503754292,9.290807139135927,1.040304534472194,9.4278506292694,0,0,0,0,0,0,0,0
4499.000000900135,2925.631455619092,150.2923491373352,9.288290266368397,155.2945200464313,9.43071301044594,0,0,0,0,0,0,0,0
4499.000000900135,2925.631455619092,150.2923491373352,9.288290266368397,155.2945200464313,9.43071301044594,0,0,0,0,0,0,0,0
4500,3124.629022584525,140.8971608255911,9.290903909264053,1.040307278442046,9.427850638404916,0,0,0,0,0,0,0,0
4500.000000451061,3124.629090788712,140.8971503995324,9.290903910503765,1.040304535020517,9.427850630315737,0,0,0,0,0,0,0,0
4500.000000451061,3124.629090788712,140.8971503995324,9.290903910503765,1.040304535020517,9.427850630315737,0,0,0,0,0,0,0,0
4509.000000902179,2930.203428082737,150.2923491423222,9.288386670352377,155.2945200463841,9.430713011466985,0,0,0,0,0,0,0,0
4509.000000902179,2930.203428082737,150.2923491423222,9.288386670352377,155.2945200463841,9.430713011466985,0,0,0,0,0,0,0,0
4510,3129.201061866222,140.8971608766643,9.291000272492935,1.040307286333806,9.427850639448771,0,0,0,0,0,0,0,0
4510.000000452051,3129.201130220065,140.8971504277331,9.291000273735349,1.040304536893792,9.427850631341849,0,0,0,0,0,0,0,0
4510.000000452051,3129.201130220065,140.8971504277331,9.291000273735349,1.040304536893792,9.427850631341849,0,0,0,0,0,0,0,0
4519.000000904154,2934.776069910468,150.2923491481152,9.288482667751449,155.2945200463346,9.430713012492758,0,0,0,0,0,0,0,0
4519.000000904154,2934.776069910468,150.2923491481152,9.288482667751449,155.2945200463346,9.430713012492758,0,0,0,0,0,0,0,0
4520,3133.77377011342,140.8971609266109,9.291096229310343,1.040307293785119,9.427850640497443,0,0,0,0,0,0,0,0
4520.000000453011,3133.773838612517,140.89715045548,9.291096230555379,1.040304538503634,9.427850632373291,0,0,0,0,0,0,0,0
4520.000000453011,3133.773838612517,140.89715045548,9.291096230555379,1.040304538503634,9.427850632373291,0,0,0,0,0,0,0,0
4529.000000906179,2939.349377006165,150.2923491538655,9.288578260289341,155.2945200462886,9.430713013524226,0,0,0,0,0,0,0,0
4529.000000906179,2939.349377006165,150.2923491538655,9.288578260289341,155.2945200462886,9.430713013524226,0,0,0,0,0,0,0,0
4530,3138.347143211789,140.8971609777043,9.291191781438039,1.040307301568744,9.427850641552764,0,0,0,0,0,0,0,0
4530.000000454037,3138.347211866043,140.89715048286,9.291191782685877,1.040304540047506,9.427850633410216,0,0,0,0,0,0,0,0
4530.000000454037,3138.347211866043,140.89715048286,9.291191782685877,1.040304540047506,9.427850633410216,0,0,0,0,0,0,0,0
4539.000000908144,2943.923345288337,150.2923491593732,9.288673449675223,155.2945200462387,9.430713014556598,0,0,0,0,0,0,0,0
4539.000000908144,2943.923345288337,150.2923491593732,9.288673449675223,155.2945200462387,9.430713014556598,0,0,0,0,0,0,0,0
4540,3142.92117709892,140.8971610271117,9.291286930584096,1.04030730898073,9.427850642607371,0,0,0,0,0,0,0,0
4540.000000455041,3142.92124590503,140.8971505090584,9.291286931834673,1.0403045413525,9.427850634446813,0,0,0,0,0,0,0,0
4540.000000455041,3142.92124590503,140.8971505090584,9.291286931834673,1.0403045413525,9.427850634446813,0,0,0,0,0,0,0,0
4549.000000910173,2948.497970691389,150.2923491648162,9.288768237604208,155.2945200461909,9.430713015581366,0,0,0,0,0,0,0,0
4549.000000910173,2948.497970691389,150.2923491648162,9.288768237604208,155.2945200461909,9.430713015581366,0,0,0,0,0,0,0,0
4550,3147.495867692406,140.8971610778287,9.291381678442296,1.040307316771176,9.427850643655164,0,0,0,0,0,0,0,0
4550.000000456001,3147.495936643632,140.8971505375967,9.291381679695492,1.040304543307006,9.427850635477395,0,0,0,0,0,0,0,0
4550.000000456001,3147.495936643632,140.8971505375967,9.291381679695492,1.040304543307006,9.427850635477395,0,0,0,0,0,0,0,0
4559.000000912123,2953.073249164494,150.2923491706591,9.288862625774682,155.2945200461434,9.430713016615154,0,0,0,0,0,0,0,0
4559.000000912123,2953.073249164494,150.2923491706591,9.288862625774682,155.2945200461434,9.430713016615154,0,0,0,0,0,0,0,0
4560,3152.071210961662,140.8971611274485,9.291476026712186,1.040307324211823,9.427850644711695,0,0,0,0,0,0,0,0
4560.000000457083,3152.071280076571,140.8971505621997,9.291476027968338,1.040304544164938,9.427850636514513,0,0,0,0,0,0,0,0
4560.000000457083,3152.071280076571,140.8971505621997,9.291476027968338,1.040304544164938,9.427850636514513,0,0,0,0,0,0,0,0
4569.000000914237,2957.649176682979,150.2923491757952,9.288956615866869,155.2945200460979,9.430713017630831,0,0,0,0,0,0,0,0
4569.000000914237,2957.649176682979,150.2923491757952,9.288956615866869,155.2945200460979,9.430713017630831,0,0,0,0,0,0,0,0
4570,3156.647202849532,140.8971611801863,9.291569977070131,1.040307332637349,9.427850645751723,0,0,0,0,0,0,0,0
4570.000000458047,3156.647272110245,140.8971505926536,9.291569978328914,1.040304546726863,9.427850637537261,0,0,0,0,0,0,0,0
4570.000000458047,3156.647272110245,140.8971505926536,9.291569978328914,1.040304546726863,9.427850637537261,0,0,0,0,0,0,0,0
4579.000000916203,2962.225749223693,150.2923491819291,9.289050209569936,155.2945200460496,9.430713018668722,0,0,0,0,0,0,0,0
4579.000000916203,2962.225749223693,150.2923491819291,9.289050209569936,155.2945200460496,9.430713018668722,0,0,0,0,0,0,0,0
4580,3161.223839383659,140.8971612300965,9.291663531209302,1.040307340138415,9.427850646813019,0,0,0,0,0,0,0,0
4580.000000459068,3161.223908798841,140.8971506189557,9.291663532470874,1.040304548015835,9.427850638580239,0,0,0,0,0,0,0,0
4580.000000459068,3161.223908798841,140.8971506189557,9.291663532470874,1.040304548015835,9.427850638580239,0,0,0,0,0,0,0,0
4589.000000918199,2966.802962799129,150.2923491872734,9.289143408557878,155.2945200460034,9.430713019701493,0,0,0,0,0,0,0,0
4589.000000918199,2966.802962799129,150.2923491872734,9.289143408557878,155.2945200460034,9.430713019701493,0,0,0,0,0,0,0,0
4590,3165.801116547675,140.8971612802183,9.291756690798882,1.040307347874814,9.427850647868349,0,0,0,0,0,0,0,0
4590.000000460073,3165.80118611485,140.8971506458475,9.291756692063199,1.04030454963971,9.427850639617544,0,0,0,0,0,0,0,0
4590.000000460073,3165.80118611485,140.8971506458475,9.291756692063199,1.04030454963971,9.427850639617544,0,0,0,0,0,0,0,0
4599.000000920259,2971.380813424723,150.292349192896,9.289236214488986,155.2945200459577,9.430713020731275,0,0,0,0,0,0,0,0
4599.000000920259,2971.380813424723,150.292349192896,9.289236214488986,155.2945200459577,9.430713020731275,0,0,0,0,0,0,0,0
4600,3170.379030355637,140.8971613319949,9.291849457497573,1.04030735601187,9.427850648922147,0,0,0,0,0,0,0,0
4600.00000046107,3170.379100073567,140.8971506745834,9.291849458764608,1.040304551714025,9.427850640653471,0,0,0,0,0,0,0,0
4600.00000046107,3170.379100073567,140.8971506745834,9.291849458764608,1.040304551714025,9.427850640653471,0,0,0,0,0,0,0,0
4609.000000922217,2975.95929713744,150.2923491986811,9.289328629027558,155.2945200459118,9.43071302177049,0,0,0,0,0,0,0,0
4609.000000922217,2975.95929713744,150.2923491986811,9.289328629027558,155.2945200459118,9.43071302177049,0,0,0,0,0,0,0,0
4610,3174.957576869308,140.8971613817892,9.291941832970231,1.040307363614562,9.427850649984116,0,0,0,0,0,0,0,0
4610.000000462031,3174.957646732492,140.897150702178,9.291941834239887,1.040304553475245,9.427850641698212,0,0,0,0,0,0,0,0
4610.000000462031,3174.957646732492,140.897150702178,9.291941834239887,1.040304553475245,9.427850641698212,0,0,0,0,0,0,0,0
4619.000000924143,2980.53840999318,150.292349204276,9.289420653826044,155.2945200458645,9.430713022811464,0,0,0,0,0,0,0,0
4619.000000924143,2980.53840999318,150.292349204276,9.289420653826044,155.2945200458645,9.430713022811464,0,0,0,0,0,0,0,0
4620,3179.536752139551,140.897161430304,9.292033818867413,1.04030737093965,9.42785065104653,0,0,0,0,0,0,0,0
4620.000000463051,3179.536822157067,140.8971507271055,9.292033820139856,1.040304554593771,9.427850642742335,0,0,0,0,0,0,0,0
4620.000000463051,3179.536822157067,140.8971507271055,9.292033820139856,1.040304554593771,9.427850642742335,0,0,0,0,0,0,0,0
4629.000000926168,2985.11814806422,150.2923492095118,9.289512290517415,155.2945200458212,9.430713023834338,0,0,0,0,0,0,0,0
4629.000000926168,2985.11814806422,150.2923492095118,9.289512290517415,155.2945200458212,9.430713023834338,0,0,0,0,0,0,0,0
4630,3184.116552216747,140.8971614809854,9.29212541681998,1.040307378928825,9.427850652092067,0,0,0,0,0,0,0,0
4630.00000046406,3184.116622386806,140.897150754473,9.292125418095178,1.040304556448294,9.427850643769776,0,0,0,0,0,0,0,0
4630.00000046406,3184.116622386806,140.897150754473,9.292125418095178,1.040304556448294,9.427850643769776,0,0,0,0,0,0,0,0
4639.000000928202,2989.69850743364,150.2923492151503,9.289603540739133,155.2945200457745,9.430713024856024,0,0,0,0,0,0,0,0
4639.000000928202,2989.69850743364,150.2923492151503,9.289603540739133,155.2945200457745,9.430713024856024,0,0,0,0,0,0,0,0
4640,3188.696973202239,140.8971615319929,9.29221662846712,1.040307386942061,9.427850653137293,0,0,0,0,0,0,0,0
4640.000000465056,3188.697043522915,140.8971507824608,9.292216629745036,1.040304558404321,9.427850644797141,0,0,0,0,0,0,0,0
4640.000000465056,3188.697043522915,140.8971507824608,9.292216629745036,1.040304558404321,9.427850644797141,0,0,0,0,0,0,0,0
4649.000000930183,2994.279484206673,150.2923492208245,9.289694406130163,155.2945200457286,9.430713025883536,0,0,0,0,0,0,0,0
4649.000000930183,2994.279484206673,150.2923492208245,9.289694406130163,155.2945200457286,9.430713025883536,0,0,0,0,0,0,0,0
4650,3193.278011207209,140.8971615823355,9.292307455447025,1.040307394791534,9.42785065418806,0,0,0,0,0,0,0,0
4650.000000466087,3193.278081683866,140.8971508089637,9.292307456727755,1.040304559980851,9.427850645829407,0,0,0,0,0,0,0,0
4650.000000466087,3193.278081683866,140.8971508089637,9.292307456727755,1.040304559980851,9.427850645829407,0,0,0,0,0,0,0,0
4659.000000932247,2998.861074505177,150.2923492263263,9.289784888313488,155.2945200456839,9.430713026907535,0,0,0,0,0,0,0,0
4659.000000932247,2998.861074505177,150.2923492263263,9.289784888313488,155.2945200456839,9.430713026907535,0,0,0,0,0,0,0,0
4660,3197.859662341421,140.8971616339249,9.292397899380669,1.040307403025202,9.427850655235968,0,0,0,0,0,0,0,0
4660.000000467036,3197.859732961544,140.8971508386267,9.292397900663989,1.040304562444957,9.427850646860307,0,0,0,0,0,0,0,0
4660.000000467036,3197.859732961544,140.8971508386267,9.292397900663989,1.040304562444957,9.427850646860307,0,0,0,0,0,0,0,0
4669.000000934167,3003.443274462285,150.2923492322768,9.28987498891345,155.2945200456372,9.430713027948867,0,0,0,0,0,0,0,0
4669.000000934167,3003.443274462285,150.2923492322768,9.28987498891345,155.2945200456372,9.430713027948867,0,0,0,0,0,0,0,0
4670,3202.441922768278,140.8971616829498,9.292487961893874,1.040307410511015,9.427850656299755,0,0,0,0,0,0,0,0
4670.000000468029,3202.441993538605,140.897150864695,9.292487963179905,1.040304563890158,9.427850647906284,0,0,0,0,0,0,0,0
4670.000000468029,3202.441993538605,140.897150864695,9.292487963179905,1.040304563890158,9.427850647906284,0,0,0,0,0,0,0,0
4679.00000093613,3008.026080237151,150.292349237606,9.289964709535814,155.2945200455966,9.43071302898216,0,0,0,0,0,0,0,0
4679.00000093613,3008.026080237151,150.292349237606,9.289964709535814,155.2945200455966,9.43071302898216,0,0,0,0,0,0,0,0
4680,3207.024788625387,140.8971617319789,9.292577644588716,1.04030741814557,9.427850657354638,0,0,0,0,0,0,0,0
4680.000000469094,3207.024859556785,140.8971508891068,9.292577645877657,1.040304565047097,9.427850648942066,0,0,0,0,0,0,0,0
4680.000000469094,3207.024859556785,140.8971508891068,9.292577645877657,1.040304565047097,9.427850648942066,0,0,0,0,0,0,0,0
4689.000000938287,3012.609487997606,150.2923492428431,9.290054051768728,155.2945200455496,9.430713029994214,0,0,0,0,0,0,0,0
4689.000000938287,3012.609487997606,150.2923492428431,9.290054051768728,155.2945200455496,9.430713029994214,0,0,0,0,0,0,0,0
4690,3211.608256052744,140.8971617859964,9.292666949052393,1.040307427129642,9.427850658391979,0,0,0,0,0,0,0,0
4690.000000470038,3211.608327126918,140.8971509213029,9.292666950343909,1.040304568289263,9.427850649962474,0,0,0,0,0,0,0,0
4690.000000470038,3211.608327126918,140.8971509213029,9.292666950343909,1.040304568289263,9.427850649962474,0,0,0,0,0,0,0,0
4699.000000940183,3017.193493921396,150.2923492492168,9.290143017228365,155.2945200455076,9.430713031040268,0,0,0,0,0,0,0,0
4699.000000940183,3017.193493921396,150.2923492492168,9.290143017228365,155.2945200455076,9.430713031040268,0,0,0,0,0,0,0,0
4700,3216.192321306691,140.8971618343619,9.292755876906197,1.040307434415757,9.427850659460558,0,0,0,0,0,0,0,0
4700.000000471053,3216.192392534371,140.8971509462073,9.292755878200484,1.040304569402006,9.427850651012855,0,0,0,0,0,0,0,0
4700.000000471053,3216.192392534371,140.8971509462073,9.292755878200484,1.040304569402006,9.427850651012855,0,0,0,0,0,0,0,0
4709.000000942196,3021.778094223076,150.2923492544224,9.290231607502006,155.2945200454624,9.430713032072795,0,0,0,0,0,0,0,0
4709.000000942196,3021.778094223076,150.2923492544224,9.290231607502006,155.2945200454624,9.430713032072795,0,0,0,0,0,0,0,0
4710,3220.776980538734,140.8971618848519,9.292844429729957,1.04030744251846,9.427850660515663,0,0,0,0,0,0,0,0
4710.000000472039,3220.777051915517,140.8971509739088,9.292844431026936,1.040304571508348,9.427850652050283,0,0,0,0,0,0,0,0
4710.000000472039,3220.777051915517,140.8971509739088,9.292844431026936,1.040304571508348,9.427850652050283,0,0,0,0,0,0,0,0
4719.000000944172,3026.363285112954,150.2923492600458,9.290319824165179,155.2945200454172,9.430713033105354,0,0,0,0,0,0,0,0
4719.000000944172,3026.363285112954,150.2923492600458,9.290319824165179,155.2945200454172,9.430713033105354,0,0,0,0,0,0,0,0
4720,3225.362229987461,140.8971619348374,9.292932609101641,1.040307450421077,9.427850661570828,0,0,0,0,0,0,0,0
4720.000000473025,3225.36230151335,140.897151001106,9.292932610401312,1.040304573414604,9.427850653087765,0,0,0,0,0,0,0,0
4720.000000473025,3225.36230151335,140.897151001106,9.292932610401312,1.040304573414604,9.427850653087765,0,0,0,0,0,0,0,0
4729.000000946163,3030.949062827251,150.2923492656324,9.290407668795376,155.2945200453767,9.430713034136565,0,0,0,0,0,0,0,0
4729.000000946163,3030.949062827251,150.2923492656324,9.290407668795376,155.2945200453767,9.430713034136565,0,0,0,0,0,0,0,0
4730,3229.948065882577,140.897161985145,9.29302041659764,1.040307458436138,9.427850662624902,0,0,0,0,0,0,0,0
4730.000000474065,3229.948137565821,140.8971510273638,9.293020417900154,1.040304575101404,9.427850654123178,0,0,0,0,0,0,0,0
4730.000000474065,3229.948137565821,140.8971510273638,9.293020417900154,1.040304575101404,9.427850654123178,0,0,0,0,0,0,0,0
4739.000000948176,3035.535423617092,150.2923492710204,9.290495142959257,155.294520045333,9.430713035159624,0,0,0,0,0,0,0,0
4739.000000948176,3035.535423617092,150.2923492710204,9.290495142959257,155.294520045333,9.430713035159624,0,0,0,0,0,0,0,0
4740,3234.534484478319,140.8971620353933,9.293107853783496,1.040307466494051,9.427850663670625,0,0,0,0,0,0,0,0
4740.000000475042,3234.534556309292,140.897151055034,9.293107855088671,1.040304577218273,9.427850655151376,0,0,0,0,0,0,0,0
4740.000000475042,3234.534556309292,140.897151055034,9.293107855088671,1.040304577218273,9.427850655151376,0,0,0,0,0,0,0,0
4749.000000950171,3040.122363745855,150.2923492766916,9.290582248221959,155.2945200452882,9.430713036185269,0,0,0,0,0,0,0,0
4749.000000950171,3040.122363745855,150.2923492766916,9.290582248221959,155.2945200452882,9.430713036185269,0,0,0,0,0,0,0,0
4750,3239.121482041371,140.8971620857606,9.293194922224794,1.040307474545136,9.427850664719417,0,0,0,0,0,0,0,0
4750.000000476015,3239.121554019522,140.8971510829072,9.293194923532628,1.04030457935044,9.427850656182715,0,0,0,0,0,0,0,0
4750.000000476015,3239.121554019522,140.8971510829072,9.293194923532628,1.04030457935044,9.427850656182715,0,0,0,0,0,0,0,0
4759.000000952128,3044.70987949653,150.2923492823631,9.290668986145034,155.2945200452459,9.430713037216185,0,0,0,0,0,0,0,0
4759.000000952128,3044.70987949653,150.2923492823631,9.290668986145034,155.2945200452459,9.430713037216185,0,0,0,0,0,0,0,0
4760,3243.709054860473,140.8971621353519,9.293281623482189,1.040307482410591,9.427850665772924,0,0,0,0,0,0,0,0
4760.000000477004,3243.709126988141,140.8971511096471,9.293281624792721,1.04030458120294,9.427850657218499,0,0,0,0,0,0,0,0
4760.000000477004,3243.709126988141,140.8971511096471,9.293281624792721,1.04030458120294,9.427850657218499,0,0,0,0,0,0,0,0
4769.000000954124,3049.297967167901,150.2923492878625,9.290755358276307,155.2945200452045,9.430713038244139,0,0,0,0,0,0,0,0
4769.000000954124,3049.297967167901,150.2923492878625,9.290755358276307,155.2945200452045,9.430713038244139,0,0,0,0,0,0,0,0
4770,3248.297199224563,140.8971621857536,9.293367959101879,1.040307490542778,9.427850666823828,0,0,0,0,0,0,0,0
4770.000000478061,3248.2972715122,140.8971511355996,9.293367960415299,1.040304582901763,9.427850658250433,0,0,0,0,0,0,0,0
4770.000000478061,3248.2972715122,140.8971511355996,9.293367960415299,1.040304582901763,9.427850658250433,0,0,0,0,0,0,0,0
4779.000000956195,3053.886623073261,150.2923492932499,9.290841366153218,155.2945200451611,9.430713039262697,0,0,0,0,0,0,0,0
4779.000000956195,3053.886623073261,150.2923492932499,9.290841366153218,155.2945200451611,9.430713039262697,0,0,0,0,0,0,0,0
4780,3252.885911443451,140.8971622377931,9.293453930620487,1.040307499147099,9.427850667866442,0,0,0,0,0,0,0,0
4780.000000479004,3252.88598387359,140.8971511658597,9.293453931936483,1.040304585775241,9.427850659276151,0,0,0,0,0,0,0,0
4780.000000479004,3252.88598387359,140.8971511658597,9.293453931936483,1.040304585775241,9.427850659276151,0,0,0,0,0,0,0,0
4789.000000958138,3058.475843536566,150.2923492993355,9.29092701132401,155.2945200451176,9.430713040302836,0,0,0,0,0,0,0,0
4789.000000958138,3058.475843536566,150.2923492993355,9.29092701132401,155.2945200451176,9.430713040302836,0,0,0,0,0,0,0,0
4790,3257.47518787621,140.8971622870817,9.293539539588622,1.040307506903951,9.42785066892945,0,0,0,0,0,0,0,0
4790.000000480044,3257.475260463705,140.8971511910985,9.293539540907457,1.040304587203833,9.427850660320498,0,0,0,0,0,0,0,0
4790.000000480044,3257.475260463705,140.8971511910985,9.293539540907457,1.040304587203833,9.427850660320498,0,0,0,0,0,0,0,0
4799.000000960194,3063.06562491061,150.2923493046146,9.291012295314545,155.2945200450753,9.430713041330849,0,0,0,0,0,0,0,0
4799.000000960194,3063.06562491061,150.2923493046146,9.291012295314545,155.2945200450753,9.430713041330849,0,0,0,0,0,0,0,0
4800,3262.065024836558,140.8971623384571,9.293624787527145,1.040307515392609,9.427850669980836,0,0,0,0,0,0,0,0
4800.000000481029,3262.065097573018,140.8971512197066,9.293624788848668,1.04030458970166,9.427850661354215,0,0,0,0,0,0,0,0
4800.000000481029,3262.065097573018,140.8971512197066,9.293624788848668,1.04030458970166,9.427850661354215,0,0,0,0,0,0,0,0
4809.000000962146,3067.655963548807,150.2923493103601,9.291097219647467,155.2945200450368,9.430713042366055,0,0,0,0,0,0,0,0
4809.000000962146,3067.655963548807,150.2923493103601,9.291097219647467,155.2945200450368,9.430713042366055,0,0,0,0,0,0,0,0
4810,3266.655418713798,140.8971623878283,9.293709675961225,1.040307523276388,9.42785067103839,0,0,0,0,0,0,0,0
4810.000000482045,3266.655491603901,140.8971512455956,9.293709677285523,1.040304591406533,9.427850662393556,0,0,0,0,0,0,0,0
4810.000000482045,3266.655491603901,140.8971512455956,9.293709677285523,1.040304591406533,9.427850662393556,0,0,0,0,0,0,0,0
4819.000000964152,3072.246855831241,150.2923493157114,9.291181785836839,155.294520044993,9.430713043391291,0,0,0,0,0,0,0,0
4819.000000964152,3072.246855831241,150.2923493157114,9.291181785836839,155.294520044993,9.430713043391291,0,0,0,0,0,0,0,0
4820,3271.246365863959,140.8971624383243,9.293794206402094,1.040307531554996,9.427850672086372,0,0,0,0,0,0,0,0
4820.000000483005,3271.246438899315,140.8971512738918,9.293794207729007,1.040304593843665,9.427850663424314,0,0,0,0,0,0,0,0
4820.000000483005,3271.246438899315,140.8971512738918,9.293794207729007,1.040304593843665,9.427850663424314,0,0,0,0,0,0,0,0
4829.000000966143,3076.83829814412,150.2923493215352,9.291265995395804,155.2945200449492,9.430713044423422,0,0,0,0,0,0,0,0
4829.000000966143,3076.83829814412,150.2923493215352,9.291265995395804,155.2945200449492,9.430713044423422,0,0,0,0,0,0,0,0
4830,3275.837862688397,140.8971624886534,9.293878380364328,1.040307539710658,9.427850673141739,0,0,0,0,0,0,0,0
4830.000000484069,3275.837935884546,140.8971512996456,9.293878381694149,1.040304595532773,9.427850664460616,0,0,0,0,0,0,0,0
4830.000000484069,3275.837935884546,140.8971512996456,9.293878381694149,1.040304595532773,9.427850664460616,0,0,0,0,0,0,0,0
4839.000000968193,3081.430286898956,150.2923493267962,9.291349849826638,155.294520044907,9.430713045444699,0,0,0,0,0,0,0,0
4839.000000968193,3081.430286898956,150.2923493267962,9.291349849826638,155.294520044907,9.430713045444699,0,0,0,0,0,0,0,0
4840,3280.429905586112,140.8971625400184,9.293962199347412,1.04030754827289,9.427850674186452,0,0,0,0,0,0,0,0
4840.000000485066,3280.429978933152,140.8971513279489,9.293962200679958,1.04030459802673,9.427850665487441,0,0,0,0,0,0,0,0
4840.000000485066,3280.429978933152,140.8971513279489,9.293962200679958,1.04030459802673,9.427850665487441,0,0,0,0,0,0,0,0
4849.000000970211,3086.022818511256,150.2923493326452,9.291433350629728,155.2945200448696,9.430713046473704,0,0,0,0,0,0,0,0
4849.000000970211,3086.022818511256,150.2923493326452,9.291433350629728,155.2945200448696,9.430713046473704,0,0,0,0,0,0,0,0
4850,3285.022490991234,140.8971625908561,9.29404566485343,1.04030755659364,9.427850675239151,0,0,0,0,0,0,0,0
4850.000000486079,3285.022564491503,140.8971513553675,9.294045666188744,1.040304600185168,9.427850666521969,0,0,0,0,0,0,0,0
4850.000000486079,3285.022564491503,140.8971513553675,9.294045666188744,1.040304600185168,9.427850666521969,0,0,0,0,0,0,0,0
4859.000000972188,3090.615889421888,150.2923493381644,9.291516499300995,155.2945200448273,9.430713047504353,0,0,0,0,0,0,0,0
4859.000000972188,3090.615889421888,150.2923493381644,9.291516499300995,155.2945200448273,9.430713047504353,0,0,0,0,0,0,0,0
4860,3289.61561534387,140.897162640676,9.294128778376374,1.040307564730991,9.427850676292392,0,0,0,0,0,0,0,0
4860.000000487058,3289.615688992142,140.8971513825672,9.294128779714358,1.040304602370411,9.427850667557662,0,0,0,0,0,0,0,0
4860.000000487058,3289.615688992142,140.8971513825672,9.294128779714358,1.040304602370411,9.427850667557662,0,0,0,0,0,0,0,0
4869.000000974217,3095.209496080544,150.2923493438311,9.291599297323607,155.2945200447909,9.430713048535527,0,0,0,0,0,0,0,0
4869.000000974217,3095.209496080544,150.2923493438311,9.291599297323607,155.2945200447909,9.430713048535527,0,0,0,0,0,0,0,0
4870,3294.209275083081,140.8971626917687,9.294211541398722,1.040307573190821,9.427850677347168,0,0,0,0,0,0,0,0
4870.000000488038,3294.209348879494,140.8971514110186,9.294211542739376,1.040304604872599,9.427850668594864,0,0,0,0,0,0,0,0
4870.000000488038,3294.209348879494,140.8971514110186,9.294211542739376,1.040304604872599,9.427850668594864,0,0,0,0,0,0,0,0
4879.000000976203,3099.803634953655,150.2923493496207,9.291681746180526,155.2945200447473,9.430713049575077,0,0,0,0,0,0,0,0
4879.000000976203,3099.803634953655,150.2923493496207,9.291681746180526,155.2945200447473,9.430713049575077,0,0,0,0,0,0,0,0
4880,3298.803466688456,140.8971627423305,9.294293955403521,1.040307581503465,9.427850678410053,0,0,0,0,0,0,0,0
4880.000000489019,3298.803540633284,140.8971514388972,9.294293956746854,1.040304607216539,9.427850669640151,0,0,0,0,0,0,0,0
4880.000000489019,3298.803540633284,140.8971514388972,9.294293956746854,1.040304607216539,9.427850669640151,0,0,0,0,0,0,0,0
4889.000000978121,3104.398302524502,150.2923493552323,9.291763847345482,155.2945200447078,9.430713050617868,0,0,0,0,0,0,0,0
4889.000000978121,3104.398302524502,150.2923493552323,9.291763847345482,155.2945200447078,9.430713050617868,0,0,0,0,0,0,0,0
4890,3303.398186654887,140.8971627905414,9.294376021863373,1.040307589251043,9.427850679474036,0,0,0,0,0,0,0,0
4890.000000490051,3303.398260755832,140.8971514632475,9.294376023209528,1.04030460868564,9.427850670685624,0,0,0,0,0,0,0,0
4890.000000490051,3303.398260755832,140.8971514632475,9.294376023209528,1.04030460868564,9.427850670685624,0,0,0,0,0,0,0,0
4899.00000098019,3108.993495292391,150.2923493603317,9.291845602271222,155.2945200446685,9.430713051637758,0,0,0,0,0,0,0,0
4899.00000098019,3108.993495292391,150.2923493603317,9.291845602271222,155.2945200446685,9.430713051637758,0,0,0,0,0,0,0,0
4900,3307.993431441872,140.8971628424058,9.294457742228159,1.040307598081041,9.42785068051732,0,0,0,0,0,0,0,0
4900.000000491043,3307.993505692746,140.8971514921974,9.294457743577022,1.040304611486084,9.427850671711122,0,0,0,0,0,0,0,0
4900.000000491043,3307.993505692746,140.8971514921974,9.294457743577022,1.040304611486084,9.427850671711122,0,0,0,0,0,0,0,0
4909.000000982163,3113.58920976153,150.2923493662188,9.291927012422931,155.2945200446259,9.430713052667048,0,0,0,0,0,0,0,0
4909.000000982163,3113.58920976153,150.2923493662188,9.291927012422931,155.2945200446259,9.430713052667048,0,0,0,0,0,0,0,0
4910,3312.589197597332,140.8971628926571,9.294539117966679,1.040307606343535,9.427850681569838,0,0,0,0,0,0,0,0
4910.000000492009,3312.589271994421,140.8971515201018,9.294539119318175,1.040304613868381,9.427850672746306,0,0,0,0,0,0,0,0
4910.000000492009,3312.589271994421,140.8971515201018,9.294539119318175,1.040304613868381,9.427850672746306,0,0,0,0,0,0,0,0
4919.000000984128,3118.185442462815,150.2923493719118,9.292008079263876,155.2945200445876,9.430713053702325,0,0,0,0,0,0,0,0
4919.000000984128,3118.185442462815,150.2923493719118,9.292008079263876,155.2945200445876,9.430713053702325,0,0,0,0,0,0,0,0
4920,3317.185481644327,140.8971629418225,9.294620150539858,1.040307614376884,9.427850682627369,0,0,0,0,0,0,0,0
4920.000000493035,3317.185556196569,140.8971515455538,9.294620151894158,1.040304615661974,9.427850673785438,0,0,0,0,0,0,0,0
4920.000000493035,3317.185556196569,140.8971515455538,9.294620151894158,1.040304615661974,9.427850673785438,0,0,0,0,0,0,0,0
4929.000000986167,3122.782189939102,150.2923493771974,9.29208880423465,155.2945200445513,9.430713054724798,0,0,0,0,0,0,0,0
4929.000000986167,3122.782189939102,150.2923493771974,9.29208880423465,155.2945200445513,9.430713054724798,0,0,0,0,0,0,0,0
4930,3321.78228010472,140.8971629931405,9.29470084138592,1.040307623076703,9.427850683673151,0,0,0,0,0,0,0,0
4930.000000494034,3321.782354807991,140.897151573789,9.294700842742945,1.040304618287985,9.427850674813312,0,0,0,0,0,0,0,0
4930.000000494034,3321.782354807991,140.897151573789,9.294700842742945,1.040304618287985,9.427850674813312,0,0,0,0,0,0,0,0
4939.000000988161,3127.379448741307,150.2923493829499,9.292169188778928,155.294520044509,9.430713055753044,0,0,0,0,0,0,0,0
4939.000000988161,3127.379448741307,150.2923493829499,9.292169188778928,155.294520044509,9.430713055753044,0,0,0,0,0,0,0,0
4940,3326.379589555488,140.897163043649,9.294781191950488,1.040307631486048,9.427850684724719,0,0,0,0,0,0,0,0
4940.000000495029,3326.379664409238,140.8971516012989,9.294781193310232,1.04030462064565,9.427850675847035,0,0,0,0,0,0,0,0
4940.000000495029,3326.379664409238,140.8971516012989,9.294781193310232,1.04030462064565,9.427850675847035,0,0,0,0,0,0,0,0
4949.000000990167,3131.97721544249,150.2923493885935,9.292249234337158,155.2945200444684,9.430713056784253,0,0,0,0,0,0,0,0
4949.000000990167,3131.97721544249,150.2923493885935,9.292249234337158,155.2945200444684,9.430713056784253,0,0,0,0,0,0,0,0
4950,3330.977406560479,140.8971630944552,9.294861203672326,1.040307640012086,9.427850685779383,0,0,0,0,0,0,0,0
4950.000000496075,3330.977481572408,140.8971516279292,9.294861205034923,1.040304622810234,9.427850676882946,0,0,0,0,0,0,0,0
4950.000000496075,3330.977481572408,140.8971516279292,9.294861205034923,1.040304622810234,9.427850676882946,0,0,0,0,0,0,0,0
4959.000000992197,3136.575486628301,150.2923493940224,9.292328942336244,155.2945200444298,9.430713057810694,0,0,0,0,0,0,0,0
4959.000000992197,3136.575486628301,150.2923493940224,9.292328942336244,155.2945200444298,9.430713057810694,0,0,0,0,0,0,0,0
4960,3335.575727709821,140.8971631449975,9.294940877977201,1.040307648528368,9.427850686828783,0,0,0,0,0,0,0,0
4960.000000497021,3335.5758028648,140.8971516566081,9.294940879342382,1.040304625573546,9.427850677915378,0,0,0,0,0,0,0,0
4960.000000497021,3335.5758028648,140.8971516566081,9.294940879342382,1.040304625573546,9.427850677915378,0,0,0,0,0,0,0,0
4969.00000099414,3141.17425889474,150.2923493998541,9.292408314203579,155.294520044393,9.430713058846807,0,0,0,0,0,0,0,0
4969.00000099414,3141.17425889474,150.2923493998541,9.292408314203579,155.294520044393,9.430713058846807,0,0,0,0,0,0,0,0
4970,3340.174549609568,140.8971631945256,9.295020216293443,1.040307656712794,9.427850687887506,0,0,0,0,0,0,0,0
4970.000000498047,3340.174624919839,140.8971516824018,9.295020217661428,1.040304627512684,9.427850678955691,0,0,0,0,0,0,0,0
4970.000000498047,3340.174624919839,140.8971516824018,9.295020217661428,1.040304627512684,9.427850678955691,0,0,0,0,0,0,0,0
4979.000000996171,3145.773528860376,150.2923494052199,9.292487351353097,155.2945200443537,9.430713059873124,0,0,0,0,0,0,0,0
4979.000000996171,3145.773528860376,150.2923494052199,9.292487351353097,155.2945200443537,9.430713059873124,0,0,0,0,0,0,0,0
4980,3344.773868858822,140.8971632454422,9.295099220032101,1.040307665373015,9.427850688936921,0,0,0,0,0,0,0,0
4980.000000499012,3344.773944315033,140.8971517110135,9.295099221402717,1.040304630303768,9.427850679987793,0,0,0,0,0,0,0,0
4980.000000499012,3344.773944315033,140.8971517110135,9.295099221402717,1.040304630303768,9.427850679987793,0,0,0,0,0,0,0,0
4989.000000998181,3150.373293148158,150.2923494110876,9.292566055198996,155.2945200443172,9.430713060908362,0,0,0,0,0,0,0,0
4989.000000998181,3150.373293148158,150.2923494110876,9.292566055198996,155.2945200443172,9.430713060908362,0,0,0,0,0,0,0,0
4990,3349.373682096862,140.8971632963528,9.295177890609066,1.040307673946655,9.42785068999585,0,0,0,0,0,0,0,0
4990.000000500087,3349.373757715653,140.8971517370755,9.29517789198262,1.040304632338941,9.427850681027447,0,0,0,0,0,0,0,0
4990.000000500087,3349.373757715653,140.8971517370755,9.29517789198262,1.040304632338941,9.427850681027447,0,0,0,0,0,0,0,0
4999.000001000254,3154.973548405881,150.2923494164366,9.292644427145397,155.2945200442787,9.430713061935066,0,0,0,0,0,0,0,0
4999.000001000254,3154.973548405881,150.2923494164366,9.292644427145397,155.2945200442787,9.430713061935066,0,0,0,0,0,0,0,0
5000,3353.973985958698,140.897163348499,9.295256229425721,1.040307682968532,9.427850691046617,0,0,0,0,0,0,0,0
5000,3353.973985958698,140.897163348499,9.295256229425721,1.040307682968532,9.427850691046617,0,0,0,0,0,0,0,0
